income_group,target_pop,hs_constraints,vaccine_doses,vaccine,max_coverage,age_groups_covered,vacc_start,dt,repetition,seeding_cases,variant_fold_reduction,dose_3_fold_increase,vacc_per_week,ab_model_infection,scenario,name
HIC,1000000,Present,2,Pfizer,0.8,5,1/1/2021,0.5,1,10,1,6,0.025,FALSE,1,scenario2
HIC,1000000,Present,2,Pfizer,0.8,5,1/1/2021,0.5,1,10,1,6,0.025,TRUE,2,scenario2
HIC,1000000,Present,2,Pfizer,0.8,5,1/1/2021,0.5,2,10,1,6,0.025,FALSE,3,scenario2
HIC,1000000,Present,2,Pfizer,0.8,5,1/1/2021,0.5,2,10,1,6,0.025,TRUE,4,scenario2
HIC,1000000,Present,2,Pfizer,0.8,5,1/1/2021,0.5,3,10,1,6,0.025,FALSE,5,scenario2
HIC,1000000,Present,2,Pfizer,0.8,5,1/1/2021,0.5,3,10,1,6,0.025,TRUE,6,scenario2
HIC,1000000,Present,2,Pfizer,0.8,5,1/1/2021,0.5,4,10,1,6,0.025,FALSE,7,scenario2
HIC,1000000,Present,2,Pfizer,0.8,5,1/1/2021,0.5,4,10,1,6,0.025,TRUE,8,scenario2
HIC,1000000,Present,2,Pfizer,0.8,5,1/1/2021,0.5,5,10,1,6,0.025,FALSE,9,scenario2
HIC,1000000,Present,2,Pfizer,0.8,5,1/1/2021,0.5,5,10,1,6,0.025,TRUE,10,scenario2
HIC,1000000,Present,2,Pfizer,0.8,5,1/1/2021,0.5,6,10,1,6,0.025,FALSE,11,scenario2
HIC,1000000,Present,2,Pfizer,0.8,5,1/1/2021,0.5,6,10,1,6,0.025,TRUE,12,scenario2
HIC,1000000,Present,2,Pfizer,0.8,5,1/1/2021,0.5,7,10,1,6,0.025,FALSE,13,scenario2
HIC,1000000,Present,2,Pfizer,0.8,5,1/1/2021,0.5,7,10,1,6,0.025,TRUE,14,scenario2
HIC,1000000,Present,2,Pfizer,0.8,5,1/1/2021,0.5,8,10,1,6,0.025,FALSE,15,scenario2
HIC,1000000,Present,2,Pfizer,0.8,5,1/1/2021,0.5,8,10,1,6,0.025,TRUE,16,scenario2
HIC,1000000,Present,2,Pfizer,0.8,5,1/1/2021,0.5,9,10,1,6,0.025,FALSE,17,scenario2
HIC,1000000,Present,2,Pfizer,0.8,5,1/1/2021,0.5,9,10,1,6,0.025,TRUE,18,scenario2
HIC,1000000,Present,2,Pfizer,0.8,5,1/1/2021,0.5,10,10,1,6,0.025,FALSE,19,scenario2
HIC,1000000,Present,2,Pfizer,0.8,5,1/1/2021,0.5,10,10,1,6,0.025,TRUE,20,scenario2
HIC,1000000,Present,2,Pfizer,0.8,5,1/1/2021,0.5,11,10,1,6,0.025,FALSE,21,scenario2
HIC,1000000,Present,2,Pfizer,0.8,5,1/1/2021,0.5,11,10,1,6,0.025,TRUE,22,scenario2
HIC,1000000,Present,2,Pfizer,0.8,5,1/1/2021,0.5,12,10,1,6,0.025,FALSE,23,scenario2
HIC,1000000,Present,2,Pfizer,0.8,5,1/1/2021,0.5,12,10,1,6,0.025,TRUE,24,scenario2
HIC,1000000,Present,2,Pfizer,0.8,5,1/1/2021,0.5,13,10,1,6,0.025,FALSE,25,scenario2
HIC,1000000,Present,2,Pfizer,0.8,5,1/1/2021,0.5,13,10,1,6,0.025,TRUE,26,scenario2
HIC,1000000,Present,2,Pfizer,0.8,5,1/1/2021,0.5,14,10,1,6,0.025,FALSE,27,scenario2
HIC,1000000,Present,2,Pfizer,0.8,5,1/1/2021,0.5,14,10,1,6,0.025,TRUE,28,scenario2
HIC,1000000,Present,2,Pfizer,0.8,5,1/1/2021,0.5,15,10,1,6,0.025,FALSE,29,scenario2
HIC,1000000,Present,2,Pfizer,0.8,5,1/1/2021,0.5,15,10,1,6,0.025,TRUE,30,scenario2
HIC,1000000,Present,2,Pfizer,0.8,5,1/1/2021,0.5,16,10,1,6,0.025,FALSE,31,scenario2
HIC,1000000,Present,2,Pfizer,0.8,5,1/1/2021,0.5,16,10,1,6,0.025,TRUE,32,scenario2
HIC,1000000,Present,2,Pfizer,0.8,5,1/1/2021,0.5,17,10,1,6,0.025,FALSE,33,scenario2
HIC,1000000,Present,2,Pfizer,0.8,5,1/1/2021,0.5,17,10,1,6,0.025,TRUE,34,scenario2
HIC,1000000,Present,2,Pfizer,0.8,5,1/1/2021,0.5,18,10,1,6,0.025,FALSE,35,scenario2
HIC,1000000,Present,2,Pfizer,0.8,5,1/1/2021,0.5,18,10,1,6,0.025,TRUE,36,scenario2
HIC,1000000,Present,2,Pfizer,0.8,5,1/1/2021,0.5,19,10,1,6,0.025,FALSE,37,scenario2
HIC,1000000,Present,2,Pfizer,0.8,5,1/1/2021,0.5,19,10,1,6,0.025,TRUE,38,scenario2
HIC,1000000,Present,2,Pfizer,0.8,5,1/1/2021,0.5,20,10,1,6,0.025,FALSE,39,scenario2
HIC,1000000,Present,2,Pfizer,0.8,5,1/1/2021,0.5,20,10,1,6,0.025,TRUE,40,scenario2
HIC,1000000,Present,2,Pfizer,0.8,9,1/1/2021,0.5,1,10,1,6,0.025,FALSE,41,scenario2
HIC,1000000,Present,2,Pfizer,0.8,9,1/1/2021,0.5,1,10,1,6,0.025,TRUE,42,scenario2
HIC,1000000,Present,2,Pfizer,0.8,9,1/1/2021,0.5,2,10,1,6,0.025,FALSE,43,scenario2
HIC,1000000,Present,2,Pfizer,0.8,9,1/1/2021,0.5,2,10,1,6,0.025,TRUE,44,scenario2
HIC,1000000,Present,2,Pfizer,0.8,9,1/1/2021,0.5,3,10,1,6,0.025,FALSE,45,scenario2
HIC,1000000,Present,2,Pfizer,0.8,9,1/1/2021,0.5,3,10,1,6,0.025,TRUE,46,scenario2
HIC,1000000,Present,2,Pfizer,0.8,9,1/1/2021,0.5,4,10,1,6,0.025,FALSE,47,scenario2
HIC,1000000,Present,2,Pfizer,0.8,9,1/1/2021,0.5,4,10,1,6,0.025,TRUE,48,scenario2
HIC,1000000,Present,2,Pfizer,0.8,9,1/1/2021,0.5,5,10,1,6,0.025,FALSE,49,scenario2
HIC,1000000,Present,2,Pfizer,0.8,9,1/1/2021,0.5,5,10,1,6,0.025,TRUE,50,scenario2
HIC,1000000,Present,2,Pfizer,0.8,9,1/1/2021,0.5,6,10,1,6,0.025,FALSE,51,scenario2
HIC,1000000,Present,2,Pfizer,0.8,9,1/1/2021,0.5,6,10,1,6,0.025,TRUE,52,scenario2
HIC,1000000,Present,2,Pfizer,0.8,9,1/1/2021,0.5,7,10,1,6,0.025,FALSE,53,scenario2
HIC,1000000,Present,2,Pfizer,0.8,9,1/1/2021,0.5,7,10,1,6,0.025,TRUE,54,scenario2
HIC,1000000,Present,2,Pfizer,0.8,9,1/1/2021,0.5,8,10,1,6,0.025,FALSE,55,scenario2
HIC,1000000,Present,2,Pfizer,0.8,9,1/1/2021,0.5,8,10,1,6,0.025,TRUE,56,scenario2
HIC,1000000,Present,2,Pfizer,0.8,9,1/1/2021,0.5,9,10,1,6,0.025,FALSE,57,scenario2
HIC,1000000,Present,2,Pfizer,0.8,9,1/1/2021,0.5,9,10,1,6,0.025,TRUE,58,scenario2
HIC,1000000,Present,2,Pfizer,0.8,9,1/1/2021,0.5,10,10,1,6,0.025,FALSE,59,scenario2
HIC,1000000,Present,2,Pfizer,0.8,9,1/1/2021,0.5,10,10,1,6,0.025,TRUE,60,scenario2
HIC,1000000,Present,2,Pfizer,0.8,9,1/1/2021,0.5,11,10,1,6,0.025,FALSE,61,scenario2
HIC,1000000,Present,2,Pfizer,0.8,9,1/1/2021,0.5,11,10,1,6,0.025,TRUE,62,scenario2
HIC,1000000,Present,2,Pfizer,0.8,9,1/1/2021,0.5,12,10,1,6,0.025,FALSE,63,scenario2
HIC,1000000,Present,2,Pfizer,0.8,9,1/1/2021,0.5,12,10,1,6,0.025,TRUE,64,scenario2
HIC,1000000,Present,2,Pfizer,0.8,9,1/1/2021,0.5,13,10,1,6,0.025,FALSE,65,scenario2
HIC,1000000,Present,2,Pfizer,0.8,9,1/1/2021,0.5,13,10,1,6,0.025,TRUE,66,scenario2
HIC,1000000,Present,2,Pfizer,0.8,9,1/1/2021,0.5,14,10,1,6,0.025,FALSE,67,scenario2
HIC,1000000,Present,2,Pfizer,0.8,9,1/1/2021,0.5,14,10,1,6,0.025,TRUE,68,scenario2
HIC,1000000,Present,2,Pfizer,0.8,9,1/1/2021,0.5,15,10,1,6,0.025,FALSE,69,scenario2
HIC,1000000,Present,2,Pfizer,0.8,9,1/1/2021,0.5,15,10,1,6,0.025,TRUE,70,scenario2
HIC,1000000,Present,2,Pfizer,0.8,9,1/1/2021,0.5,16,10,1,6,0.025,FALSE,71,scenario2
HIC,1000000,Present,2,Pfizer,0.8,9,1/1/2021,0.5,16,10,1,6,0.025,TRUE,72,scenario2
HIC,1000000,Present,2,Pfizer,0.8,9,1/1/2021,0.5,17,10,1,6,0.025,FALSE,73,scenario2
HIC,1000000,Present,2,Pfizer,0.8,9,1/1/2021,0.5,17,10,1,6,0.025,TRUE,74,scenario2
HIC,1000000,Present,2,Pfizer,0.8,9,1/1/2021,0.5,18,10,1,6,0.025,FALSE,75,scenario2
HIC,1000000,Present,2,Pfizer,0.8,9,1/1/2021,0.5,18,10,1,6,0.025,TRUE,76,scenario2
HIC,1000000,Present,2,Pfizer,0.8,9,1/1/2021,0.5,19,10,1,6,0.025,FALSE,77,scenario2
HIC,1000000,Present,2,Pfizer,0.8,9,1/1/2021,0.5,19,10,1,6,0.025,TRUE,78,scenario2
HIC,1000000,Present,2,Pfizer,0.8,9,1/1/2021,0.5,20,10,1,6,0.025,FALSE,79,scenario2
HIC,1000000,Present,2,Pfizer,0.8,9,1/1/2021,0.5,20,10,1,6,0.025,TRUE,80,scenario2
HIC,1000000,Present,3,Pfizer,0.8,5,1/1/2021,0.5,1,10,1,6,0.025,FALSE,81,scenario2
HIC,1000000,Present,3,Pfizer,0.8,5,1/1/2021,0.5,1,10,1,6,0.025,TRUE,82,scenario2
HIC,1000000,Present,3,Pfizer,0.8,5,1/1/2021,0.5,2,10,1,6,0.025,FALSE,83,scenario2
HIC,1000000,Present,3,Pfizer,0.8,5,1/1/2021,0.5,2,10,1,6,0.025,TRUE,84,scenario2
HIC,1000000,Present,3,Pfizer,0.8,5,1/1/2021,0.5,3,10,1,6,0.025,FALSE,85,scenario2
HIC,1000000,Present,3,Pfizer,0.8,5,1/1/2021,0.5,3,10,1,6,0.025,TRUE,86,scenario2
HIC,1000000,Present,3,Pfizer,0.8,5,1/1/2021,0.5,4,10,1,6,0.025,FALSE,87,scenario2
HIC,1000000,Present,3,Pfizer,0.8,5,1/1/2021,0.5,4,10,1,6,0.025,TRUE,88,scenario2
HIC,1000000,Present,3,Pfizer,0.8,5,1/1/2021,0.5,5,10,1,6,0.025,FALSE,89,scenario2
HIC,1000000,Present,3,Pfizer,0.8,5,1/1/2021,0.5,5,10,1,6,0.025,TRUE,90,scenario2
HIC,1000000,Present,3,Pfizer,0.8,5,1/1/2021,0.5,6,10,1,6,0.025,FALSE,91,scenario2
HIC,1000000,Present,3,Pfizer,0.8,5,1/1/2021,0.5,6,10,1,6,0.025,TRUE,92,scenario2
HIC,1000000,Present,3,Pfizer,0.8,5,1/1/2021,0.5,7,10,1,6,0.025,FALSE,93,scenario2
HIC,1000000,Present,3,Pfizer,0.8,5,1/1/2021,0.5,7,10,1,6,0.025,TRUE,94,scenario2
HIC,1000000,Present,3,Pfizer,0.8,5,1/1/2021,0.5,8,10,1,6,0.025,FALSE,95,scenario2
HIC,1000000,Present,3,Pfizer,0.8,5,1/1/2021,0.5,8,10,1,6,0.025,TRUE,96,scenario2
HIC,1000000,Present,3,Pfizer,0.8,5,1/1/2021,0.5,9,10,1,6,0.025,FALSE,97,scenario2
HIC,1000000,Present,3,Pfizer,0.8,5,1/1/2021,0.5,9,10,1,6,0.025,TRUE,98,scenario2
HIC,1000000,Present,3,Pfizer,0.8,5,1/1/2021,0.5,10,10,1,6,0.025,FALSE,99,scenario2
HIC,1000000,Present,3,Pfizer,0.8,5,1/1/2021,0.5,10,10,1,6,0.025,TRUE,100,scenario2
HIC,1000000,Present,3,Pfizer,0.8,5,1/1/2021,0.5,11,10,1,6,0.025,FALSE,101,scenario2
HIC,1000000,Present,3,Pfizer,0.8,5,1/1/2021,0.5,11,10,1,6,0.025,TRUE,102,scenario2
HIC,1000000,Present,3,Pfizer,0.8,5,1/1/2021,0.5,12,10,1,6,0.025,FALSE,103,scenario2
HIC,1000000,Present,3,Pfizer,0.8,5,1/1/2021,0.5,12,10,1,6,0.025,TRUE,104,scenario2
HIC,1000000,Present,3,Pfizer,0.8,5,1/1/2021,0.5,13,10,1,6,0.025,FALSE,105,scenario2
HIC,1000000,Present,3,Pfizer,0.8,5,1/1/2021,0.5,13,10,1,6,0.025,TRUE,106,scenario2
HIC,1000000,Present,3,Pfizer,0.8,5,1/1/2021,0.5,14,10,1,6,0.025,FALSE,107,scenario2
HIC,1000000,Present,3,Pfizer,0.8,5,1/1/2021,0.5,14,10,1,6,0.025,TRUE,108,scenario2
HIC,1000000,Present,3,Pfizer,0.8,5,1/1/2021,0.5,15,10,1,6,0.025,FALSE,109,scenario2
HIC,1000000,Present,3,Pfizer,0.8,5,1/1/2021,0.5,15,10,1,6,0.025,TRUE,110,scenario2
HIC,1000000,Present,3,Pfizer,0.8,5,1/1/2021,0.5,16,10,1,6,0.025,FALSE,111,scenario2
HIC,1000000,Present,3,Pfizer,0.8,5,1/1/2021,0.5,16,10,1,6,0.025,TRUE,112,scenario2
HIC,1000000,Present,3,Pfizer,0.8,5,1/1/2021,0.5,17,10,1,6,0.025,FALSE,113,scenario2
HIC,1000000,Present,3,Pfizer,0.8,5,1/1/2021,0.5,17,10,1,6,0.025,TRUE,114,scenario2
HIC,1000000,Present,3,Pfizer,0.8,5,1/1/2021,0.5,18,10,1,6,0.025,FALSE,115,scenario2
HIC,1000000,Present,3,Pfizer,0.8,5,1/1/2021,0.5,18,10,1,6,0.025,TRUE,116,scenario2
HIC,1000000,Present,3,Pfizer,0.8,5,1/1/2021,0.5,19,10,1,6,0.025,FALSE,117,scenario2
HIC,1000000,Present,3,Pfizer,0.8,5,1/1/2021,0.5,19,10,1,6,0.025,TRUE,118,scenario2
HIC,1000000,Present,3,Pfizer,0.8,5,1/1/2021,0.5,20,10,1,6,0.025,FALSE,119,scenario2
HIC,1000000,Present,3,Pfizer,0.8,5,1/1/2021,0.5,20,10,1,6,0.025,TRUE,120,scenario2
HIC,1000000,Present,3,Pfizer,0.8,9,1/1/2021,0.5,1,10,1,6,0.025,FALSE,121,scenario2
HIC,1000000,Present,3,Pfizer,0.8,9,1/1/2021,0.5,1,10,1,6,0.025,TRUE,122,scenario2
HIC,1000000,Present,3,Pfizer,0.8,9,1/1/2021,0.5,2,10,1,6,0.025,FALSE,123,scenario2
HIC,1000000,Present,3,Pfizer,0.8,9,1/1/2021,0.5,2,10,1,6,0.025,TRUE,124,scenario2
HIC,1000000,Present,3,Pfizer,0.8,9,1/1/2021,0.5,3,10,1,6,0.025,FALSE,125,scenario2
HIC,1000000,Present,3,Pfizer,0.8,9,1/1/2021,0.5,3,10,1,6,0.025,TRUE,126,scenario2
HIC,1000000,Present,3,Pfizer,0.8,9,1/1/2021,0.5,4,10,1,6,0.025,FALSE,127,scenario2
HIC,1000000,Present,3,Pfizer,0.8,9,1/1/2021,0.5,4,10,1,6,0.025,TRUE,128,scenario2
HIC,1000000,Present,3,Pfizer,0.8,9,1/1/2021,0.5,5,10,1,6,0.025,FALSE,129,scenario2
HIC,1000000,Present,3,Pfizer,0.8,9,1/1/2021,0.5,5,10,1,6,0.025,TRUE,130,scenario2
HIC,1000000,Present,3,Pfizer,0.8,9,1/1/2021,0.5,6,10,1,6,0.025,FALSE,131,scenario2
HIC,1000000,Present,3,Pfizer,0.8,9,1/1/2021,0.5,6,10,1,6,0.025,TRUE,132,scenario2
HIC,1000000,Present,3,Pfizer,0.8,9,1/1/2021,0.5,7,10,1,6,0.025,FALSE,133,scenario2
HIC,1000000,Present,3,Pfizer,0.8,9,1/1/2021,0.5,7,10,1,6,0.025,TRUE,134,scenario2
HIC,1000000,Present,3,Pfizer,0.8,9,1/1/2021,0.5,8,10,1,6,0.025,FALSE,135,scenario2
HIC,1000000,Present,3,Pfizer,0.8,9,1/1/2021,0.5,8,10,1,6,0.025,TRUE,136,scenario2
HIC,1000000,Present,3,Pfizer,0.8,9,1/1/2021,0.5,9,10,1,6,0.025,FALSE,137,scenario2
HIC,1000000,Present,3,Pfizer,0.8,9,1/1/2021,0.5,9,10,1,6,0.025,TRUE,138,scenario2
HIC,1000000,Present,3,Pfizer,0.8,9,1/1/2021,0.5,10,10,1,6,0.025,FALSE,139,scenario2
HIC,1000000,Present,3,Pfizer,0.8,9,1/1/2021,0.5,10,10,1,6,0.025,TRUE,140,scenario2
HIC,1000000,Present,3,Pfizer,0.8,9,1/1/2021,0.5,11,10,1,6,0.025,FALSE,141,scenario2
HIC,1000000,Present,3,Pfizer,0.8,9,1/1/2021,0.5,11,10,1,6,0.025,TRUE,142,scenario2
HIC,1000000,Present,3,Pfizer,0.8,9,1/1/2021,0.5,12,10,1,6,0.025,FALSE,143,scenario2
HIC,1000000,Present,3,Pfizer,0.8,9,1/1/2021,0.5,12,10,1,6,0.025,TRUE,144,scenario2
HIC,1000000,Present,3,Pfizer,0.8,9,1/1/2021,0.5,13,10,1,6,0.025,FALSE,145,scenario2
HIC,1000000,Present,3,Pfizer,0.8,9,1/1/2021,0.5,13,10,1,6,0.025,TRUE,146,scenario2
HIC,1000000,Present,3,Pfizer,0.8,9,1/1/2021,0.5,14,10,1,6,0.025,FALSE,147,scenario2
HIC,1000000,Present,3,Pfizer,0.8,9,1/1/2021,0.5,14,10,1,6,0.025,TRUE,148,scenario2
HIC,1000000,Present,3,Pfizer,0.8,9,1/1/2021,0.5,15,10,1,6,0.025,FALSE,149,scenario2
HIC,1000000,Present,3,Pfizer,0.8,9,1/1/2021,0.5,15,10,1,6,0.025,TRUE,150,scenario2
HIC,1000000,Present,3,Pfizer,0.8,9,1/1/2021,0.5,16,10,1,6,0.025,FALSE,151,scenario2
HIC,1000000,Present,3,Pfizer,0.8,9,1/1/2021,0.5,16,10,1,6,0.025,TRUE,152,scenario2
HIC,1000000,Present,3,Pfizer,0.8,9,1/1/2021,0.5,17,10,1,6,0.025,FALSE,153,scenario2
HIC,1000000,Present,3,Pfizer,0.8,9,1/1/2021,0.5,17,10,1,6,0.025,TRUE,154,scenario2
HIC,1000000,Present,3,Pfizer,0.8,9,1/1/2021,0.5,18,10,1,6,0.025,FALSE,155,scenario2
HIC,1000000,Present,3,Pfizer,0.8,9,1/1/2021,0.5,18,10,1,6,0.025,TRUE,156,scenario2
HIC,1000000,Present,3,Pfizer,0.8,9,1/1/2021,0.5,19,10,1,6,0.025,FALSE,157,scenario2
HIC,1000000,Present,3,Pfizer,0.8,9,1/1/2021,0.5,19,10,1,6,0.025,TRUE,158,scenario2
HIC,1000000,Present,3,Pfizer,0.8,9,1/1/2021,0.5,20,10,1,6,0.025,FALSE,159,scenario2
HIC,1000000,Present,3,Pfizer,0.8,9,1/1/2021,0.5,20,10,1,6,0.025,TRUE,160,scenario2
UMIC,1000000,Present,2,Pfizer,0.8,5,1/1/2021,0.5,1,10,1,6,0.025,FALSE,161,scenario2
UMIC,1000000,Present,2,Pfizer,0.8,5,1/1/2021,0.5,1,10,1,6,0.025,TRUE,162,scenario2
UMIC,1000000,Present,2,Pfizer,0.8,5,1/1/2021,0.5,2,10,1,6,0.025,FALSE,163,scenario2
UMIC,1000000,Present,2,Pfizer,0.8,5,1/1/2021,0.5,2,10,1,6,0.025,TRUE,164,scenario2
UMIC,1000000,Present,2,Pfizer,0.8,5,1/1/2021,0.5,3,10,1,6,0.025,FALSE,165,scenario2
UMIC,1000000,Present,2,Pfizer,0.8,5,1/1/2021,0.5,3,10,1,6,0.025,TRUE,166,scenario2
UMIC,1000000,Present,2,Pfizer,0.8,5,1/1/2021,0.5,4,10,1,6,0.025,FALSE,167,scenario2
UMIC,1000000,Present,2,Pfizer,0.8,5,1/1/2021,0.5,4,10,1,6,0.025,TRUE,168,scenario2
UMIC,1000000,Present,2,Pfizer,0.8,5,1/1/2021,0.5,5,10,1,6,0.025,FALSE,169,scenario2
UMIC,1000000,Present,2,Pfizer,0.8,5,1/1/2021,0.5,5,10,1,6,0.025,TRUE,170,scenario2
UMIC,1000000,Present,2,Pfizer,0.8,5,1/1/2021,0.5,6,10,1,6,0.025,FALSE,171,scenario2
UMIC,1000000,Present,2,Pfizer,0.8,5,1/1/2021,0.5,6,10,1,6,0.025,TRUE,172,scenario2
UMIC,1000000,Present,2,Pfizer,0.8,5,1/1/2021,0.5,7,10,1,6,0.025,FALSE,173,scenario2
UMIC,1000000,Present,2,Pfizer,0.8,5,1/1/2021,0.5,7,10,1,6,0.025,TRUE,174,scenario2
UMIC,1000000,Present,2,Pfizer,0.8,5,1/1/2021,0.5,8,10,1,6,0.025,FALSE,175,scenario2
UMIC,1000000,Present,2,Pfizer,0.8,5,1/1/2021,0.5,8,10,1,6,0.025,TRUE,176,scenario2
UMIC,1000000,Present,2,Pfizer,0.8,5,1/1/2021,0.5,9,10,1,6,0.025,FALSE,177,scenario2
UMIC,1000000,Present,2,Pfizer,0.8,5,1/1/2021,0.5,9,10,1,6,0.025,TRUE,178,scenario2
UMIC,1000000,Present,2,Pfizer,0.8,5,1/1/2021,0.5,10,10,1,6,0.025,FALSE,179,scenario2
UMIC,1000000,Present,2,Pfizer,0.8,5,1/1/2021,0.5,10,10,1,6,0.025,TRUE,180,scenario2
UMIC,1000000,Present,2,Pfizer,0.8,5,1/1/2021,0.5,11,10,1,6,0.025,FALSE,181,scenario2
UMIC,1000000,Present,2,Pfizer,0.8,5,1/1/2021,0.5,11,10,1,6,0.025,TRUE,182,scenario2
UMIC,1000000,Present,2,Pfizer,0.8,5,1/1/2021,0.5,12,10,1,6,0.025,FALSE,183,scenario2
UMIC,1000000,Present,2,Pfizer,0.8,5,1/1/2021,0.5,12,10,1,6,0.025,TRUE,184,scenario2
UMIC,1000000,Present,2,Pfizer,0.8,5,1/1/2021,0.5,13,10,1,6,0.025,FALSE,185,scenario2
UMIC,1000000,Present,2,Pfizer,0.8,5,1/1/2021,0.5,13,10,1,6,0.025,TRUE,186,scenario2
UMIC,1000000,Present,2,Pfizer,0.8,5,1/1/2021,0.5,14,10,1,6,0.025,FALSE,187,scenario2
UMIC,1000000,Present,2,Pfizer,0.8,5,1/1/2021,0.5,14,10,1,6,0.025,TRUE,188,scenario2
UMIC,1000000,Present,2,Pfizer,0.8,5,1/1/2021,0.5,15,10,1,6,0.025,FALSE,189,scenario2
UMIC,1000000,Present,2,Pfizer,0.8,5,1/1/2021,0.5,15,10,1,6,0.025,TRUE,190,scenario2
UMIC,1000000,Present,2,Pfizer,0.8,5,1/1/2021,0.5,16,10,1,6,0.025,FALSE,191,scenario2
UMIC,1000000,Present,2,Pfizer,0.8,5,1/1/2021,0.5,16,10,1,6,0.025,TRUE,192,scenario2
UMIC,1000000,Present,2,Pfizer,0.8,5,1/1/2021,0.5,17,10,1,6,0.025,FALSE,193,scenario2
UMIC,1000000,Present,2,Pfizer,0.8,5,1/1/2021,0.5,17,10,1,6,0.025,TRUE,194,scenario2
UMIC,1000000,Present,2,Pfizer,0.8,5,1/1/2021,0.5,18,10,1,6,0.025,FALSE,195,scenario2
UMIC,1000000,Present,2,Pfizer,0.8,5,1/1/2021,0.5,18,10,1,6,0.025,TRUE,196,scenario2
UMIC,1000000,Present,2,Pfizer,0.8,5,1/1/2021,0.5,19,10,1,6,0.025,FALSE,197,scenario2
UMIC,1000000,Present,2,Pfizer,0.8,5,1/1/2021,0.5,19,10,1,6,0.025,TRUE,198,scenario2
UMIC,1000000,Present,2,Pfizer,0.8,5,1/1/2021,0.5,20,10,1,6,0.025,FALSE,199,scenario2
UMIC,1000000,Present,2,Pfizer,0.8,5,1/1/2021,0.5,20,10,1,6,0.025,TRUE,200,scenario2
UMIC,1000000,Present,2,Pfizer,0.8,9,1/1/2021,0.5,1,10,1,6,0.025,FALSE,201,scenario2
UMIC,1000000,Present,2,Pfizer,0.8,9,1/1/2021,0.5,1,10,1,6,0.025,TRUE,202,scenario2
UMIC,1000000,Present,2,Pfizer,0.8,9,1/1/2021,0.5,2,10,1,6,0.025,FALSE,203,scenario2
UMIC,1000000,Present,2,Pfizer,0.8,9,1/1/2021,0.5,2,10,1,6,0.025,TRUE,204,scenario2
UMIC,1000000,Present,2,Pfizer,0.8,9,1/1/2021,0.5,3,10,1,6,0.025,FALSE,205,scenario2
UMIC,1000000,Present,2,Pfizer,0.8,9,1/1/2021,0.5,3,10,1,6,0.025,TRUE,206,scenario2
UMIC,1000000,Present,2,Pfizer,0.8,9,1/1/2021,0.5,4,10,1,6,0.025,FALSE,207,scenario2
UMIC,1000000,Present,2,Pfizer,0.8,9,1/1/2021,0.5,4,10,1,6,0.025,TRUE,208,scenario2
UMIC,1000000,Present,2,Pfizer,0.8,9,1/1/2021,0.5,5,10,1,6,0.025,FALSE,209,scenario2
UMIC,1000000,Present,2,Pfizer,0.8,9,1/1/2021,0.5,5,10,1,6,0.025,TRUE,210,scenario2
UMIC,1000000,Present,2,Pfizer,0.8,9,1/1/2021,0.5,6,10,1,6,0.025,FALSE,211,scenario2
UMIC,1000000,Present,2,Pfizer,0.8,9,1/1/2021,0.5,6,10,1,6,0.025,TRUE,212,scenario2
UMIC,1000000,Present,2,Pfizer,0.8,9,1/1/2021,0.5,7,10,1,6,0.025,FALSE,213,scenario2
UMIC,1000000,Present,2,Pfizer,0.8,9,1/1/2021,0.5,7,10,1,6,0.025,TRUE,214,scenario2
UMIC,1000000,Present,2,Pfizer,0.8,9,1/1/2021,0.5,8,10,1,6,0.025,FALSE,215,scenario2
UMIC,1000000,Present,2,Pfizer,0.8,9,1/1/2021,0.5,8,10,1,6,0.025,TRUE,216,scenario2
UMIC,1000000,Present,2,Pfizer,0.8,9,1/1/2021,0.5,9,10,1,6,0.025,FALSE,217,scenario2
UMIC,1000000,Present,2,Pfizer,0.8,9,1/1/2021,0.5,9,10,1,6,0.025,TRUE,218,scenario2
UMIC,1000000,Present,2,Pfizer,0.8,9,1/1/2021,0.5,10,10,1,6,0.025,FALSE,219,scenario2
UMIC,1000000,Present,2,Pfizer,0.8,9,1/1/2021,0.5,10,10,1,6,0.025,TRUE,220,scenario2
UMIC,1000000,Present,2,Pfizer,0.8,9,1/1/2021,0.5,11,10,1,6,0.025,FALSE,221,scenario2
UMIC,1000000,Present,2,Pfizer,0.8,9,1/1/2021,0.5,11,10,1,6,0.025,TRUE,222,scenario2
UMIC,1000000,Present,2,Pfizer,0.8,9,1/1/2021,0.5,12,10,1,6,0.025,FALSE,223,scenario2
UMIC,1000000,Present,2,Pfizer,0.8,9,1/1/2021,0.5,12,10,1,6,0.025,TRUE,224,scenario2
UMIC,1000000,Present,2,Pfizer,0.8,9,1/1/2021,0.5,13,10,1,6,0.025,FALSE,225,scenario2
UMIC,1000000,Present,2,Pfizer,0.8,9,1/1/2021,0.5,13,10,1,6,0.025,TRUE,226,scenario2
UMIC,1000000,Present,2,Pfizer,0.8,9,1/1/2021,0.5,14,10,1,6,0.025,FALSE,227,scenario2
UMIC,1000000,Present,2,Pfizer,0.8,9,1/1/2021,0.5,14,10,1,6,0.025,TRUE,228,scenario2
UMIC,1000000,Present,2,Pfizer,0.8,9,1/1/2021,0.5,15,10,1,6,0.025,FALSE,229,scenario2
UMIC,1000000,Present,2,Pfizer,0.8,9,1/1/2021,0.5,15,10,1,6,0.025,TRUE,230,scenario2
UMIC,1000000,Present,2,Pfizer,0.8,9,1/1/2021,0.5,16,10,1,6,0.025,FALSE,231,scenario2
UMIC,1000000,Present,2,Pfizer,0.8,9,1/1/2021,0.5,16,10,1,6,0.025,TRUE,232,scenario2
UMIC,1000000,Present,2,Pfizer,0.8,9,1/1/2021,0.5,17,10,1,6,0.025,FALSE,233,scenario2
UMIC,1000000,Present,2,Pfizer,0.8,9,1/1/2021,0.5,17,10,1,6,0.025,TRUE,234,scenario2
UMIC,1000000,Present,2,Pfizer,0.8,9,1/1/2021,0.5,18,10,1,6,0.025,FALSE,235,scenario2
UMIC,1000000,Present,2,Pfizer,0.8,9,1/1/2021,0.5,18,10,1,6,0.025,TRUE,236,scenario2
UMIC,1000000,Present,2,Pfizer,0.8,9,1/1/2021,0.5,19,10,1,6,0.025,FALSE,237,scenario2
UMIC,1000000,Present,2,Pfizer,0.8,9,1/1/2021,0.5,19,10,1,6,0.025,TRUE,238,scenario2
UMIC,1000000,Present,2,Pfizer,0.8,9,1/1/2021,0.5,20,10,1,6,0.025,FALSE,239,scenario2
UMIC,1000000,Present,2,Pfizer,0.8,9,1/1/2021,0.5,20,10,1,6,0.025,TRUE,240,scenario2
UMIC,1000000,Present,3,Pfizer,0.8,5,1/1/2021,0.5,1,10,1,6,0.025,FALSE,241,scenario2
UMIC,1000000,Present,3,Pfizer,0.8,5,1/1/2021,0.5,1,10,1,6,0.025,TRUE,242,scenario2
UMIC,1000000,Present,3,Pfizer,0.8,5,1/1/2021,0.5,2,10,1,6,0.025,FALSE,243,scenario2
UMIC,1000000,Present,3,Pfizer,0.8,5,1/1/2021,0.5,2,10,1,6,0.025,TRUE,244,scenario2
UMIC,1000000,Present,3,Pfizer,0.8,5,1/1/2021,0.5,3,10,1,6,0.025,FALSE,245,scenario2
UMIC,1000000,Present,3,Pfizer,0.8,5,1/1/2021,0.5,3,10,1,6,0.025,TRUE,246,scenario2
UMIC,1000000,Present,3,Pfizer,0.8,5,1/1/2021,0.5,4,10,1,6,0.025,FALSE,247,scenario2
UMIC,1000000,Present,3,Pfizer,0.8,5,1/1/2021,0.5,4,10,1,6,0.025,TRUE,248,scenario2
UMIC,1000000,Present,3,Pfizer,0.8,5,1/1/2021,0.5,5,10,1,6,0.025,FALSE,249,scenario2
UMIC,1000000,Present,3,Pfizer,0.8,5,1/1/2021,0.5,5,10,1,6,0.025,TRUE,250,scenario2
UMIC,1000000,Present,3,Pfizer,0.8,5,1/1/2021,0.5,6,10,1,6,0.025,FALSE,251,scenario2
UMIC,1000000,Present,3,Pfizer,0.8,5,1/1/2021,0.5,6,10,1,6,0.025,TRUE,252,scenario2
UMIC,1000000,Present,3,Pfizer,0.8,5,1/1/2021,0.5,7,10,1,6,0.025,FALSE,253,scenario2
UMIC,1000000,Present,3,Pfizer,0.8,5,1/1/2021,0.5,7,10,1,6,0.025,TRUE,254,scenario2
UMIC,1000000,Present,3,Pfizer,0.8,5,1/1/2021,0.5,8,10,1,6,0.025,FALSE,255,scenario2
UMIC,1000000,Present,3,Pfizer,0.8,5,1/1/2021,0.5,8,10,1,6,0.025,TRUE,256,scenario2
UMIC,1000000,Present,3,Pfizer,0.8,5,1/1/2021,0.5,9,10,1,6,0.025,FALSE,257,scenario2
UMIC,1000000,Present,3,Pfizer,0.8,5,1/1/2021,0.5,9,10,1,6,0.025,TRUE,258,scenario2
UMIC,1000000,Present,3,Pfizer,0.8,5,1/1/2021,0.5,10,10,1,6,0.025,FALSE,259,scenario2
UMIC,1000000,Present,3,Pfizer,0.8,5,1/1/2021,0.5,10,10,1,6,0.025,TRUE,260,scenario2
UMIC,1000000,Present,3,Pfizer,0.8,5,1/1/2021,0.5,11,10,1,6,0.025,FALSE,261,scenario2
UMIC,1000000,Present,3,Pfizer,0.8,5,1/1/2021,0.5,11,10,1,6,0.025,TRUE,262,scenario2
UMIC,1000000,Present,3,Pfizer,0.8,5,1/1/2021,0.5,12,10,1,6,0.025,FALSE,263,scenario2
UMIC,1000000,Present,3,Pfizer,0.8,5,1/1/2021,0.5,12,10,1,6,0.025,TRUE,264,scenario2
UMIC,1000000,Present,3,Pfizer,0.8,5,1/1/2021,0.5,13,10,1,6,0.025,FALSE,265,scenario2
UMIC,1000000,Present,3,Pfizer,0.8,5,1/1/2021,0.5,13,10,1,6,0.025,TRUE,266,scenario2
UMIC,1000000,Present,3,Pfizer,0.8,5,1/1/2021,0.5,14,10,1,6,0.025,FALSE,267,scenario2
UMIC,1000000,Present,3,Pfizer,0.8,5,1/1/2021,0.5,14,10,1,6,0.025,TRUE,268,scenario2
UMIC,1000000,Present,3,Pfizer,0.8,5,1/1/2021,0.5,15,10,1,6,0.025,FALSE,269,scenario2
UMIC,1000000,Present,3,Pfizer,0.8,5,1/1/2021,0.5,15,10,1,6,0.025,TRUE,270,scenario2
UMIC,1000000,Present,3,Pfizer,0.8,5,1/1/2021,0.5,16,10,1,6,0.025,FALSE,271,scenario2
UMIC,1000000,Present,3,Pfizer,0.8,5,1/1/2021,0.5,16,10,1,6,0.025,TRUE,272,scenario2
UMIC,1000000,Present,3,Pfizer,0.8,5,1/1/2021,0.5,17,10,1,6,0.025,FALSE,273,scenario2
UMIC,1000000,Present,3,Pfizer,0.8,5,1/1/2021,0.5,17,10,1,6,0.025,TRUE,274,scenario2
UMIC,1000000,Present,3,Pfizer,0.8,5,1/1/2021,0.5,18,10,1,6,0.025,FALSE,275,scenario2
UMIC,1000000,Present,3,Pfizer,0.8,5,1/1/2021,0.5,18,10,1,6,0.025,TRUE,276,scenario2
UMIC,1000000,Present,3,Pfizer,0.8,5,1/1/2021,0.5,19,10,1,6,0.025,FALSE,277,scenario2
UMIC,1000000,Present,3,Pfizer,0.8,5,1/1/2021,0.5,19,10,1,6,0.025,TRUE,278,scenario2
UMIC,1000000,Present,3,Pfizer,0.8,5,1/1/2021,0.5,20,10,1,6,0.025,FALSE,279,scenario2
UMIC,1000000,Present,3,Pfizer,0.8,5,1/1/2021,0.5,20,10,1,6,0.025,TRUE,280,scenario2
UMIC,1000000,Present,3,Pfizer,0.8,9,1/1/2021,0.5,1,10,1,6,0.025,FALSE,281,scenario2
UMIC,1000000,Present,3,Pfizer,0.8,9,1/1/2021,0.5,1,10,1,6,0.025,TRUE,282,scenario2
UMIC,1000000,Present,3,Pfizer,0.8,9,1/1/2021,0.5,2,10,1,6,0.025,FALSE,283,scenario2
UMIC,1000000,Present,3,Pfizer,0.8,9,1/1/2021,0.5,2,10,1,6,0.025,TRUE,284,scenario2
UMIC,1000000,Present,3,Pfizer,0.8,9,1/1/2021,0.5,3,10,1,6,0.025,FALSE,285,scenario2
UMIC,1000000,Present,3,Pfizer,0.8,9,1/1/2021,0.5,3,10,1,6,0.025,TRUE,286,scenario2
UMIC,1000000,Present,3,Pfizer,0.8,9,1/1/2021,0.5,4,10,1,6,0.025,FALSE,287,scenario2
UMIC,1000000,Present,3,Pfizer,0.8,9,1/1/2021,0.5,4,10,1,6,0.025,TRUE,288,scenario2
UMIC,1000000,Present,3,Pfizer,0.8,9,1/1/2021,0.5,5,10,1,6,0.025,FALSE,289,scenario2
UMIC,1000000,Present,3,Pfizer,0.8,9,1/1/2021,0.5,5,10,1,6,0.025,TRUE,290,scenario2
UMIC,1000000,Present,3,Pfizer,0.8,9,1/1/2021,0.5,6,10,1,6,0.025,FALSE,291,scenario2
UMIC,1000000,Present,3,Pfizer,0.8,9,1/1/2021,0.5,6,10,1,6,0.025,TRUE,292,scenario2
UMIC,1000000,Present,3,Pfizer,0.8,9,1/1/2021,0.5,7,10,1,6,0.025,FALSE,293,scenario2
UMIC,1000000,Present,3,Pfizer,0.8,9,1/1/2021,0.5,7,10,1,6,0.025,TRUE,294,scenario2
UMIC,1000000,Present,3,Pfizer,0.8,9,1/1/2021,0.5,8,10,1,6,0.025,FALSE,295,scenario2
UMIC,1000000,Present,3,Pfizer,0.8,9,1/1/2021,0.5,8,10,1,6,0.025,TRUE,296,scenario2
UMIC,1000000,Present,3,Pfizer,0.8,9,1/1/2021,0.5,9,10,1,6,0.025,FALSE,297,scenario2
UMIC,1000000,Present,3,Pfizer,0.8,9,1/1/2021,0.5,9,10,1,6,0.025,TRUE,298,scenario2
UMIC,1000000,Present,3,Pfizer,0.8,9,1/1/2021,0.5,10,10,1,6,0.025,FALSE,299,scenario2
UMIC,1000000,Present,3,Pfizer,0.8,9,1/1/2021,0.5,10,10,1,6,0.025,TRUE,300,scenario2
UMIC,1000000,Present,3,Pfizer,0.8,9,1/1/2021,0.5,11,10,1,6,0.025,FALSE,301,scenario2
UMIC,1000000,Present,3,Pfizer,0.8,9,1/1/2021,0.5,11,10,1,6,0.025,TRUE,302,scenario2
UMIC,1000000,Present,3,Pfizer,0.8,9,1/1/2021,0.5,12,10,1,6,0.025,FALSE,303,scenario2
UMIC,1000000,Present,3,Pfizer,0.8,9,1/1/2021,0.5,12,10,1,6,0.025,TRUE,304,scenario2
UMIC,1000000,Present,3,Pfizer,0.8,9,1/1/2021,0.5,13,10,1,6,0.025,FALSE,305,scenario2
UMIC,1000000,Present,3,Pfizer,0.8,9,1/1/2021,0.5,13,10,1,6,0.025,TRUE,306,scenario2
UMIC,1000000,Present,3,Pfizer,0.8,9,1/1/2021,0.5,14,10,1,6,0.025,FALSE,307,scenario2
UMIC,1000000,Present,3,Pfizer,0.8,9,1/1/2021,0.5,14,10,1,6,0.025,TRUE,308,scenario2
UMIC,1000000,Present,3,Pfizer,0.8,9,1/1/2021,0.5,15,10,1,6,0.025,FALSE,309,scenario2
UMIC,1000000,Present,3,Pfizer,0.8,9,1/1/2021,0.5,15,10,1,6,0.025,TRUE,310,scenario2
UMIC,1000000,Present,3,Pfizer,0.8,9,1/1/2021,0.5,16,10,1,6,0.025,FALSE,311,scenario2
UMIC,1000000,Present,3,Pfizer,0.8,9,1/1/2021,0.5,16,10,1,6,0.025,TRUE,312,scenario2
UMIC,1000000,Present,3,Pfizer,0.8,9,1/1/2021,0.5,17,10,1,6,0.025,FALSE,313,scenario2
UMIC,1000000,Present,3,Pfizer,0.8,9,1/1/2021,0.5,17,10,1,6,0.025,TRUE,314,scenario2
UMIC,1000000,Present,3,Pfizer,0.8,9,1/1/2021,0.5,18,10,1,6,0.025,FALSE,315,scenario2
UMIC,1000000,Present,3,Pfizer,0.8,9,1/1/2021,0.5,18,10,1,6,0.025,TRUE,316,scenario2
UMIC,1000000,Present,3,Pfizer,0.8,9,1/1/2021,0.5,19,10,1,6,0.025,FALSE,317,scenario2
UMIC,1000000,Present,3,Pfizer,0.8,9,1/1/2021,0.5,19,10,1,6,0.025,TRUE,318,scenario2
UMIC,1000000,Present,3,Pfizer,0.8,9,1/1/2021,0.5,20,10,1,6,0.025,FALSE,319,scenario2
UMIC,1000000,Present,3,Pfizer,0.8,9,1/1/2021,0.5,20,10,1,6,0.025,TRUE,320,scenario2
HIC,1000000,Present,2,Pfizer,0,1,1/1/2021,0.5,1,10,1,6,0.025,FALSE,321,scenario2
HIC,1000000,Present,2,Pfizer,0,1,1/1/2021,0.5,1,10,1,6,0.025,TRUE,322,scenario2
HIC,1000000,Present,2,Pfizer,0,1,1/1/2021,0.5,2,10,1,6,0.025,FALSE,323,scenario2
HIC,1000000,Present,2,Pfizer,0,1,1/1/2021,0.5,2,10,1,6,0.025,TRUE,324,scenario2
HIC,1000000,Present,2,Pfizer,0,1,1/1/2021,0.5,3,10,1,6,0.025,FALSE,325,scenario2
HIC,1000000,Present,2,Pfizer,0,1,1/1/2021,0.5,3,10,1,6,0.025,TRUE,326,scenario2
HIC,1000000,Present,2,Pfizer,0,1,1/1/2021,0.5,4,10,1,6,0.025,FALSE,327,scenario2
HIC,1000000,Present,2,Pfizer,0,1,1/1/2021,0.5,4,10,1,6,0.025,TRUE,328,scenario2
HIC,1000000,Present,2,Pfizer,0,1,1/1/2021,0.5,5,10,1,6,0.025,FALSE,329,scenario2
HIC,1000000,Present,2,Pfizer,0,1,1/1/2021,0.5,5,10,1,6,0.025,TRUE,330,scenario2
HIC,1000000,Present,2,Pfizer,0,1,1/1/2021,0.5,6,10,1,6,0.025,FALSE,331,scenario2
HIC,1000000,Present,2,Pfizer,0,1,1/1/2021,0.5,6,10,1,6,0.025,TRUE,332,scenario2
HIC,1000000,Present,2,Pfizer,0,1,1/1/2021,0.5,7,10,1,6,0.025,FALSE,333,scenario2
HIC,1000000,Present,2,Pfizer,0,1,1/1/2021,0.5,7,10,1,6,0.025,TRUE,334,scenario2
HIC,1000000,Present,2,Pfizer,0,1,1/1/2021,0.5,8,10,1,6,0.025,FALSE,335,scenario2
HIC,1000000,Present,2,Pfizer,0,1,1/1/2021,0.5,8,10,1,6,0.025,TRUE,336,scenario2
HIC,1000000,Present,2,Pfizer,0,1,1/1/2021,0.5,9,10,1,6,0.025,FALSE,337,scenario2
HIC,1000000,Present,2,Pfizer,0,1,1/1/2021,0.5,9,10,1,6,0.025,TRUE,338,scenario2
HIC,1000000,Present,2,Pfizer,0,1,1/1/2021,0.5,10,10,1,6,0.025,FALSE,339,scenario2
HIC,1000000,Present,2,Pfizer,0,1,1/1/2021,0.5,10,10,1,6,0.025,TRUE,340,scenario2
HIC,1000000,Present,2,Pfizer,0,1,1/1/2021,0.5,11,10,1,6,0.025,FALSE,341,scenario2
HIC,1000000,Present,2,Pfizer,0,1,1/1/2021,0.5,11,10,1,6,0.025,TRUE,342,scenario2
HIC,1000000,Present,2,Pfizer,0,1,1/1/2021,0.5,12,10,1,6,0.025,FALSE,343,scenario2
HIC,1000000,Present,2,Pfizer,0,1,1/1/2021,0.5,12,10,1,6,0.025,TRUE,344,scenario2
HIC,1000000,Present,2,Pfizer,0,1,1/1/2021,0.5,13,10,1,6,0.025,FALSE,345,scenario2
HIC,1000000,Present,2,Pfizer,0,1,1/1/2021,0.5,13,10,1,6,0.025,TRUE,346,scenario2
HIC,1000000,Present,2,Pfizer,0,1,1/1/2021,0.5,14,10,1,6,0.025,FALSE,347,scenario2
HIC,1000000,Present,2,Pfizer,0,1,1/1/2021,0.5,14,10,1,6,0.025,TRUE,348,scenario2
HIC,1000000,Present,2,Pfizer,0,1,1/1/2021,0.5,15,10,1,6,0.025,FALSE,349,scenario2
HIC,1000000,Present,2,Pfizer,0,1,1/1/2021,0.5,15,10,1,6,0.025,TRUE,350,scenario2
HIC,1000000,Present,2,Pfizer,0,1,1/1/2021,0.5,16,10,1,6,0.025,FALSE,351,scenario2
HIC,1000000,Present,2,Pfizer,0,1,1/1/2021,0.5,16,10,1,6,0.025,TRUE,352,scenario2
HIC,1000000,Present,2,Pfizer,0,1,1/1/2021,0.5,17,10,1,6,0.025,FALSE,353,scenario2
HIC,1000000,Present,2,Pfizer,0,1,1/1/2021,0.5,17,10,1,6,0.025,TRUE,354,scenario2
HIC,1000000,Present,2,Pfizer,0,1,1/1/2021,0.5,18,10,1,6,0.025,FALSE,355,scenario2
HIC,1000000,Present,2,Pfizer,0,1,1/1/2021,0.5,18,10,1,6,0.025,TRUE,356,scenario2
HIC,1000000,Present,2,Pfizer,0,1,1/1/2021,0.5,19,10,1,6,0.025,FALSE,357,scenario2
HIC,1000000,Present,2,Pfizer,0,1,1/1/2021,0.5,19,10,1,6,0.025,TRUE,358,scenario2
HIC,1000000,Present,2,Pfizer,0,1,1/1/2021,0.5,20,10,1,6,0.025,FALSE,359,scenario2
HIC,1000000,Present,2,Pfizer,0,1,1/1/2021,0.5,20,10,1,6,0.025,TRUE,360,scenario2
UMIC,1000000,Present,2,Pfizer,0,1,1/1/2021,0.5,1,10,1,6,0.025,FALSE,361,scenario2
UMIC,1000000,Present,2,Pfizer,0,1,1/1/2021,0.5,1,10,1,6,0.025,TRUE,362,scenario2
UMIC,1000000,Present,2,Pfizer,0,1,1/1/2021,0.5,2,10,1,6,0.025,FALSE,363,scenario2
UMIC,1000000,Present,2,Pfizer,0,1,1/1/2021,0.5,2,10,1,6,0.025,TRUE,364,scenario2
UMIC,1000000,Present,2,Pfizer,0,1,1/1/2021,0.5,3,10,1,6,0.025,FALSE,365,scenario2
UMIC,1000000,Present,2,Pfizer,0,1,1/1/2021,0.5,3,10,1,6,0.025,TRUE,366,scenario2
UMIC,1000000,Present,2,Pfizer,0,1,1/1/2021,0.5,4,10,1,6,0.025,FALSE,367,scenario2
UMIC,1000000,Present,2,Pfizer,0,1,1/1/2021,0.5,4,10,1,6,0.025,TRUE,368,scenario2
UMIC,1000000,Present,2,Pfizer,0,1,1/1/2021,0.5,5,10,1,6,0.025,FALSE,369,scenario2
UMIC,1000000,Present,2,Pfizer,0,1,1/1/2021,0.5,5,10,1,6,0.025,TRUE,370,scenario2
UMIC,1000000,Present,2,Pfizer,0,1,1/1/2021,0.5,6,10,1,6,0.025,FALSE,371,scenario2
UMIC,1000000,Present,2,Pfizer,0,1,1/1/2021,0.5,6,10,1,6,0.025,TRUE,372,scenario2
UMIC,1000000,Present,2,Pfizer,0,1,1/1/2021,0.5,7,10,1,6,0.025,FALSE,373,scenario2
UMIC,1000000,Present,2,Pfizer,0,1,1/1/2021,0.5,7,10,1,6,0.025,TRUE,374,scenario2
UMIC,1000000,Present,2,Pfizer,0,1,1/1/2021,0.5,8,10,1,6,0.025,FALSE,375,scenario2
UMIC,1000000,Present,2,Pfizer,0,1,1/1/2021,0.5,8,10,1,6,0.025,TRUE,376,scenario2
UMIC,1000000,Present,2,Pfizer,0,1,1/1/2021,0.5,9,10,1,6,0.025,FALSE,377,scenario2
UMIC,1000000,Present,2,Pfizer,0,1,1/1/2021,0.5,9,10,1,6,0.025,TRUE,378,scenario2
UMIC,1000000,Present,2,Pfizer,0,1,1/1/2021,0.5,10,10,1,6,0.025,FALSE,379,scenario2
UMIC,1000000,Present,2,Pfizer,0,1,1/1/2021,0.5,10,10,1,6,0.025,TRUE,380,scenario2
UMIC,1000000,Present,2,Pfizer,0,1,1/1/2021,0.5,11,10,1,6,0.025,FALSE,381,scenario2
UMIC,1000000,Present,2,Pfizer,0,1,1/1/2021,0.5,11,10,1,6,0.025,TRUE,382,scenario2
UMIC,1000000,Present,2,Pfizer,0,1,1/1/2021,0.5,12,10,1,6,0.025,FALSE,383,scenario2
UMIC,1000000,Present,2,Pfizer,0,1,1/1/2021,0.5,12,10,1,6,0.025,TRUE,384,scenario2
UMIC,1000000,Present,2,Pfizer,0,1,1/1/2021,0.5,13,10,1,6,0.025,FALSE,385,scenario2
UMIC,1000000,Present,2,Pfizer,0,1,1/1/2021,0.5,13,10,1,6,0.025,TRUE,386,scenario2
UMIC,1000000,Present,2,Pfizer,0,1,1/1/2021,0.5,14,10,1,6,0.025,FALSE,387,scenario2
UMIC,1000000,Present,2,Pfizer,0,1,1/1/2021,0.5,14,10,1,6,0.025,TRUE,388,scenario2
UMIC,1000000,Present,2,Pfizer,0,1,1/1/2021,0.5,15,10,1,6,0.025,FALSE,389,scenario2
UMIC,1000000,Present,2,Pfizer,0,1,1/1/2021,0.5,15,10,1,6,0.025,TRUE,390,scenario2
UMIC,1000000,Present,2,Pfizer,0,1,1/1/2021,0.5,16,10,1,6,0.025,FALSE,391,scenario2
UMIC,1000000,Present,2,Pfizer,0,1,1/1/2021,0.5,16,10,1,6,0.025,TRUE,392,scenario2
UMIC,1000000,Present,2,Pfizer,0,1,1/1/2021,0.5,17,10,1,6,0.025,FALSE,393,scenario2
UMIC,1000000,Present,2,Pfizer,0,1,1/1/2021,0.5,17,10,1,6,0.025,TRUE,394,scenario2
UMIC,1000000,Present,2,Pfizer,0,1,1/1/2021,0.5,18,10,1,6,0.025,FALSE,395,scenario2
UMIC,1000000,Present,2,Pfizer,0,1,1/1/2021,0.5,18,10,1,6,0.025,TRUE,396,scenario2
UMIC,1000000,Present,2,Pfizer,0,1,1/1/2021,0.5,19,10,1,6,0.025,FALSE,397,scenario2
UMIC,1000000,Present,2,Pfizer,0,1,1/1/2021,0.5,19,10,1,6,0.025,TRUE,398,scenario2
UMIC,1000000,Present,2,Pfizer,0,1,1/1/2021,0.5,20,10,1,6,0.025,FALSE,399,scenario2
UMIC,1000000,Present,2,Pfizer,0,1,1/1/2021,0.5,20,10,1,6,0.025,TRUE,400,scenario2
