income_group,target_pop,hs_constraints,vaccine_doses,vaccine,max_coverage,age_groups_covered,age_groups_covered_d3,vacc_start,dt,repetition,seeding_cases,variant_fold_reduction,dose_3_fold_increase,vacc_per_week,ab_model_infection,t_d3,mu_ab_infection,R0_t3_in,max_Rt,max_Rt_omicron,vfr,scenario,name,strategy
HIC,1000000,Present,2,Pfizer,0.9,15,5,1/1/2021,0.25,1,10,1,6,0.05,TRUE,90,1,8/1/2021,5,7.5,4,1,rq3_hic_abmodel_zerocovid_omicron,realistic
HIC,1000000,Present,2,Pfizer,0.9,15,5,1/1/2021,0.25,1,10,1,6,0.05,TRUE,90,1,8/1/2021,5,7.5,8,2,rq3_hic_abmodel_zerocovid_omicron,realistic
HIC,1000000,Present,2,Pfizer,0.9,15,5,1/1/2021,0.25,1,10,1,6,0.05,TRUE,90,1,10/1/2021,5,7.5,4,3,rq3_hic_abmodel_zerocovid_omicron,realistic
HIC,1000000,Present,2,Pfizer,0.9,15,5,1/1/2021,0.25,1,10,1,6,0.05,TRUE,90,1,10/1/2021,5,7.5,8,4,rq3_hic_abmodel_zerocovid_omicron,realistic
HIC,1000000,Present,2,Pfizer,0.9,15,5,1/1/2021,0.25,1,10,1,6,0.05,TRUE,90,1,2/1/2022,5,7.5,4,5,rq3_hic_abmodel_zerocovid_omicron,realistic
HIC,1000000,Present,2,Pfizer,0.9,15,5,1/1/2021,0.25,1,10,1,6,0.05,TRUE,90,1,2/1/2022,5,7.5,8,6,rq3_hic_abmodel_zerocovid_omicron,realistic
HIC,1000000,Present,2,Pfizer,0.9,15,5,1/1/2021,0.25,1,10,1,6,0.05,TRUE,180,1,8/1/2021,5,7.5,4,7,rq3_hic_abmodel_zerocovid_omicron,realistic
HIC,1000000,Present,2,Pfizer,0.9,15,5,1/1/2021,0.25,1,10,1,6,0.05,TRUE,180,1,8/1/2021,5,7.5,8,8,rq3_hic_abmodel_zerocovid_omicron,realistic
HIC,1000000,Present,2,Pfizer,0.9,15,5,1/1/2021,0.25,1,10,1,6,0.05,TRUE,180,1,10/1/2021,5,7.5,4,9,rq3_hic_abmodel_zerocovid_omicron,realistic
HIC,1000000,Present,2,Pfizer,0.9,15,5,1/1/2021,0.25,1,10,1,6,0.05,TRUE,180,1,10/1/2021,5,7.5,8,10,rq3_hic_abmodel_zerocovid_omicron,realistic
HIC,1000000,Present,2,Pfizer,0.9,15,5,1/1/2021,0.25,1,10,1,6,0.05,TRUE,180,1,2/1/2022,5,7.5,4,11,rq3_hic_abmodel_zerocovid_omicron,realistic
HIC,1000000,Present,2,Pfizer,0.9,15,5,1/1/2021,0.25,1,10,1,6,0.05,TRUE,180,1,2/1/2022,5,7.5,8,12,rq3_hic_abmodel_zerocovid_omicron,realistic
HIC,1000000,Present,2,Pfizer,0.9,15,5,1/1/2021,0.25,2,10,1,6,0.05,TRUE,90,1,8/1/2021,5,7.5,4,13,rq3_hic_abmodel_zerocovid_omicron,realistic
HIC,1000000,Present,2,Pfizer,0.9,15,5,1/1/2021,0.25,2,10,1,6,0.05,TRUE,90,1,8/1/2021,5,7.5,8,14,rq3_hic_abmodel_zerocovid_omicron,realistic
HIC,1000000,Present,2,Pfizer,0.9,15,5,1/1/2021,0.25,2,10,1,6,0.05,TRUE,90,1,10/1/2021,5,7.5,4,15,rq3_hic_abmodel_zerocovid_omicron,realistic
HIC,1000000,Present,2,Pfizer,0.9,15,5,1/1/2021,0.25,2,10,1,6,0.05,TRUE,90,1,10/1/2021,5,7.5,8,16,rq3_hic_abmodel_zerocovid_omicron,realistic
HIC,1000000,Present,2,Pfizer,0.9,15,5,1/1/2021,0.25,2,10,1,6,0.05,TRUE,90,1,2/1/2022,5,7.5,4,17,rq3_hic_abmodel_zerocovid_omicron,realistic
HIC,1000000,Present,2,Pfizer,0.9,15,5,1/1/2021,0.25,2,10,1,6,0.05,TRUE,90,1,2/1/2022,5,7.5,8,18,rq3_hic_abmodel_zerocovid_omicron,realistic
HIC,1000000,Present,2,Pfizer,0.9,15,5,1/1/2021,0.25,2,10,1,6,0.05,TRUE,180,1,8/1/2021,5,7.5,4,19,rq3_hic_abmodel_zerocovid_omicron,realistic
HIC,1000000,Present,2,Pfizer,0.9,15,5,1/1/2021,0.25,2,10,1,6,0.05,TRUE,180,1,8/1/2021,5,7.5,8,20,rq3_hic_abmodel_zerocovid_omicron,realistic
HIC,1000000,Present,2,Pfizer,0.9,15,5,1/1/2021,0.25,2,10,1,6,0.05,TRUE,180,1,10/1/2021,5,7.5,4,21,rq3_hic_abmodel_zerocovid_omicron,realistic
HIC,1000000,Present,2,Pfizer,0.9,15,5,1/1/2021,0.25,2,10,1,6,0.05,TRUE,180,1,10/1/2021,5,7.5,8,22,rq3_hic_abmodel_zerocovid_omicron,realistic
HIC,1000000,Present,2,Pfizer,0.9,15,5,1/1/2021,0.25,2,10,1,6,0.05,TRUE,180,1,2/1/2022,5,7.5,4,23,rq3_hic_abmodel_zerocovid_omicron,realistic
HIC,1000000,Present,2,Pfizer,0.9,15,5,1/1/2021,0.25,2,10,1,6,0.05,TRUE,180,1,2/1/2022,5,7.5,8,24,rq3_hic_abmodel_zerocovid_omicron,realistic
HIC,1000000,Present,2,Pfizer,0.9,15,5,1/1/2021,0.25,3,10,1,6,0.05,TRUE,90,1,8/1/2021,5,7.5,4,25,rq3_hic_abmodel_zerocovid_omicron,realistic
HIC,1000000,Present,2,Pfizer,0.9,15,5,1/1/2021,0.25,3,10,1,6,0.05,TRUE,90,1,8/1/2021,5,7.5,8,26,rq3_hic_abmodel_zerocovid_omicron,realistic
HIC,1000000,Present,2,Pfizer,0.9,15,5,1/1/2021,0.25,3,10,1,6,0.05,TRUE,90,1,10/1/2021,5,7.5,4,27,rq3_hic_abmodel_zerocovid_omicron,realistic
HIC,1000000,Present,2,Pfizer,0.9,15,5,1/1/2021,0.25,3,10,1,6,0.05,TRUE,90,1,10/1/2021,5,7.5,8,28,rq3_hic_abmodel_zerocovid_omicron,realistic
HIC,1000000,Present,2,Pfizer,0.9,15,5,1/1/2021,0.25,3,10,1,6,0.05,TRUE,90,1,2/1/2022,5,7.5,4,29,rq3_hic_abmodel_zerocovid_omicron,realistic
HIC,1000000,Present,2,Pfizer,0.9,15,5,1/1/2021,0.25,3,10,1,6,0.05,TRUE,90,1,2/1/2022,5,7.5,8,30,rq3_hic_abmodel_zerocovid_omicron,realistic
HIC,1000000,Present,2,Pfizer,0.9,15,5,1/1/2021,0.25,3,10,1,6,0.05,TRUE,180,1,8/1/2021,5,7.5,4,31,rq3_hic_abmodel_zerocovid_omicron,realistic
HIC,1000000,Present,2,Pfizer,0.9,15,5,1/1/2021,0.25,3,10,1,6,0.05,TRUE,180,1,8/1/2021,5,7.5,8,32,rq3_hic_abmodel_zerocovid_omicron,realistic
HIC,1000000,Present,2,Pfizer,0.9,15,5,1/1/2021,0.25,3,10,1,6,0.05,TRUE,180,1,10/1/2021,5,7.5,4,33,rq3_hic_abmodel_zerocovid_omicron,realistic
HIC,1000000,Present,2,Pfizer,0.9,15,5,1/1/2021,0.25,3,10,1,6,0.05,TRUE,180,1,10/1/2021,5,7.5,8,34,rq3_hic_abmodel_zerocovid_omicron,realistic
HIC,1000000,Present,2,Pfizer,0.9,15,5,1/1/2021,0.25,3,10,1,6,0.05,TRUE,180,1,2/1/2022,5,7.5,4,35,rq3_hic_abmodel_zerocovid_omicron,realistic
HIC,1000000,Present,2,Pfizer,0.9,15,5,1/1/2021,0.25,3,10,1,6,0.05,TRUE,180,1,2/1/2022,5,7.5,8,36,rq3_hic_abmodel_zerocovid_omicron,realistic
HIC,1000000,Present,2,Pfizer,0.9,15,5,1/1/2021,0.25,4,10,1,6,0.05,TRUE,90,1,8/1/2021,5,7.5,4,37,rq3_hic_abmodel_zerocovid_omicron,realistic
HIC,1000000,Present,2,Pfizer,0.9,15,5,1/1/2021,0.25,4,10,1,6,0.05,TRUE,90,1,8/1/2021,5,7.5,8,38,rq3_hic_abmodel_zerocovid_omicron,realistic
HIC,1000000,Present,2,Pfizer,0.9,15,5,1/1/2021,0.25,4,10,1,6,0.05,TRUE,90,1,10/1/2021,5,7.5,4,39,rq3_hic_abmodel_zerocovid_omicron,realistic
HIC,1000000,Present,2,Pfizer,0.9,15,5,1/1/2021,0.25,4,10,1,6,0.05,TRUE,90,1,10/1/2021,5,7.5,8,40,rq3_hic_abmodel_zerocovid_omicron,realistic
HIC,1000000,Present,2,Pfizer,0.9,15,5,1/1/2021,0.25,4,10,1,6,0.05,TRUE,90,1,2/1/2022,5,7.5,4,41,rq3_hic_abmodel_zerocovid_omicron,realistic
HIC,1000000,Present,2,Pfizer,0.9,15,5,1/1/2021,0.25,4,10,1,6,0.05,TRUE,90,1,2/1/2022,5,7.5,8,42,rq3_hic_abmodel_zerocovid_omicron,realistic
HIC,1000000,Present,2,Pfizer,0.9,15,5,1/1/2021,0.25,4,10,1,6,0.05,TRUE,180,1,8/1/2021,5,7.5,4,43,rq3_hic_abmodel_zerocovid_omicron,realistic
HIC,1000000,Present,2,Pfizer,0.9,15,5,1/1/2021,0.25,4,10,1,6,0.05,TRUE,180,1,8/1/2021,5,7.5,8,44,rq3_hic_abmodel_zerocovid_omicron,realistic
HIC,1000000,Present,2,Pfizer,0.9,15,5,1/1/2021,0.25,4,10,1,6,0.05,TRUE,180,1,10/1/2021,5,7.5,4,45,rq3_hic_abmodel_zerocovid_omicron,realistic
HIC,1000000,Present,2,Pfizer,0.9,15,5,1/1/2021,0.25,4,10,1,6,0.05,TRUE,180,1,10/1/2021,5,7.5,8,46,rq3_hic_abmodel_zerocovid_omicron,realistic
HIC,1000000,Present,2,Pfizer,0.9,15,5,1/1/2021,0.25,4,10,1,6,0.05,TRUE,180,1,2/1/2022,5,7.5,4,47,rq3_hic_abmodel_zerocovid_omicron,realistic
HIC,1000000,Present,2,Pfizer,0.9,15,5,1/1/2021,0.25,4,10,1,6,0.05,TRUE,180,1,2/1/2022,5,7.5,8,48,rq3_hic_abmodel_zerocovid_omicron,realistic
HIC,1000000,Present,2,Pfizer,0.9,15,5,1/1/2021,0.25,5,10,1,6,0.05,TRUE,90,1,8/1/2021,5,7.5,4,49,rq3_hic_abmodel_zerocovid_omicron,realistic
HIC,1000000,Present,2,Pfizer,0.9,15,5,1/1/2021,0.25,5,10,1,6,0.05,TRUE,90,1,8/1/2021,5,7.5,8,50,rq3_hic_abmodel_zerocovid_omicron,realistic
HIC,1000000,Present,2,Pfizer,0.9,15,5,1/1/2021,0.25,5,10,1,6,0.05,TRUE,90,1,10/1/2021,5,7.5,4,51,rq3_hic_abmodel_zerocovid_omicron,realistic
HIC,1000000,Present,2,Pfizer,0.9,15,5,1/1/2021,0.25,5,10,1,6,0.05,TRUE,90,1,10/1/2021,5,7.5,8,52,rq3_hic_abmodel_zerocovid_omicron,realistic
HIC,1000000,Present,2,Pfizer,0.9,15,5,1/1/2021,0.25,5,10,1,6,0.05,TRUE,90,1,2/1/2022,5,7.5,4,53,rq3_hic_abmodel_zerocovid_omicron,realistic
HIC,1000000,Present,2,Pfizer,0.9,15,5,1/1/2021,0.25,5,10,1,6,0.05,TRUE,90,1,2/1/2022,5,7.5,8,54,rq3_hic_abmodel_zerocovid_omicron,realistic
HIC,1000000,Present,2,Pfizer,0.9,15,5,1/1/2021,0.25,5,10,1,6,0.05,TRUE,180,1,8/1/2021,5,7.5,4,55,rq3_hic_abmodel_zerocovid_omicron,realistic
HIC,1000000,Present,2,Pfizer,0.9,15,5,1/1/2021,0.25,5,10,1,6,0.05,TRUE,180,1,8/1/2021,5,7.5,8,56,rq3_hic_abmodel_zerocovid_omicron,realistic
HIC,1000000,Present,2,Pfizer,0.9,15,5,1/1/2021,0.25,5,10,1,6,0.05,TRUE,180,1,10/1/2021,5,7.5,4,57,rq3_hic_abmodel_zerocovid_omicron,realistic
HIC,1000000,Present,2,Pfizer,0.9,15,5,1/1/2021,0.25,5,10,1,6,0.05,TRUE,180,1,10/1/2021,5,7.5,8,58,rq3_hic_abmodel_zerocovid_omicron,realistic
HIC,1000000,Present,2,Pfizer,0.9,15,5,1/1/2021,0.25,5,10,1,6,0.05,TRUE,180,1,2/1/2022,5,7.5,4,59,rq3_hic_abmodel_zerocovid_omicron,realistic
HIC,1000000,Present,2,Pfizer,0.9,15,5,1/1/2021,0.25,5,10,1,6,0.05,TRUE,180,1,2/1/2022,5,7.5,8,60,rq3_hic_abmodel_zerocovid_omicron,realistic
HIC,1000000,Present,2,Pfizer,0.9,15,5,1/1/2021,0.25,6,10,1,6,0.05,TRUE,90,1,8/1/2021,5,7.5,4,61,rq3_hic_abmodel_zerocovid_omicron,realistic
HIC,1000000,Present,2,Pfizer,0.9,15,5,1/1/2021,0.25,6,10,1,6,0.05,TRUE,90,1,8/1/2021,5,7.5,8,62,rq3_hic_abmodel_zerocovid_omicron,realistic
HIC,1000000,Present,2,Pfizer,0.9,15,5,1/1/2021,0.25,6,10,1,6,0.05,TRUE,90,1,10/1/2021,5,7.5,4,63,rq3_hic_abmodel_zerocovid_omicron,realistic
HIC,1000000,Present,2,Pfizer,0.9,15,5,1/1/2021,0.25,6,10,1,6,0.05,TRUE,90,1,10/1/2021,5,7.5,8,64,rq3_hic_abmodel_zerocovid_omicron,realistic
HIC,1000000,Present,2,Pfizer,0.9,15,5,1/1/2021,0.25,6,10,1,6,0.05,TRUE,90,1,2/1/2022,5,7.5,4,65,rq3_hic_abmodel_zerocovid_omicron,realistic
HIC,1000000,Present,2,Pfizer,0.9,15,5,1/1/2021,0.25,6,10,1,6,0.05,TRUE,90,1,2/1/2022,5,7.5,8,66,rq3_hic_abmodel_zerocovid_omicron,realistic
HIC,1000000,Present,2,Pfizer,0.9,15,5,1/1/2021,0.25,6,10,1,6,0.05,TRUE,180,1,8/1/2021,5,7.5,4,67,rq3_hic_abmodel_zerocovid_omicron,realistic
HIC,1000000,Present,2,Pfizer,0.9,15,5,1/1/2021,0.25,6,10,1,6,0.05,TRUE,180,1,8/1/2021,5,7.5,8,68,rq3_hic_abmodel_zerocovid_omicron,realistic
HIC,1000000,Present,2,Pfizer,0.9,15,5,1/1/2021,0.25,6,10,1,6,0.05,TRUE,180,1,10/1/2021,5,7.5,4,69,rq3_hic_abmodel_zerocovid_omicron,realistic
HIC,1000000,Present,2,Pfizer,0.9,15,5,1/1/2021,0.25,6,10,1,6,0.05,TRUE,180,1,10/1/2021,5,7.5,8,70,rq3_hic_abmodel_zerocovid_omicron,realistic
HIC,1000000,Present,2,Pfizer,0.9,15,5,1/1/2021,0.25,6,10,1,6,0.05,TRUE,180,1,2/1/2022,5,7.5,4,71,rq3_hic_abmodel_zerocovid_omicron,realistic
HIC,1000000,Present,2,Pfizer,0.9,15,5,1/1/2021,0.25,6,10,1,6,0.05,TRUE,180,1,2/1/2022,5,7.5,8,72,rq3_hic_abmodel_zerocovid_omicron,realistic
HIC,1000000,Present,2,Pfizer,0.9,15,5,1/1/2021,0.25,7,10,1,6,0.05,TRUE,90,1,8/1/2021,5,7.5,4,73,rq3_hic_abmodel_zerocovid_omicron,realistic
HIC,1000000,Present,2,Pfizer,0.9,15,5,1/1/2021,0.25,7,10,1,6,0.05,TRUE,90,1,8/1/2021,5,7.5,8,74,rq3_hic_abmodel_zerocovid_omicron,realistic
HIC,1000000,Present,2,Pfizer,0.9,15,5,1/1/2021,0.25,7,10,1,6,0.05,TRUE,90,1,10/1/2021,5,7.5,4,75,rq3_hic_abmodel_zerocovid_omicron,realistic
HIC,1000000,Present,2,Pfizer,0.9,15,5,1/1/2021,0.25,7,10,1,6,0.05,TRUE,90,1,10/1/2021,5,7.5,8,76,rq3_hic_abmodel_zerocovid_omicron,realistic
HIC,1000000,Present,2,Pfizer,0.9,15,5,1/1/2021,0.25,7,10,1,6,0.05,TRUE,90,1,2/1/2022,5,7.5,4,77,rq3_hic_abmodel_zerocovid_omicron,realistic
HIC,1000000,Present,2,Pfizer,0.9,15,5,1/1/2021,0.25,7,10,1,6,0.05,TRUE,90,1,2/1/2022,5,7.5,8,78,rq3_hic_abmodel_zerocovid_omicron,realistic
HIC,1000000,Present,2,Pfizer,0.9,15,5,1/1/2021,0.25,7,10,1,6,0.05,TRUE,180,1,8/1/2021,5,7.5,4,79,rq3_hic_abmodel_zerocovid_omicron,realistic
HIC,1000000,Present,2,Pfizer,0.9,15,5,1/1/2021,0.25,7,10,1,6,0.05,TRUE,180,1,8/1/2021,5,7.5,8,80,rq3_hic_abmodel_zerocovid_omicron,realistic
HIC,1000000,Present,2,Pfizer,0.9,15,5,1/1/2021,0.25,7,10,1,6,0.05,TRUE,180,1,10/1/2021,5,7.5,4,81,rq3_hic_abmodel_zerocovid_omicron,realistic
HIC,1000000,Present,2,Pfizer,0.9,15,5,1/1/2021,0.25,7,10,1,6,0.05,TRUE,180,1,10/1/2021,5,7.5,8,82,rq3_hic_abmodel_zerocovid_omicron,realistic
HIC,1000000,Present,2,Pfizer,0.9,15,5,1/1/2021,0.25,7,10,1,6,0.05,TRUE,180,1,2/1/2022,5,7.5,4,83,rq3_hic_abmodel_zerocovid_omicron,realistic
HIC,1000000,Present,2,Pfizer,0.9,15,5,1/1/2021,0.25,7,10,1,6,0.05,TRUE,180,1,2/1/2022,5,7.5,8,84,rq3_hic_abmodel_zerocovid_omicron,realistic
HIC,1000000,Present,2,Pfizer,0.9,15,5,1/1/2021,0.25,8,10,1,6,0.05,TRUE,90,1,8/1/2021,5,7.5,4,85,rq3_hic_abmodel_zerocovid_omicron,realistic
HIC,1000000,Present,2,Pfizer,0.9,15,5,1/1/2021,0.25,8,10,1,6,0.05,TRUE,90,1,8/1/2021,5,7.5,8,86,rq3_hic_abmodel_zerocovid_omicron,realistic
HIC,1000000,Present,2,Pfizer,0.9,15,5,1/1/2021,0.25,8,10,1,6,0.05,TRUE,90,1,10/1/2021,5,7.5,4,87,rq3_hic_abmodel_zerocovid_omicron,realistic
HIC,1000000,Present,2,Pfizer,0.9,15,5,1/1/2021,0.25,8,10,1,6,0.05,TRUE,90,1,10/1/2021,5,7.5,8,88,rq3_hic_abmodel_zerocovid_omicron,realistic
HIC,1000000,Present,2,Pfizer,0.9,15,5,1/1/2021,0.25,8,10,1,6,0.05,TRUE,90,1,2/1/2022,5,7.5,4,89,rq3_hic_abmodel_zerocovid_omicron,realistic
HIC,1000000,Present,2,Pfizer,0.9,15,5,1/1/2021,0.25,8,10,1,6,0.05,TRUE,90,1,2/1/2022,5,7.5,8,90,rq3_hic_abmodel_zerocovid_omicron,realistic
HIC,1000000,Present,2,Pfizer,0.9,15,5,1/1/2021,0.25,8,10,1,6,0.05,TRUE,180,1,8/1/2021,5,7.5,4,91,rq3_hic_abmodel_zerocovid_omicron,realistic
HIC,1000000,Present,2,Pfizer,0.9,15,5,1/1/2021,0.25,8,10,1,6,0.05,TRUE,180,1,8/1/2021,5,7.5,8,92,rq3_hic_abmodel_zerocovid_omicron,realistic
HIC,1000000,Present,2,Pfizer,0.9,15,5,1/1/2021,0.25,8,10,1,6,0.05,TRUE,180,1,10/1/2021,5,7.5,4,93,rq3_hic_abmodel_zerocovid_omicron,realistic
HIC,1000000,Present,2,Pfizer,0.9,15,5,1/1/2021,0.25,8,10,1,6,0.05,TRUE,180,1,10/1/2021,5,7.5,8,94,rq3_hic_abmodel_zerocovid_omicron,realistic
HIC,1000000,Present,2,Pfizer,0.9,15,5,1/1/2021,0.25,8,10,1,6,0.05,TRUE,180,1,2/1/2022,5,7.5,4,95,rq3_hic_abmodel_zerocovid_omicron,realistic
HIC,1000000,Present,2,Pfizer,0.9,15,5,1/1/2021,0.25,8,10,1,6,0.05,TRUE,180,1,2/1/2022,5,7.5,8,96,rq3_hic_abmodel_zerocovid_omicron,realistic
HIC,1000000,Present,2,Pfizer,0.9,15,5,1/1/2021,0.25,9,10,1,6,0.05,TRUE,90,1,8/1/2021,5,7.5,4,97,rq3_hic_abmodel_zerocovid_omicron,realistic
HIC,1000000,Present,2,Pfizer,0.9,15,5,1/1/2021,0.25,9,10,1,6,0.05,TRUE,90,1,8/1/2021,5,7.5,8,98,rq3_hic_abmodel_zerocovid_omicron,realistic
HIC,1000000,Present,2,Pfizer,0.9,15,5,1/1/2021,0.25,9,10,1,6,0.05,TRUE,90,1,10/1/2021,5,7.5,4,99,rq3_hic_abmodel_zerocovid_omicron,realistic
HIC,1000000,Present,2,Pfizer,0.9,15,5,1/1/2021,0.25,9,10,1,6,0.05,TRUE,90,1,10/1/2021,5,7.5,8,100,rq3_hic_abmodel_zerocovid_omicron,realistic
HIC,1000000,Present,2,Pfizer,0.9,15,5,1/1/2021,0.25,9,10,1,6,0.05,TRUE,90,1,2/1/2022,5,7.5,4,101,rq3_hic_abmodel_zerocovid_omicron,realistic
HIC,1000000,Present,2,Pfizer,0.9,15,5,1/1/2021,0.25,9,10,1,6,0.05,TRUE,90,1,2/1/2022,5,7.5,8,102,rq3_hic_abmodel_zerocovid_omicron,realistic
HIC,1000000,Present,2,Pfizer,0.9,15,5,1/1/2021,0.25,9,10,1,6,0.05,TRUE,180,1,8/1/2021,5,7.5,4,103,rq3_hic_abmodel_zerocovid_omicron,realistic
HIC,1000000,Present,2,Pfizer,0.9,15,5,1/1/2021,0.25,9,10,1,6,0.05,TRUE,180,1,8/1/2021,5,7.5,8,104,rq3_hic_abmodel_zerocovid_omicron,realistic
HIC,1000000,Present,2,Pfizer,0.9,15,5,1/1/2021,0.25,9,10,1,6,0.05,TRUE,180,1,10/1/2021,5,7.5,4,105,rq3_hic_abmodel_zerocovid_omicron,realistic
HIC,1000000,Present,2,Pfizer,0.9,15,5,1/1/2021,0.25,9,10,1,6,0.05,TRUE,180,1,10/1/2021,5,7.5,8,106,rq3_hic_abmodel_zerocovid_omicron,realistic
HIC,1000000,Present,2,Pfizer,0.9,15,5,1/1/2021,0.25,9,10,1,6,0.05,TRUE,180,1,2/1/2022,5,7.5,4,107,rq3_hic_abmodel_zerocovid_omicron,realistic
HIC,1000000,Present,2,Pfizer,0.9,15,5,1/1/2021,0.25,9,10,1,6,0.05,TRUE,180,1,2/1/2022,5,7.5,8,108,rq3_hic_abmodel_zerocovid_omicron,realistic
HIC,1000000,Present,2,Pfizer,0.9,15,5,1/1/2021,0.25,10,10,1,6,0.05,TRUE,90,1,8/1/2021,5,7.5,4,109,rq3_hic_abmodel_zerocovid_omicron,realistic
HIC,1000000,Present,2,Pfizer,0.9,15,5,1/1/2021,0.25,10,10,1,6,0.05,TRUE,90,1,8/1/2021,5,7.5,8,110,rq3_hic_abmodel_zerocovid_omicron,realistic
HIC,1000000,Present,2,Pfizer,0.9,15,5,1/1/2021,0.25,10,10,1,6,0.05,TRUE,90,1,10/1/2021,5,7.5,4,111,rq3_hic_abmodel_zerocovid_omicron,realistic
HIC,1000000,Present,2,Pfizer,0.9,15,5,1/1/2021,0.25,10,10,1,6,0.05,TRUE,90,1,10/1/2021,5,7.5,8,112,rq3_hic_abmodel_zerocovid_omicron,realistic
HIC,1000000,Present,2,Pfizer,0.9,15,5,1/1/2021,0.25,10,10,1,6,0.05,TRUE,90,1,2/1/2022,5,7.5,4,113,rq3_hic_abmodel_zerocovid_omicron,realistic
HIC,1000000,Present,2,Pfizer,0.9,15,5,1/1/2021,0.25,10,10,1,6,0.05,TRUE,90,1,2/1/2022,5,7.5,8,114,rq3_hic_abmodel_zerocovid_omicron,realistic
HIC,1000000,Present,2,Pfizer,0.9,15,5,1/1/2021,0.25,10,10,1,6,0.05,TRUE,180,1,8/1/2021,5,7.5,4,115,rq3_hic_abmodel_zerocovid_omicron,realistic
HIC,1000000,Present,2,Pfizer,0.9,15,5,1/1/2021,0.25,10,10,1,6,0.05,TRUE,180,1,8/1/2021,5,7.5,8,116,rq3_hic_abmodel_zerocovid_omicron,realistic
HIC,1000000,Present,2,Pfizer,0.9,15,5,1/1/2021,0.25,10,10,1,6,0.05,TRUE,180,1,10/1/2021,5,7.5,4,117,rq3_hic_abmodel_zerocovid_omicron,realistic
HIC,1000000,Present,2,Pfizer,0.9,15,5,1/1/2021,0.25,10,10,1,6,0.05,TRUE,180,1,10/1/2021,5,7.5,8,118,rq3_hic_abmodel_zerocovid_omicron,realistic
HIC,1000000,Present,2,Pfizer,0.9,15,5,1/1/2021,0.25,10,10,1,6,0.05,TRUE,180,1,2/1/2022,5,7.5,4,119,rq3_hic_abmodel_zerocovid_omicron,realistic
HIC,1000000,Present,2,Pfizer,0.9,15,5,1/1/2021,0.25,10,10,1,6,0.05,TRUE,180,1,2/1/2022,5,7.5,8,120,rq3_hic_abmodel_zerocovid_omicron,realistic
HIC,1000000,Present,3,Pfizer,0.9,15,5,1/1/2021,0.25,1,10,1,6,0.05,TRUE,90,1,8/1/2021,5,7.5,4,121,rq3_hic_abmodel_zerocovid_omicron,realistic
HIC,1000000,Present,3,Pfizer,0.9,15,5,1/1/2021,0.25,1,10,1,6,0.05,TRUE,90,1,8/1/2021,5,7.5,8,122,rq3_hic_abmodel_zerocovid_omicron,realistic
HIC,1000000,Present,3,Pfizer,0.9,15,5,1/1/2021,0.25,1,10,1,6,0.05,TRUE,90,1,10/1/2021,5,7.5,4,123,rq3_hic_abmodel_zerocovid_omicron,realistic
HIC,1000000,Present,3,Pfizer,0.9,15,5,1/1/2021,0.25,1,10,1,6,0.05,TRUE,90,1,10/1/2021,5,7.5,8,124,rq3_hic_abmodel_zerocovid_omicron,realistic
HIC,1000000,Present,3,Pfizer,0.9,15,5,1/1/2021,0.25,1,10,1,6,0.05,TRUE,90,1,2/1/2022,5,7.5,4,125,rq3_hic_abmodel_zerocovid_omicron,realistic
HIC,1000000,Present,3,Pfizer,0.9,15,5,1/1/2021,0.25,1,10,1,6,0.05,TRUE,90,1,2/1/2022,5,7.5,8,126,rq3_hic_abmodel_zerocovid_omicron,realistic
HIC,1000000,Present,3,Pfizer,0.9,15,5,1/1/2021,0.25,1,10,1,6,0.05,TRUE,180,1,8/1/2021,5,7.5,4,127,rq3_hic_abmodel_zerocovid_omicron,realistic
HIC,1000000,Present,3,Pfizer,0.9,15,5,1/1/2021,0.25,1,10,1,6,0.05,TRUE,180,1,8/1/2021,5,7.5,8,128,rq3_hic_abmodel_zerocovid_omicron,realistic
HIC,1000000,Present,3,Pfizer,0.9,15,5,1/1/2021,0.25,1,10,1,6,0.05,TRUE,180,1,10/1/2021,5,7.5,4,129,rq3_hic_abmodel_zerocovid_omicron,realistic
HIC,1000000,Present,3,Pfizer,0.9,15,5,1/1/2021,0.25,1,10,1,6,0.05,TRUE,180,1,10/1/2021,5,7.5,8,130,rq3_hic_abmodel_zerocovid_omicron,realistic
HIC,1000000,Present,3,Pfizer,0.9,15,5,1/1/2021,0.25,1,10,1,6,0.05,TRUE,180,1,2/1/2022,5,7.5,4,131,rq3_hic_abmodel_zerocovid_omicron,realistic
HIC,1000000,Present,3,Pfizer,0.9,15,5,1/1/2021,0.25,1,10,1,6,0.05,TRUE,180,1,2/1/2022,5,7.5,8,132,rq3_hic_abmodel_zerocovid_omicron,realistic
HIC,1000000,Present,3,Pfizer,0.9,15,5,1/1/2021,0.25,2,10,1,6,0.05,TRUE,90,1,8/1/2021,5,7.5,4,133,rq3_hic_abmodel_zerocovid_omicron,realistic
HIC,1000000,Present,3,Pfizer,0.9,15,5,1/1/2021,0.25,2,10,1,6,0.05,TRUE,90,1,8/1/2021,5,7.5,8,134,rq3_hic_abmodel_zerocovid_omicron,realistic
HIC,1000000,Present,3,Pfizer,0.9,15,5,1/1/2021,0.25,2,10,1,6,0.05,TRUE,90,1,10/1/2021,5,7.5,4,135,rq3_hic_abmodel_zerocovid_omicron,realistic
HIC,1000000,Present,3,Pfizer,0.9,15,5,1/1/2021,0.25,2,10,1,6,0.05,TRUE,90,1,10/1/2021,5,7.5,8,136,rq3_hic_abmodel_zerocovid_omicron,realistic
HIC,1000000,Present,3,Pfizer,0.9,15,5,1/1/2021,0.25,2,10,1,6,0.05,TRUE,90,1,2/1/2022,5,7.5,4,137,rq3_hic_abmodel_zerocovid_omicron,realistic
HIC,1000000,Present,3,Pfizer,0.9,15,5,1/1/2021,0.25,2,10,1,6,0.05,TRUE,90,1,2/1/2022,5,7.5,8,138,rq3_hic_abmodel_zerocovid_omicron,realistic
HIC,1000000,Present,3,Pfizer,0.9,15,5,1/1/2021,0.25,2,10,1,6,0.05,TRUE,180,1,8/1/2021,5,7.5,4,139,rq3_hic_abmodel_zerocovid_omicron,realistic
HIC,1000000,Present,3,Pfizer,0.9,15,5,1/1/2021,0.25,2,10,1,6,0.05,TRUE,180,1,8/1/2021,5,7.5,8,140,rq3_hic_abmodel_zerocovid_omicron,realistic
HIC,1000000,Present,3,Pfizer,0.9,15,5,1/1/2021,0.25,2,10,1,6,0.05,TRUE,180,1,10/1/2021,5,7.5,4,141,rq3_hic_abmodel_zerocovid_omicron,realistic
HIC,1000000,Present,3,Pfizer,0.9,15,5,1/1/2021,0.25,2,10,1,6,0.05,TRUE,180,1,10/1/2021,5,7.5,8,142,rq3_hic_abmodel_zerocovid_omicron,realistic
HIC,1000000,Present,3,Pfizer,0.9,15,5,1/1/2021,0.25,2,10,1,6,0.05,TRUE,180,1,2/1/2022,5,7.5,4,143,rq3_hic_abmodel_zerocovid_omicron,realistic
HIC,1000000,Present,3,Pfizer,0.9,15,5,1/1/2021,0.25,2,10,1,6,0.05,TRUE,180,1,2/1/2022,5,7.5,8,144,rq3_hic_abmodel_zerocovid_omicron,realistic
HIC,1000000,Present,3,Pfizer,0.9,15,5,1/1/2021,0.25,3,10,1,6,0.05,TRUE,90,1,8/1/2021,5,7.5,4,145,rq3_hic_abmodel_zerocovid_omicron,realistic
HIC,1000000,Present,3,Pfizer,0.9,15,5,1/1/2021,0.25,3,10,1,6,0.05,TRUE,90,1,8/1/2021,5,7.5,8,146,rq3_hic_abmodel_zerocovid_omicron,realistic
HIC,1000000,Present,3,Pfizer,0.9,15,5,1/1/2021,0.25,3,10,1,6,0.05,TRUE,90,1,10/1/2021,5,7.5,4,147,rq3_hic_abmodel_zerocovid_omicron,realistic
HIC,1000000,Present,3,Pfizer,0.9,15,5,1/1/2021,0.25,3,10,1,6,0.05,TRUE,90,1,10/1/2021,5,7.5,8,148,rq3_hic_abmodel_zerocovid_omicron,realistic
HIC,1000000,Present,3,Pfizer,0.9,15,5,1/1/2021,0.25,3,10,1,6,0.05,TRUE,90,1,2/1/2022,5,7.5,4,149,rq3_hic_abmodel_zerocovid_omicron,realistic
HIC,1000000,Present,3,Pfizer,0.9,15,5,1/1/2021,0.25,3,10,1,6,0.05,TRUE,90,1,2/1/2022,5,7.5,8,150,rq3_hic_abmodel_zerocovid_omicron,realistic
HIC,1000000,Present,3,Pfizer,0.9,15,5,1/1/2021,0.25,3,10,1,6,0.05,TRUE,180,1,8/1/2021,5,7.5,4,151,rq3_hic_abmodel_zerocovid_omicron,realistic
HIC,1000000,Present,3,Pfizer,0.9,15,5,1/1/2021,0.25,3,10,1,6,0.05,TRUE,180,1,8/1/2021,5,7.5,8,152,rq3_hic_abmodel_zerocovid_omicron,realistic
HIC,1000000,Present,3,Pfizer,0.9,15,5,1/1/2021,0.25,3,10,1,6,0.05,TRUE,180,1,10/1/2021,5,7.5,4,153,rq3_hic_abmodel_zerocovid_omicron,realistic
HIC,1000000,Present,3,Pfizer,0.9,15,5,1/1/2021,0.25,3,10,1,6,0.05,TRUE,180,1,10/1/2021,5,7.5,8,154,rq3_hic_abmodel_zerocovid_omicron,realistic
HIC,1000000,Present,3,Pfizer,0.9,15,5,1/1/2021,0.25,3,10,1,6,0.05,TRUE,180,1,2/1/2022,5,7.5,4,155,rq3_hic_abmodel_zerocovid_omicron,realistic
HIC,1000000,Present,3,Pfizer,0.9,15,5,1/1/2021,0.25,3,10,1,6,0.05,TRUE,180,1,2/1/2022,5,7.5,8,156,rq3_hic_abmodel_zerocovid_omicron,realistic
HIC,1000000,Present,3,Pfizer,0.9,15,5,1/1/2021,0.25,4,10,1,6,0.05,TRUE,90,1,8/1/2021,5,7.5,4,157,rq3_hic_abmodel_zerocovid_omicron,realistic
HIC,1000000,Present,3,Pfizer,0.9,15,5,1/1/2021,0.25,4,10,1,6,0.05,TRUE,90,1,8/1/2021,5,7.5,8,158,rq3_hic_abmodel_zerocovid_omicron,realistic
HIC,1000000,Present,3,Pfizer,0.9,15,5,1/1/2021,0.25,4,10,1,6,0.05,TRUE,90,1,10/1/2021,5,7.5,4,159,rq3_hic_abmodel_zerocovid_omicron,realistic
HIC,1000000,Present,3,Pfizer,0.9,15,5,1/1/2021,0.25,4,10,1,6,0.05,TRUE,90,1,10/1/2021,5,7.5,8,160,rq3_hic_abmodel_zerocovid_omicron,realistic
HIC,1000000,Present,3,Pfizer,0.9,15,5,1/1/2021,0.25,4,10,1,6,0.05,TRUE,90,1,2/1/2022,5,7.5,4,161,rq3_hic_abmodel_zerocovid_omicron,realistic
HIC,1000000,Present,3,Pfizer,0.9,15,5,1/1/2021,0.25,4,10,1,6,0.05,TRUE,90,1,2/1/2022,5,7.5,8,162,rq3_hic_abmodel_zerocovid_omicron,realistic
HIC,1000000,Present,3,Pfizer,0.9,15,5,1/1/2021,0.25,4,10,1,6,0.05,TRUE,180,1,8/1/2021,5,7.5,4,163,rq3_hic_abmodel_zerocovid_omicron,realistic
HIC,1000000,Present,3,Pfizer,0.9,15,5,1/1/2021,0.25,4,10,1,6,0.05,TRUE,180,1,8/1/2021,5,7.5,8,164,rq3_hic_abmodel_zerocovid_omicron,realistic
HIC,1000000,Present,3,Pfizer,0.9,15,5,1/1/2021,0.25,4,10,1,6,0.05,TRUE,180,1,10/1/2021,5,7.5,4,165,rq3_hic_abmodel_zerocovid_omicron,realistic
HIC,1000000,Present,3,Pfizer,0.9,15,5,1/1/2021,0.25,4,10,1,6,0.05,TRUE,180,1,10/1/2021,5,7.5,8,166,rq3_hic_abmodel_zerocovid_omicron,realistic
HIC,1000000,Present,3,Pfizer,0.9,15,5,1/1/2021,0.25,4,10,1,6,0.05,TRUE,180,1,2/1/2022,5,7.5,4,167,rq3_hic_abmodel_zerocovid_omicron,realistic
HIC,1000000,Present,3,Pfizer,0.9,15,5,1/1/2021,0.25,4,10,1,6,0.05,TRUE,180,1,2/1/2022,5,7.5,8,168,rq3_hic_abmodel_zerocovid_omicron,realistic
HIC,1000000,Present,3,Pfizer,0.9,15,5,1/1/2021,0.25,5,10,1,6,0.05,TRUE,90,1,8/1/2021,5,7.5,4,169,rq3_hic_abmodel_zerocovid_omicron,realistic
HIC,1000000,Present,3,Pfizer,0.9,15,5,1/1/2021,0.25,5,10,1,6,0.05,TRUE,90,1,8/1/2021,5,7.5,8,170,rq3_hic_abmodel_zerocovid_omicron,realistic
HIC,1000000,Present,3,Pfizer,0.9,15,5,1/1/2021,0.25,5,10,1,6,0.05,TRUE,90,1,10/1/2021,5,7.5,4,171,rq3_hic_abmodel_zerocovid_omicron,realistic
HIC,1000000,Present,3,Pfizer,0.9,15,5,1/1/2021,0.25,5,10,1,6,0.05,TRUE,90,1,10/1/2021,5,7.5,8,172,rq3_hic_abmodel_zerocovid_omicron,realistic
HIC,1000000,Present,3,Pfizer,0.9,15,5,1/1/2021,0.25,5,10,1,6,0.05,TRUE,90,1,2/1/2022,5,7.5,4,173,rq3_hic_abmodel_zerocovid_omicron,realistic
HIC,1000000,Present,3,Pfizer,0.9,15,5,1/1/2021,0.25,5,10,1,6,0.05,TRUE,90,1,2/1/2022,5,7.5,8,174,rq3_hic_abmodel_zerocovid_omicron,realistic
HIC,1000000,Present,3,Pfizer,0.9,15,5,1/1/2021,0.25,5,10,1,6,0.05,TRUE,180,1,8/1/2021,5,7.5,4,175,rq3_hic_abmodel_zerocovid_omicron,realistic
HIC,1000000,Present,3,Pfizer,0.9,15,5,1/1/2021,0.25,5,10,1,6,0.05,TRUE,180,1,8/1/2021,5,7.5,8,176,rq3_hic_abmodel_zerocovid_omicron,realistic
HIC,1000000,Present,3,Pfizer,0.9,15,5,1/1/2021,0.25,5,10,1,6,0.05,TRUE,180,1,10/1/2021,5,7.5,4,177,rq3_hic_abmodel_zerocovid_omicron,realistic
HIC,1000000,Present,3,Pfizer,0.9,15,5,1/1/2021,0.25,5,10,1,6,0.05,TRUE,180,1,10/1/2021,5,7.5,8,178,rq3_hic_abmodel_zerocovid_omicron,realistic
HIC,1000000,Present,3,Pfizer,0.9,15,5,1/1/2021,0.25,5,10,1,6,0.05,TRUE,180,1,2/1/2022,5,7.5,4,179,rq3_hic_abmodel_zerocovid_omicron,realistic
HIC,1000000,Present,3,Pfizer,0.9,15,5,1/1/2021,0.25,5,10,1,6,0.05,TRUE,180,1,2/1/2022,5,7.5,8,180,rq3_hic_abmodel_zerocovid_omicron,realistic
HIC,1000000,Present,3,Pfizer,0.9,15,5,1/1/2021,0.25,6,10,1,6,0.05,TRUE,90,1,8/1/2021,5,7.5,4,181,rq3_hic_abmodel_zerocovid_omicron,realistic
HIC,1000000,Present,3,Pfizer,0.9,15,5,1/1/2021,0.25,6,10,1,6,0.05,TRUE,90,1,8/1/2021,5,7.5,8,182,rq3_hic_abmodel_zerocovid_omicron,realistic
HIC,1000000,Present,3,Pfizer,0.9,15,5,1/1/2021,0.25,6,10,1,6,0.05,TRUE,90,1,10/1/2021,5,7.5,4,183,rq3_hic_abmodel_zerocovid_omicron,realistic
HIC,1000000,Present,3,Pfizer,0.9,15,5,1/1/2021,0.25,6,10,1,6,0.05,TRUE,90,1,10/1/2021,5,7.5,8,184,rq3_hic_abmodel_zerocovid_omicron,realistic
HIC,1000000,Present,3,Pfizer,0.9,15,5,1/1/2021,0.25,6,10,1,6,0.05,TRUE,90,1,2/1/2022,5,7.5,4,185,rq3_hic_abmodel_zerocovid_omicron,realistic
HIC,1000000,Present,3,Pfizer,0.9,15,5,1/1/2021,0.25,6,10,1,6,0.05,TRUE,90,1,2/1/2022,5,7.5,8,186,rq3_hic_abmodel_zerocovid_omicron,realistic
HIC,1000000,Present,3,Pfizer,0.9,15,5,1/1/2021,0.25,6,10,1,6,0.05,TRUE,180,1,8/1/2021,5,7.5,4,187,rq3_hic_abmodel_zerocovid_omicron,realistic
HIC,1000000,Present,3,Pfizer,0.9,15,5,1/1/2021,0.25,6,10,1,6,0.05,TRUE,180,1,8/1/2021,5,7.5,8,188,rq3_hic_abmodel_zerocovid_omicron,realistic
HIC,1000000,Present,3,Pfizer,0.9,15,5,1/1/2021,0.25,6,10,1,6,0.05,TRUE,180,1,10/1/2021,5,7.5,4,189,rq3_hic_abmodel_zerocovid_omicron,realistic
HIC,1000000,Present,3,Pfizer,0.9,15,5,1/1/2021,0.25,6,10,1,6,0.05,TRUE,180,1,10/1/2021,5,7.5,8,190,rq3_hic_abmodel_zerocovid_omicron,realistic
HIC,1000000,Present,3,Pfizer,0.9,15,5,1/1/2021,0.25,6,10,1,6,0.05,TRUE,180,1,2/1/2022,5,7.5,4,191,rq3_hic_abmodel_zerocovid_omicron,realistic
HIC,1000000,Present,3,Pfizer,0.9,15,5,1/1/2021,0.25,6,10,1,6,0.05,TRUE,180,1,2/1/2022,5,7.5,8,192,rq3_hic_abmodel_zerocovid_omicron,realistic
HIC,1000000,Present,3,Pfizer,0.9,15,5,1/1/2021,0.25,7,10,1,6,0.05,TRUE,90,1,8/1/2021,5,7.5,4,193,rq3_hic_abmodel_zerocovid_omicron,realistic
HIC,1000000,Present,3,Pfizer,0.9,15,5,1/1/2021,0.25,7,10,1,6,0.05,TRUE,90,1,8/1/2021,5,7.5,8,194,rq3_hic_abmodel_zerocovid_omicron,realistic
HIC,1000000,Present,3,Pfizer,0.9,15,5,1/1/2021,0.25,7,10,1,6,0.05,TRUE,90,1,10/1/2021,5,7.5,4,195,rq3_hic_abmodel_zerocovid_omicron,realistic
HIC,1000000,Present,3,Pfizer,0.9,15,5,1/1/2021,0.25,7,10,1,6,0.05,TRUE,90,1,10/1/2021,5,7.5,8,196,rq3_hic_abmodel_zerocovid_omicron,realistic
HIC,1000000,Present,3,Pfizer,0.9,15,5,1/1/2021,0.25,7,10,1,6,0.05,TRUE,90,1,2/1/2022,5,7.5,4,197,rq3_hic_abmodel_zerocovid_omicron,realistic
HIC,1000000,Present,3,Pfizer,0.9,15,5,1/1/2021,0.25,7,10,1,6,0.05,TRUE,90,1,2/1/2022,5,7.5,8,198,rq3_hic_abmodel_zerocovid_omicron,realistic
HIC,1000000,Present,3,Pfizer,0.9,15,5,1/1/2021,0.25,7,10,1,6,0.05,TRUE,180,1,8/1/2021,5,7.5,4,199,rq3_hic_abmodel_zerocovid_omicron,realistic
HIC,1000000,Present,3,Pfizer,0.9,15,5,1/1/2021,0.25,7,10,1,6,0.05,TRUE,180,1,8/1/2021,5,7.5,8,200,rq3_hic_abmodel_zerocovid_omicron,realistic
HIC,1000000,Present,3,Pfizer,0.9,15,5,1/1/2021,0.25,7,10,1,6,0.05,TRUE,180,1,10/1/2021,5,7.5,4,201,rq3_hic_abmodel_zerocovid_omicron,realistic
HIC,1000000,Present,3,Pfizer,0.9,15,5,1/1/2021,0.25,7,10,1,6,0.05,TRUE,180,1,10/1/2021,5,7.5,8,202,rq3_hic_abmodel_zerocovid_omicron,realistic
HIC,1000000,Present,3,Pfizer,0.9,15,5,1/1/2021,0.25,7,10,1,6,0.05,TRUE,180,1,2/1/2022,5,7.5,4,203,rq3_hic_abmodel_zerocovid_omicron,realistic
HIC,1000000,Present,3,Pfizer,0.9,15,5,1/1/2021,0.25,7,10,1,6,0.05,TRUE,180,1,2/1/2022,5,7.5,8,204,rq3_hic_abmodel_zerocovid_omicron,realistic
HIC,1000000,Present,3,Pfizer,0.9,15,5,1/1/2021,0.25,8,10,1,6,0.05,TRUE,90,1,8/1/2021,5,7.5,4,205,rq3_hic_abmodel_zerocovid_omicron,realistic
HIC,1000000,Present,3,Pfizer,0.9,15,5,1/1/2021,0.25,8,10,1,6,0.05,TRUE,90,1,8/1/2021,5,7.5,8,206,rq3_hic_abmodel_zerocovid_omicron,realistic
HIC,1000000,Present,3,Pfizer,0.9,15,5,1/1/2021,0.25,8,10,1,6,0.05,TRUE,90,1,10/1/2021,5,7.5,4,207,rq3_hic_abmodel_zerocovid_omicron,realistic
HIC,1000000,Present,3,Pfizer,0.9,15,5,1/1/2021,0.25,8,10,1,6,0.05,TRUE,90,1,10/1/2021,5,7.5,8,208,rq3_hic_abmodel_zerocovid_omicron,realistic
HIC,1000000,Present,3,Pfizer,0.9,15,5,1/1/2021,0.25,8,10,1,6,0.05,TRUE,90,1,2/1/2022,5,7.5,4,209,rq3_hic_abmodel_zerocovid_omicron,realistic
HIC,1000000,Present,3,Pfizer,0.9,15,5,1/1/2021,0.25,8,10,1,6,0.05,TRUE,90,1,2/1/2022,5,7.5,8,210,rq3_hic_abmodel_zerocovid_omicron,realistic
HIC,1000000,Present,3,Pfizer,0.9,15,5,1/1/2021,0.25,8,10,1,6,0.05,TRUE,180,1,8/1/2021,5,7.5,4,211,rq3_hic_abmodel_zerocovid_omicron,realistic
HIC,1000000,Present,3,Pfizer,0.9,15,5,1/1/2021,0.25,8,10,1,6,0.05,TRUE,180,1,8/1/2021,5,7.5,8,212,rq3_hic_abmodel_zerocovid_omicron,realistic
HIC,1000000,Present,3,Pfizer,0.9,15,5,1/1/2021,0.25,8,10,1,6,0.05,TRUE,180,1,10/1/2021,5,7.5,4,213,rq3_hic_abmodel_zerocovid_omicron,realistic
HIC,1000000,Present,3,Pfizer,0.9,15,5,1/1/2021,0.25,8,10,1,6,0.05,TRUE,180,1,10/1/2021,5,7.5,8,214,rq3_hic_abmodel_zerocovid_omicron,realistic
HIC,1000000,Present,3,Pfizer,0.9,15,5,1/1/2021,0.25,8,10,1,6,0.05,TRUE,180,1,2/1/2022,5,7.5,4,215,rq3_hic_abmodel_zerocovid_omicron,realistic
HIC,1000000,Present,3,Pfizer,0.9,15,5,1/1/2021,0.25,8,10,1,6,0.05,TRUE,180,1,2/1/2022,5,7.5,8,216,rq3_hic_abmodel_zerocovid_omicron,realistic
HIC,1000000,Present,3,Pfizer,0.9,15,5,1/1/2021,0.25,9,10,1,6,0.05,TRUE,90,1,8/1/2021,5,7.5,4,217,rq3_hic_abmodel_zerocovid_omicron,realistic
HIC,1000000,Present,3,Pfizer,0.9,15,5,1/1/2021,0.25,9,10,1,6,0.05,TRUE,90,1,8/1/2021,5,7.5,8,218,rq3_hic_abmodel_zerocovid_omicron,realistic
HIC,1000000,Present,3,Pfizer,0.9,15,5,1/1/2021,0.25,9,10,1,6,0.05,TRUE,90,1,10/1/2021,5,7.5,4,219,rq3_hic_abmodel_zerocovid_omicron,realistic
HIC,1000000,Present,3,Pfizer,0.9,15,5,1/1/2021,0.25,9,10,1,6,0.05,TRUE,90,1,10/1/2021,5,7.5,8,220,rq3_hic_abmodel_zerocovid_omicron,realistic
HIC,1000000,Present,3,Pfizer,0.9,15,5,1/1/2021,0.25,9,10,1,6,0.05,TRUE,90,1,2/1/2022,5,7.5,4,221,rq3_hic_abmodel_zerocovid_omicron,realistic
HIC,1000000,Present,3,Pfizer,0.9,15,5,1/1/2021,0.25,9,10,1,6,0.05,TRUE,90,1,2/1/2022,5,7.5,8,222,rq3_hic_abmodel_zerocovid_omicron,realistic
HIC,1000000,Present,3,Pfizer,0.9,15,5,1/1/2021,0.25,9,10,1,6,0.05,TRUE,180,1,8/1/2021,5,7.5,4,223,rq3_hic_abmodel_zerocovid_omicron,realistic
HIC,1000000,Present,3,Pfizer,0.9,15,5,1/1/2021,0.25,9,10,1,6,0.05,TRUE,180,1,8/1/2021,5,7.5,8,224,rq3_hic_abmodel_zerocovid_omicron,realistic
HIC,1000000,Present,3,Pfizer,0.9,15,5,1/1/2021,0.25,9,10,1,6,0.05,TRUE,180,1,10/1/2021,5,7.5,4,225,rq3_hic_abmodel_zerocovid_omicron,realistic
HIC,1000000,Present,3,Pfizer,0.9,15,5,1/1/2021,0.25,9,10,1,6,0.05,TRUE,180,1,10/1/2021,5,7.5,8,226,rq3_hic_abmodel_zerocovid_omicron,realistic
HIC,1000000,Present,3,Pfizer,0.9,15,5,1/1/2021,0.25,9,10,1,6,0.05,TRUE,180,1,2/1/2022,5,7.5,4,227,rq3_hic_abmodel_zerocovid_omicron,realistic
HIC,1000000,Present,3,Pfizer,0.9,15,5,1/1/2021,0.25,9,10,1,6,0.05,TRUE,180,1,2/1/2022,5,7.5,8,228,rq3_hic_abmodel_zerocovid_omicron,realistic
HIC,1000000,Present,3,Pfizer,0.9,15,5,1/1/2021,0.25,10,10,1,6,0.05,TRUE,90,1,8/1/2021,5,7.5,4,229,rq3_hic_abmodel_zerocovid_omicron,realistic
HIC,1000000,Present,3,Pfizer,0.9,15,5,1/1/2021,0.25,10,10,1,6,0.05,TRUE,90,1,8/1/2021,5,7.5,8,230,rq3_hic_abmodel_zerocovid_omicron,realistic
HIC,1000000,Present,3,Pfizer,0.9,15,5,1/1/2021,0.25,10,10,1,6,0.05,TRUE,90,1,10/1/2021,5,7.5,4,231,rq3_hic_abmodel_zerocovid_omicron,realistic
HIC,1000000,Present,3,Pfizer,0.9,15,5,1/1/2021,0.25,10,10,1,6,0.05,TRUE,90,1,10/1/2021,5,7.5,8,232,rq3_hic_abmodel_zerocovid_omicron,realistic
HIC,1000000,Present,3,Pfizer,0.9,15,5,1/1/2021,0.25,10,10,1,6,0.05,TRUE,90,1,2/1/2022,5,7.5,4,233,rq3_hic_abmodel_zerocovid_omicron,realistic
HIC,1000000,Present,3,Pfizer,0.9,15,5,1/1/2021,0.25,10,10,1,6,0.05,TRUE,90,1,2/1/2022,5,7.5,8,234,rq3_hic_abmodel_zerocovid_omicron,realistic
HIC,1000000,Present,3,Pfizer,0.9,15,5,1/1/2021,0.25,10,10,1,6,0.05,TRUE,180,1,8/1/2021,5,7.5,4,235,rq3_hic_abmodel_zerocovid_omicron,realistic
HIC,1000000,Present,3,Pfizer,0.9,15,5,1/1/2021,0.25,10,10,1,6,0.05,TRUE,180,1,8/1/2021,5,7.5,8,236,rq3_hic_abmodel_zerocovid_omicron,realistic
HIC,1000000,Present,3,Pfizer,0.9,15,5,1/1/2021,0.25,10,10,1,6,0.05,TRUE,180,1,10/1/2021,5,7.5,4,237,rq3_hic_abmodel_zerocovid_omicron,realistic
HIC,1000000,Present,3,Pfizer,0.9,15,5,1/1/2021,0.25,10,10,1,6,0.05,TRUE,180,1,10/1/2021,5,7.5,8,238,rq3_hic_abmodel_zerocovid_omicron,realistic
HIC,1000000,Present,3,Pfizer,0.9,15,5,1/1/2021,0.25,10,10,1,6,0.05,TRUE,180,1,2/1/2022,5,7.5,4,239,rq3_hic_abmodel_zerocovid_omicron,realistic
HIC,1000000,Present,3,Pfizer,0.9,15,5,1/1/2021,0.25,10,10,1,6,0.05,TRUE,180,1,2/1/2022,5,7.5,8,240,rq3_hic_abmodel_zerocovid_omicron,realistic
HIC,1000000,Present,3,Pfizer,0.9,15,9,1/1/2021,0.25,1,10,1,6,0.05,TRUE,90,1,8/1/2021,5,7.5,4,241,rq3_hic_abmodel_zerocovid_omicron,realistic
HIC,1000000,Present,3,Pfizer,0.9,15,9,1/1/2021,0.25,1,10,1,6,0.05,TRUE,90,1,8/1/2021,5,7.5,8,242,rq3_hic_abmodel_zerocovid_omicron,realistic
HIC,1000000,Present,3,Pfizer,0.9,15,9,1/1/2021,0.25,1,10,1,6,0.05,TRUE,90,1,10/1/2021,5,7.5,4,243,rq3_hic_abmodel_zerocovid_omicron,realistic
HIC,1000000,Present,3,Pfizer,0.9,15,9,1/1/2021,0.25,1,10,1,6,0.05,TRUE,90,1,10/1/2021,5,7.5,8,244,rq3_hic_abmodel_zerocovid_omicron,realistic
HIC,1000000,Present,3,Pfizer,0.9,15,9,1/1/2021,0.25,1,10,1,6,0.05,TRUE,90,1,2/1/2022,5,7.5,4,245,rq3_hic_abmodel_zerocovid_omicron,realistic
HIC,1000000,Present,3,Pfizer,0.9,15,9,1/1/2021,0.25,1,10,1,6,0.05,TRUE,90,1,2/1/2022,5,7.5,8,246,rq3_hic_abmodel_zerocovid_omicron,realistic
HIC,1000000,Present,3,Pfizer,0.9,15,9,1/1/2021,0.25,1,10,1,6,0.05,TRUE,180,1,8/1/2021,5,7.5,4,247,rq3_hic_abmodel_zerocovid_omicron,realistic
HIC,1000000,Present,3,Pfizer,0.9,15,9,1/1/2021,0.25,1,10,1,6,0.05,TRUE,180,1,8/1/2021,5,7.5,8,248,rq3_hic_abmodel_zerocovid_omicron,realistic
HIC,1000000,Present,3,Pfizer,0.9,15,9,1/1/2021,0.25,1,10,1,6,0.05,TRUE,180,1,10/1/2021,5,7.5,4,249,rq3_hic_abmodel_zerocovid_omicron,realistic
HIC,1000000,Present,3,Pfizer,0.9,15,9,1/1/2021,0.25,1,10,1,6,0.05,TRUE,180,1,10/1/2021,5,7.5,8,250,rq3_hic_abmodel_zerocovid_omicron,realistic
HIC,1000000,Present,3,Pfizer,0.9,15,9,1/1/2021,0.25,1,10,1,6,0.05,TRUE,180,1,2/1/2022,5,7.5,4,251,rq3_hic_abmodel_zerocovid_omicron,realistic
HIC,1000000,Present,3,Pfizer,0.9,15,9,1/1/2021,0.25,1,10,1,6,0.05,TRUE,180,1,2/1/2022,5,7.5,8,252,rq3_hic_abmodel_zerocovid_omicron,realistic
HIC,1000000,Present,3,Pfizer,0.9,15,9,1/1/2021,0.25,2,10,1,6,0.05,TRUE,90,1,8/1/2021,5,7.5,4,253,rq3_hic_abmodel_zerocovid_omicron,realistic
HIC,1000000,Present,3,Pfizer,0.9,15,9,1/1/2021,0.25,2,10,1,6,0.05,TRUE,90,1,8/1/2021,5,7.5,8,254,rq3_hic_abmodel_zerocovid_omicron,realistic
HIC,1000000,Present,3,Pfizer,0.9,15,9,1/1/2021,0.25,2,10,1,6,0.05,TRUE,90,1,10/1/2021,5,7.5,4,255,rq3_hic_abmodel_zerocovid_omicron,realistic
HIC,1000000,Present,3,Pfizer,0.9,15,9,1/1/2021,0.25,2,10,1,6,0.05,TRUE,90,1,10/1/2021,5,7.5,8,256,rq3_hic_abmodel_zerocovid_omicron,realistic
HIC,1000000,Present,3,Pfizer,0.9,15,9,1/1/2021,0.25,2,10,1,6,0.05,TRUE,90,1,2/1/2022,5,7.5,4,257,rq3_hic_abmodel_zerocovid_omicron,realistic
HIC,1000000,Present,3,Pfizer,0.9,15,9,1/1/2021,0.25,2,10,1,6,0.05,TRUE,90,1,2/1/2022,5,7.5,8,258,rq3_hic_abmodel_zerocovid_omicron,realistic
HIC,1000000,Present,3,Pfizer,0.9,15,9,1/1/2021,0.25,2,10,1,6,0.05,TRUE,180,1,8/1/2021,5,7.5,4,259,rq3_hic_abmodel_zerocovid_omicron,realistic
HIC,1000000,Present,3,Pfizer,0.9,15,9,1/1/2021,0.25,2,10,1,6,0.05,TRUE,180,1,8/1/2021,5,7.5,8,260,rq3_hic_abmodel_zerocovid_omicron,realistic
HIC,1000000,Present,3,Pfizer,0.9,15,9,1/1/2021,0.25,2,10,1,6,0.05,TRUE,180,1,10/1/2021,5,7.5,4,261,rq3_hic_abmodel_zerocovid_omicron,realistic
HIC,1000000,Present,3,Pfizer,0.9,15,9,1/1/2021,0.25,2,10,1,6,0.05,TRUE,180,1,10/1/2021,5,7.5,8,262,rq3_hic_abmodel_zerocovid_omicron,realistic
HIC,1000000,Present,3,Pfizer,0.9,15,9,1/1/2021,0.25,2,10,1,6,0.05,TRUE,180,1,2/1/2022,5,7.5,4,263,rq3_hic_abmodel_zerocovid_omicron,realistic
HIC,1000000,Present,3,Pfizer,0.9,15,9,1/1/2021,0.25,2,10,1,6,0.05,TRUE,180,1,2/1/2022,5,7.5,8,264,rq3_hic_abmodel_zerocovid_omicron,realistic
HIC,1000000,Present,3,Pfizer,0.9,15,9,1/1/2021,0.25,3,10,1,6,0.05,TRUE,90,1,8/1/2021,5,7.5,4,265,rq3_hic_abmodel_zerocovid_omicron,realistic
HIC,1000000,Present,3,Pfizer,0.9,15,9,1/1/2021,0.25,3,10,1,6,0.05,TRUE,90,1,8/1/2021,5,7.5,8,266,rq3_hic_abmodel_zerocovid_omicron,realistic
HIC,1000000,Present,3,Pfizer,0.9,15,9,1/1/2021,0.25,3,10,1,6,0.05,TRUE,90,1,10/1/2021,5,7.5,4,267,rq3_hic_abmodel_zerocovid_omicron,realistic
HIC,1000000,Present,3,Pfizer,0.9,15,9,1/1/2021,0.25,3,10,1,6,0.05,TRUE,90,1,10/1/2021,5,7.5,8,268,rq3_hic_abmodel_zerocovid_omicron,realistic
HIC,1000000,Present,3,Pfizer,0.9,15,9,1/1/2021,0.25,3,10,1,6,0.05,TRUE,90,1,2/1/2022,5,7.5,4,269,rq3_hic_abmodel_zerocovid_omicron,realistic
HIC,1000000,Present,3,Pfizer,0.9,15,9,1/1/2021,0.25,3,10,1,6,0.05,TRUE,90,1,2/1/2022,5,7.5,8,270,rq3_hic_abmodel_zerocovid_omicron,realistic
HIC,1000000,Present,3,Pfizer,0.9,15,9,1/1/2021,0.25,3,10,1,6,0.05,TRUE,180,1,8/1/2021,5,7.5,4,271,rq3_hic_abmodel_zerocovid_omicron,realistic
HIC,1000000,Present,3,Pfizer,0.9,15,9,1/1/2021,0.25,3,10,1,6,0.05,TRUE,180,1,8/1/2021,5,7.5,8,272,rq3_hic_abmodel_zerocovid_omicron,realistic
HIC,1000000,Present,3,Pfizer,0.9,15,9,1/1/2021,0.25,3,10,1,6,0.05,TRUE,180,1,10/1/2021,5,7.5,4,273,rq3_hic_abmodel_zerocovid_omicron,realistic
HIC,1000000,Present,3,Pfizer,0.9,15,9,1/1/2021,0.25,3,10,1,6,0.05,TRUE,180,1,10/1/2021,5,7.5,8,274,rq3_hic_abmodel_zerocovid_omicron,realistic
HIC,1000000,Present,3,Pfizer,0.9,15,9,1/1/2021,0.25,3,10,1,6,0.05,TRUE,180,1,2/1/2022,5,7.5,4,275,rq3_hic_abmodel_zerocovid_omicron,realistic
HIC,1000000,Present,3,Pfizer,0.9,15,9,1/1/2021,0.25,3,10,1,6,0.05,TRUE,180,1,2/1/2022,5,7.5,8,276,rq3_hic_abmodel_zerocovid_omicron,realistic
HIC,1000000,Present,3,Pfizer,0.9,15,9,1/1/2021,0.25,4,10,1,6,0.05,TRUE,90,1,8/1/2021,5,7.5,4,277,rq3_hic_abmodel_zerocovid_omicron,realistic
HIC,1000000,Present,3,Pfizer,0.9,15,9,1/1/2021,0.25,4,10,1,6,0.05,TRUE,90,1,8/1/2021,5,7.5,8,278,rq3_hic_abmodel_zerocovid_omicron,realistic
HIC,1000000,Present,3,Pfizer,0.9,15,9,1/1/2021,0.25,4,10,1,6,0.05,TRUE,90,1,10/1/2021,5,7.5,4,279,rq3_hic_abmodel_zerocovid_omicron,realistic
HIC,1000000,Present,3,Pfizer,0.9,15,9,1/1/2021,0.25,4,10,1,6,0.05,TRUE,90,1,10/1/2021,5,7.5,8,280,rq3_hic_abmodel_zerocovid_omicron,realistic
HIC,1000000,Present,3,Pfizer,0.9,15,9,1/1/2021,0.25,4,10,1,6,0.05,TRUE,90,1,2/1/2022,5,7.5,4,281,rq3_hic_abmodel_zerocovid_omicron,realistic
HIC,1000000,Present,3,Pfizer,0.9,15,9,1/1/2021,0.25,4,10,1,6,0.05,TRUE,90,1,2/1/2022,5,7.5,8,282,rq3_hic_abmodel_zerocovid_omicron,realistic
HIC,1000000,Present,3,Pfizer,0.9,15,9,1/1/2021,0.25,4,10,1,6,0.05,TRUE,180,1,8/1/2021,5,7.5,4,283,rq3_hic_abmodel_zerocovid_omicron,realistic
HIC,1000000,Present,3,Pfizer,0.9,15,9,1/1/2021,0.25,4,10,1,6,0.05,TRUE,180,1,8/1/2021,5,7.5,8,284,rq3_hic_abmodel_zerocovid_omicron,realistic
HIC,1000000,Present,3,Pfizer,0.9,15,9,1/1/2021,0.25,4,10,1,6,0.05,TRUE,180,1,10/1/2021,5,7.5,4,285,rq3_hic_abmodel_zerocovid_omicron,realistic
HIC,1000000,Present,3,Pfizer,0.9,15,9,1/1/2021,0.25,4,10,1,6,0.05,TRUE,180,1,10/1/2021,5,7.5,8,286,rq3_hic_abmodel_zerocovid_omicron,realistic
HIC,1000000,Present,3,Pfizer,0.9,15,9,1/1/2021,0.25,4,10,1,6,0.05,TRUE,180,1,2/1/2022,5,7.5,4,287,rq3_hic_abmodel_zerocovid_omicron,realistic
HIC,1000000,Present,3,Pfizer,0.9,15,9,1/1/2021,0.25,4,10,1,6,0.05,TRUE,180,1,2/1/2022,5,7.5,8,288,rq3_hic_abmodel_zerocovid_omicron,realistic
HIC,1000000,Present,3,Pfizer,0.9,15,9,1/1/2021,0.25,5,10,1,6,0.05,TRUE,90,1,8/1/2021,5,7.5,4,289,rq3_hic_abmodel_zerocovid_omicron,realistic
HIC,1000000,Present,3,Pfizer,0.9,15,9,1/1/2021,0.25,5,10,1,6,0.05,TRUE,90,1,8/1/2021,5,7.5,8,290,rq3_hic_abmodel_zerocovid_omicron,realistic
HIC,1000000,Present,3,Pfizer,0.9,15,9,1/1/2021,0.25,5,10,1,6,0.05,TRUE,90,1,10/1/2021,5,7.5,4,291,rq3_hic_abmodel_zerocovid_omicron,realistic
HIC,1000000,Present,3,Pfizer,0.9,15,9,1/1/2021,0.25,5,10,1,6,0.05,TRUE,90,1,10/1/2021,5,7.5,8,292,rq3_hic_abmodel_zerocovid_omicron,realistic
HIC,1000000,Present,3,Pfizer,0.9,15,9,1/1/2021,0.25,5,10,1,6,0.05,TRUE,90,1,2/1/2022,5,7.5,4,293,rq3_hic_abmodel_zerocovid_omicron,realistic
HIC,1000000,Present,3,Pfizer,0.9,15,9,1/1/2021,0.25,5,10,1,6,0.05,TRUE,90,1,2/1/2022,5,7.5,8,294,rq3_hic_abmodel_zerocovid_omicron,realistic
HIC,1000000,Present,3,Pfizer,0.9,15,9,1/1/2021,0.25,5,10,1,6,0.05,TRUE,180,1,8/1/2021,5,7.5,4,295,rq3_hic_abmodel_zerocovid_omicron,realistic
HIC,1000000,Present,3,Pfizer,0.9,15,9,1/1/2021,0.25,5,10,1,6,0.05,TRUE,180,1,8/1/2021,5,7.5,8,296,rq3_hic_abmodel_zerocovid_omicron,realistic
HIC,1000000,Present,3,Pfizer,0.9,15,9,1/1/2021,0.25,5,10,1,6,0.05,TRUE,180,1,10/1/2021,5,7.5,4,297,rq3_hic_abmodel_zerocovid_omicron,realistic
HIC,1000000,Present,3,Pfizer,0.9,15,9,1/1/2021,0.25,5,10,1,6,0.05,TRUE,180,1,10/1/2021,5,7.5,8,298,rq3_hic_abmodel_zerocovid_omicron,realistic
HIC,1000000,Present,3,Pfizer,0.9,15,9,1/1/2021,0.25,5,10,1,6,0.05,TRUE,180,1,2/1/2022,5,7.5,4,299,rq3_hic_abmodel_zerocovid_omicron,realistic
HIC,1000000,Present,3,Pfizer,0.9,15,9,1/1/2021,0.25,5,10,1,6,0.05,TRUE,180,1,2/1/2022,5,7.5,8,300,rq3_hic_abmodel_zerocovid_omicron,realistic
HIC,1000000,Present,3,Pfizer,0.9,15,9,1/1/2021,0.25,6,10,1,6,0.05,TRUE,90,1,8/1/2021,5,7.5,4,301,rq3_hic_abmodel_zerocovid_omicron,realistic
HIC,1000000,Present,3,Pfizer,0.9,15,9,1/1/2021,0.25,6,10,1,6,0.05,TRUE,90,1,8/1/2021,5,7.5,8,302,rq3_hic_abmodel_zerocovid_omicron,realistic
HIC,1000000,Present,3,Pfizer,0.9,15,9,1/1/2021,0.25,6,10,1,6,0.05,TRUE,90,1,10/1/2021,5,7.5,4,303,rq3_hic_abmodel_zerocovid_omicron,realistic
HIC,1000000,Present,3,Pfizer,0.9,15,9,1/1/2021,0.25,6,10,1,6,0.05,TRUE,90,1,10/1/2021,5,7.5,8,304,rq3_hic_abmodel_zerocovid_omicron,realistic
HIC,1000000,Present,3,Pfizer,0.9,15,9,1/1/2021,0.25,6,10,1,6,0.05,TRUE,90,1,2/1/2022,5,7.5,4,305,rq3_hic_abmodel_zerocovid_omicron,realistic
HIC,1000000,Present,3,Pfizer,0.9,15,9,1/1/2021,0.25,6,10,1,6,0.05,TRUE,90,1,2/1/2022,5,7.5,8,306,rq3_hic_abmodel_zerocovid_omicron,realistic
HIC,1000000,Present,3,Pfizer,0.9,15,9,1/1/2021,0.25,6,10,1,6,0.05,TRUE,180,1,8/1/2021,5,7.5,4,307,rq3_hic_abmodel_zerocovid_omicron,realistic
HIC,1000000,Present,3,Pfizer,0.9,15,9,1/1/2021,0.25,6,10,1,6,0.05,TRUE,180,1,8/1/2021,5,7.5,8,308,rq3_hic_abmodel_zerocovid_omicron,realistic
HIC,1000000,Present,3,Pfizer,0.9,15,9,1/1/2021,0.25,6,10,1,6,0.05,TRUE,180,1,10/1/2021,5,7.5,4,309,rq3_hic_abmodel_zerocovid_omicron,realistic
HIC,1000000,Present,3,Pfizer,0.9,15,9,1/1/2021,0.25,6,10,1,6,0.05,TRUE,180,1,10/1/2021,5,7.5,8,310,rq3_hic_abmodel_zerocovid_omicron,realistic
HIC,1000000,Present,3,Pfizer,0.9,15,9,1/1/2021,0.25,6,10,1,6,0.05,TRUE,180,1,2/1/2022,5,7.5,4,311,rq3_hic_abmodel_zerocovid_omicron,realistic
HIC,1000000,Present,3,Pfizer,0.9,15,9,1/1/2021,0.25,6,10,1,6,0.05,TRUE,180,1,2/1/2022,5,7.5,8,312,rq3_hic_abmodel_zerocovid_omicron,realistic
HIC,1000000,Present,3,Pfizer,0.9,15,9,1/1/2021,0.25,7,10,1,6,0.05,TRUE,90,1,8/1/2021,5,7.5,4,313,rq3_hic_abmodel_zerocovid_omicron,realistic
HIC,1000000,Present,3,Pfizer,0.9,15,9,1/1/2021,0.25,7,10,1,6,0.05,TRUE,90,1,8/1/2021,5,7.5,8,314,rq3_hic_abmodel_zerocovid_omicron,realistic
HIC,1000000,Present,3,Pfizer,0.9,15,9,1/1/2021,0.25,7,10,1,6,0.05,TRUE,90,1,10/1/2021,5,7.5,4,315,rq3_hic_abmodel_zerocovid_omicron,realistic
HIC,1000000,Present,3,Pfizer,0.9,15,9,1/1/2021,0.25,7,10,1,6,0.05,TRUE,90,1,10/1/2021,5,7.5,8,316,rq3_hic_abmodel_zerocovid_omicron,realistic
HIC,1000000,Present,3,Pfizer,0.9,15,9,1/1/2021,0.25,7,10,1,6,0.05,TRUE,90,1,2/1/2022,5,7.5,4,317,rq3_hic_abmodel_zerocovid_omicron,realistic
HIC,1000000,Present,3,Pfizer,0.9,15,9,1/1/2021,0.25,7,10,1,6,0.05,TRUE,90,1,2/1/2022,5,7.5,8,318,rq3_hic_abmodel_zerocovid_omicron,realistic
HIC,1000000,Present,3,Pfizer,0.9,15,9,1/1/2021,0.25,7,10,1,6,0.05,TRUE,180,1,8/1/2021,5,7.5,4,319,rq3_hic_abmodel_zerocovid_omicron,realistic
HIC,1000000,Present,3,Pfizer,0.9,15,9,1/1/2021,0.25,7,10,1,6,0.05,TRUE,180,1,8/1/2021,5,7.5,8,320,rq3_hic_abmodel_zerocovid_omicron,realistic
HIC,1000000,Present,3,Pfizer,0.9,15,9,1/1/2021,0.25,7,10,1,6,0.05,TRUE,180,1,10/1/2021,5,7.5,4,321,rq3_hic_abmodel_zerocovid_omicron,realistic
HIC,1000000,Present,3,Pfizer,0.9,15,9,1/1/2021,0.25,7,10,1,6,0.05,TRUE,180,1,10/1/2021,5,7.5,8,322,rq3_hic_abmodel_zerocovid_omicron,realistic
HIC,1000000,Present,3,Pfizer,0.9,15,9,1/1/2021,0.25,7,10,1,6,0.05,TRUE,180,1,2/1/2022,5,7.5,4,323,rq3_hic_abmodel_zerocovid_omicron,realistic
HIC,1000000,Present,3,Pfizer,0.9,15,9,1/1/2021,0.25,7,10,1,6,0.05,TRUE,180,1,2/1/2022,5,7.5,8,324,rq3_hic_abmodel_zerocovid_omicron,realistic
HIC,1000000,Present,3,Pfizer,0.9,15,9,1/1/2021,0.25,8,10,1,6,0.05,TRUE,90,1,8/1/2021,5,7.5,4,325,rq3_hic_abmodel_zerocovid_omicron,realistic
HIC,1000000,Present,3,Pfizer,0.9,15,9,1/1/2021,0.25,8,10,1,6,0.05,TRUE,90,1,8/1/2021,5,7.5,8,326,rq3_hic_abmodel_zerocovid_omicron,realistic
HIC,1000000,Present,3,Pfizer,0.9,15,9,1/1/2021,0.25,8,10,1,6,0.05,TRUE,90,1,10/1/2021,5,7.5,4,327,rq3_hic_abmodel_zerocovid_omicron,realistic
HIC,1000000,Present,3,Pfizer,0.9,15,9,1/1/2021,0.25,8,10,1,6,0.05,TRUE,90,1,10/1/2021,5,7.5,8,328,rq3_hic_abmodel_zerocovid_omicron,realistic
HIC,1000000,Present,3,Pfizer,0.9,15,9,1/1/2021,0.25,8,10,1,6,0.05,TRUE,90,1,2/1/2022,5,7.5,4,329,rq3_hic_abmodel_zerocovid_omicron,realistic
HIC,1000000,Present,3,Pfizer,0.9,15,9,1/1/2021,0.25,8,10,1,6,0.05,TRUE,90,1,2/1/2022,5,7.5,8,330,rq3_hic_abmodel_zerocovid_omicron,realistic
HIC,1000000,Present,3,Pfizer,0.9,15,9,1/1/2021,0.25,8,10,1,6,0.05,TRUE,180,1,8/1/2021,5,7.5,4,331,rq3_hic_abmodel_zerocovid_omicron,realistic
HIC,1000000,Present,3,Pfizer,0.9,15,9,1/1/2021,0.25,8,10,1,6,0.05,TRUE,180,1,8/1/2021,5,7.5,8,332,rq3_hic_abmodel_zerocovid_omicron,realistic
HIC,1000000,Present,3,Pfizer,0.9,15,9,1/1/2021,0.25,8,10,1,6,0.05,TRUE,180,1,10/1/2021,5,7.5,4,333,rq3_hic_abmodel_zerocovid_omicron,realistic
HIC,1000000,Present,3,Pfizer,0.9,15,9,1/1/2021,0.25,8,10,1,6,0.05,TRUE,180,1,10/1/2021,5,7.5,8,334,rq3_hic_abmodel_zerocovid_omicron,realistic
HIC,1000000,Present,3,Pfizer,0.9,15,9,1/1/2021,0.25,8,10,1,6,0.05,TRUE,180,1,2/1/2022,5,7.5,4,335,rq3_hic_abmodel_zerocovid_omicron,realistic
HIC,1000000,Present,3,Pfizer,0.9,15,9,1/1/2021,0.25,8,10,1,6,0.05,TRUE,180,1,2/1/2022,5,7.5,8,336,rq3_hic_abmodel_zerocovid_omicron,realistic
HIC,1000000,Present,3,Pfizer,0.9,15,9,1/1/2021,0.25,9,10,1,6,0.05,TRUE,90,1,8/1/2021,5,7.5,4,337,rq3_hic_abmodel_zerocovid_omicron,realistic
HIC,1000000,Present,3,Pfizer,0.9,15,9,1/1/2021,0.25,9,10,1,6,0.05,TRUE,90,1,8/1/2021,5,7.5,8,338,rq3_hic_abmodel_zerocovid_omicron,realistic
HIC,1000000,Present,3,Pfizer,0.9,15,9,1/1/2021,0.25,9,10,1,6,0.05,TRUE,90,1,10/1/2021,5,7.5,4,339,rq3_hic_abmodel_zerocovid_omicron,realistic
HIC,1000000,Present,3,Pfizer,0.9,15,9,1/1/2021,0.25,9,10,1,6,0.05,TRUE,90,1,10/1/2021,5,7.5,8,340,rq3_hic_abmodel_zerocovid_omicron,realistic
HIC,1000000,Present,3,Pfizer,0.9,15,9,1/1/2021,0.25,9,10,1,6,0.05,TRUE,90,1,2/1/2022,5,7.5,4,341,rq3_hic_abmodel_zerocovid_omicron,realistic
HIC,1000000,Present,3,Pfizer,0.9,15,9,1/1/2021,0.25,9,10,1,6,0.05,TRUE,90,1,2/1/2022,5,7.5,8,342,rq3_hic_abmodel_zerocovid_omicron,realistic
HIC,1000000,Present,3,Pfizer,0.9,15,9,1/1/2021,0.25,9,10,1,6,0.05,TRUE,180,1,8/1/2021,5,7.5,4,343,rq3_hic_abmodel_zerocovid_omicron,realistic
HIC,1000000,Present,3,Pfizer,0.9,15,9,1/1/2021,0.25,9,10,1,6,0.05,TRUE,180,1,8/1/2021,5,7.5,8,344,rq3_hic_abmodel_zerocovid_omicron,realistic
HIC,1000000,Present,3,Pfizer,0.9,15,9,1/1/2021,0.25,9,10,1,6,0.05,TRUE,180,1,10/1/2021,5,7.5,4,345,rq3_hic_abmodel_zerocovid_omicron,realistic
HIC,1000000,Present,3,Pfizer,0.9,15,9,1/1/2021,0.25,9,10,1,6,0.05,TRUE,180,1,10/1/2021,5,7.5,8,346,rq3_hic_abmodel_zerocovid_omicron,realistic
HIC,1000000,Present,3,Pfizer,0.9,15,9,1/1/2021,0.25,9,10,1,6,0.05,TRUE,180,1,2/1/2022,5,7.5,4,347,rq3_hic_abmodel_zerocovid_omicron,realistic
HIC,1000000,Present,3,Pfizer,0.9,15,9,1/1/2021,0.25,9,10,1,6,0.05,TRUE,180,1,2/1/2022,5,7.5,8,348,rq3_hic_abmodel_zerocovid_omicron,realistic
HIC,1000000,Present,3,Pfizer,0.9,15,9,1/1/2021,0.25,10,10,1,6,0.05,TRUE,90,1,8/1/2021,5,7.5,4,349,rq3_hic_abmodel_zerocovid_omicron,realistic
HIC,1000000,Present,3,Pfizer,0.9,15,9,1/1/2021,0.25,10,10,1,6,0.05,TRUE,90,1,8/1/2021,5,7.5,8,350,rq3_hic_abmodel_zerocovid_omicron,realistic
HIC,1000000,Present,3,Pfizer,0.9,15,9,1/1/2021,0.25,10,10,1,6,0.05,TRUE,90,1,10/1/2021,5,7.5,4,351,rq3_hic_abmodel_zerocovid_omicron,realistic
HIC,1000000,Present,3,Pfizer,0.9,15,9,1/1/2021,0.25,10,10,1,6,0.05,TRUE,90,1,10/1/2021,5,7.5,8,352,rq3_hic_abmodel_zerocovid_omicron,realistic
HIC,1000000,Present,3,Pfizer,0.9,15,9,1/1/2021,0.25,10,10,1,6,0.05,TRUE,90,1,2/1/2022,5,7.5,4,353,rq3_hic_abmodel_zerocovid_omicron,realistic
HIC,1000000,Present,3,Pfizer,0.9,15,9,1/1/2021,0.25,10,10,1,6,0.05,TRUE,90,1,2/1/2022,5,7.5,8,354,rq3_hic_abmodel_zerocovid_omicron,realistic
HIC,1000000,Present,3,Pfizer,0.9,15,9,1/1/2021,0.25,10,10,1,6,0.05,TRUE,180,1,8/1/2021,5,7.5,4,355,rq3_hic_abmodel_zerocovid_omicron,realistic
HIC,1000000,Present,3,Pfizer,0.9,15,9,1/1/2021,0.25,10,10,1,6,0.05,TRUE,180,1,8/1/2021,5,7.5,8,356,rq3_hic_abmodel_zerocovid_omicron,realistic
HIC,1000000,Present,3,Pfizer,0.9,15,9,1/1/2021,0.25,10,10,1,6,0.05,TRUE,180,1,10/1/2021,5,7.5,4,357,rq3_hic_abmodel_zerocovid_omicron,realistic
HIC,1000000,Present,3,Pfizer,0.9,15,9,1/1/2021,0.25,10,10,1,6,0.05,TRUE,180,1,10/1/2021,5,7.5,8,358,rq3_hic_abmodel_zerocovid_omicron,realistic
HIC,1000000,Present,3,Pfizer,0.9,15,9,1/1/2021,0.25,10,10,1,6,0.05,TRUE,180,1,2/1/2022,5,7.5,4,359,rq3_hic_abmodel_zerocovid_omicron,realistic
HIC,1000000,Present,3,Pfizer,0.9,15,9,1/1/2021,0.25,10,10,1,6,0.05,TRUE,180,1,2/1/2022,5,7.5,8,360,rq3_hic_abmodel_zerocovid_omicron,realistic
HIC,1000000,Present,3,Pfizer,0.9,15,13,1/1/2021,0.25,1,10,1,6,0.05,TRUE,90,1,8/1/2021,5,7.5,4,361,rq3_hic_abmodel_zerocovid_omicron,realistic
HIC,1000000,Present,3,Pfizer,0.9,15,13,1/1/2021,0.25,1,10,1,6,0.05,TRUE,90,1,8/1/2021,5,7.5,8,362,rq3_hic_abmodel_zerocovid_omicron,realistic
HIC,1000000,Present,3,Pfizer,0.9,15,13,1/1/2021,0.25,1,10,1,6,0.05,TRUE,90,1,10/1/2021,5,7.5,4,363,rq3_hic_abmodel_zerocovid_omicron,realistic
HIC,1000000,Present,3,Pfizer,0.9,15,13,1/1/2021,0.25,1,10,1,6,0.05,TRUE,90,1,10/1/2021,5,7.5,8,364,rq3_hic_abmodel_zerocovid_omicron,realistic
HIC,1000000,Present,3,Pfizer,0.9,15,13,1/1/2021,0.25,1,10,1,6,0.05,TRUE,90,1,2/1/2022,5,7.5,4,365,rq3_hic_abmodel_zerocovid_omicron,realistic
HIC,1000000,Present,3,Pfizer,0.9,15,13,1/1/2021,0.25,1,10,1,6,0.05,TRUE,90,1,2/1/2022,5,7.5,8,366,rq3_hic_abmodel_zerocovid_omicron,realistic
HIC,1000000,Present,3,Pfizer,0.9,15,13,1/1/2021,0.25,1,10,1,6,0.05,TRUE,180,1,8/1/2021,5,7.5,4,367,rq3_hic_abmodel_zerocovid_omicron,realistic
HIC,1000000,Present,3,Pfizer,0.9,15,13,1/1/2021,0.25,1,10,1,6,0.05,TRUE,180,1,8/1/2021,5,7.5,8,368,rq3_hic_abmodel_zerocovid_omicron,realistic
HIC,1000000,Present,3,Pfizer,0.9,15,13,1/1/2021,0.25,1,10,1,6,0.05,TRUE,180,1,10/1/2021,5,7.5,4,369,rq3_hic_abmodel_zerocovid_omicron,realistic
HIC,1000000,Present,3,Pfizer,0.9,15,13,1/1/2021,0.25,1,10,1,6,0.05,TRUE,180,1,10/1/2021,5,7.5,8,370,rq3_hic_abmodel_zerocovid_omicron,realistic
HIC,1000000,Present,3,Pfizer,0.9,15,13,1/1/2021,0.25,1,10,1,6,0.05,TRUE,180,1,2/1/2022,5,7.5,4,371,rq3_hic_abmodel_zerocovid_omicron,realistic
HIC,1000000,Present,3,Pfizer,0.9,15,13,1/1/2021,0.25,1,10,1,6,0.05,TRUE,180,1,2/1/2022,5,7.5,8,372,rq3_hic_abmodel_zerocovid_omicron,realistic
HIC,1000000,Present,3,Pfizer,0.9,15,13,1/1/2021,0.25,2,10,1,6,0.05,TRUE,90,1,8/1/2021,5,7.5,4,373,rq3_hic_abmodel_zerocovid_omicron,realistic
HIC,1000000,Present,3,Pfizer,0.9,15,13,1/1/2021,0.25,2,10,1,6,0.05,TRUE,90,1,8/1/2021,5,7.5,8,374,rq3_hic_abmodel_zerocovid_omicron,realistic
HIC,1000000,Present,3,Pfizer,0.9,15,13,1/1/2021,0.25,2,10,1,6,0.05,TRUE,90,1,10/1/2021,5,7.5,4,375,rq3_hic_abmodel_zerocovid_omicron,realistic
HIC,1000000,Present,3,Pfizer,0.9,15,13,1/1/2021,0.25,2,10,1,6,0.05,TRUE,90,1,10/1/2021,5,7.5,8,376,rq3_hic_abmodel_zerocovid_omicron,realistic
HIC,1000000,Present,3,Pfizer,0.9,15,13,1/1/2021,0.25,2,10,1,6,0.05,TRUE,90,1,2/1/2022,5,7.5,4,377,rq3_hic_abmodel_zerocovid_omicron,realistic
HIC,1000000,Present,3,Pfizer,0.9,15,13,1/1/2021,0.25,2,10,1,6,0.05,TRUE,90,1,2/1/2022,5,7.5,8,378,rq3_hic_abmodel_zerocovid_omicron,realistic
HIC,1000000,Present,3,Pfizer,0.9,15,13,1/1/2021,0.25,2,10,1,6,0.05,TRUE,180,1,8/1/2021,5,7.5,4,379,rq3_hic_abmodel_zerocovid_omicron,realistic
HIC,1000000,Present,3,Pfizer,0.9,15,13,1/1/2021,0.25,2,10,1,6,0.05,TRUE,180,1,8/1/2021,5,7.5,8,380,rq3_hic_abmodel_zerocovid_omicron,realistic
HIC,1000000,Present,3,Pfizer,0.9,15,13,1/1/2021,0.25,2,10,1,6,0.05,TRUE,180,1,10/1/2021,5,7.5,4,381,rq3_hic_abmodel_zerocovid_omicron,realistic
HIC,1000000,Present,3,Pfizer,0.9,15,13,1/1/2021,0.25,2,10,1,6,0.05,TRUE,180,1,10/1/2021,5,7.5,8,382,rq3_hic_abmodel_zerocovid_omicron,realistic
HIC,1000000,Present,3,Pfizer,0.9,15,13,1/1/2021,0.25,2,10,1,6,0.05,TRUE,180,1,2/1/2022,5,7.5,4,383,rq3_hic_abmodel_zerocovid_omicron,realistic
HIC,1000000,Present,3,Pfizer,0.9,15,13,1/1/2021,0.25,2,10,1,6,0.05,TRUE,180,1,2/1/2022,5,7.5,8,384,rq3_hic_abmodel_zerocovid_omicron,realistic
HIC,1000000,Present,3,Pfizer,0.9,15,13,1/1/2021,0.25,3,10,1,6,0.05,TRUE,90,1,8/1/2021,5,7.5,4,385,rq3_hic_abmodel_zerocovid_omicron,realistic
HIC,1000000,Present,3,Pfizer,0.9,15,13,1/1/2021,0.25,3,10,1,6,0.05,TRUE,90,1,8/1/2021,5,7.5,8,386,rq3_hic_abmodel_zerocovid_omicron,realistic
HIC,1000000,Present,3,Pfizer,0.9,15,13,1/1/2021,0.25,3,10,1,6,0.05,TRUE,90,1,10/1/2021,5,7.5,4,387,rq3_hic_abmodel_zerocovid_omicron,realistic
HIC,1000000,Present,3,Pfizer,0.9,15,13,1/1/2021,0.25,3,10,1,6,0.05,TRUE,90,1,10/1/2021,5,7.5,8,388,rq3_hic_abmodel_zerocovid_omicron,realistic
HIC,1000000,Present,3,Pfizer,0.9,15,13,1/1/2021,0.25,3,10,1,6,0.05,TRUE,90,1,2/1/2022,5,7.5,4,389,rq3_hic_abmodel_zerocovid_omicron,realistic
HIC,1000000,Present,3,Pfizer,0.9,15,13,1/1/2021,0.25,3,10,1,6,0.05,TRUE,90,1,2/1/2022,5,7.5,8,390,rq3_hic_abmodel_zerocovid_omicron,realistic
HIC,1000000,Present,3,Pfizer,0.9,15,13,1/1/2021,0.25,3,10,1,6,0.05,TRUE,180,1,8/1/2021,5,7.5,4,391,rq3_hic_abmodel_zerocovid_omicron,realistic
HIC,1000000,Present,3,Pfizer,0.9,15,13,1/1/2021,0.25,3,10,1,6,0.05,TRUE,180,1,8/1/2021,5,7.5,8,392,rq3_hic_abmodel_zerocovid_omicron,realistic
HIC,1000000,Present,3,Pfizer,0.9,15,13,1/1/2021,0.25,3,10,1,6,0.05,TRUE,180,1,10/1/2021,5,7.5,4,393,rq3_hic_abmodel_zerocovid_omicron,realistic
HIC,1000000,Present,3,Pfizer,0.9,15,13,1/1/2021,0.25,3,10,1,6,0.05,TRUE,180,1,10/1/2021,5,7.5,8,394,rq3_hic_abmodel_zerocovid_omicron,realistic
HIC,1000000,Present,3,Pfizer,0.9,15,13,1/1/2021,0.25,3,10,1,6,0.05,TRUE,180,1,2/1/2022,5,7.5,4,395,rq3_hic_abmodel_zerocovid_omicron,realistic
HIC,1000000,Present,3,Pfizer,0.9,15,13,1/1/2021,0.25,3,10,1,6,0.05,TRUE,180,1,2/1/2022,5,7.5,8,396,rq3_hic_abmodel_zerocovid_omicron,realistic
HIC,1000000,Present,3,Pfizer,0.9,15,13,1/1/2021,0.25,4,10,1,6,0.05,TRUE,90,1,8/1/2021,5,7.5,4,397,rq3_hic_abmodel_zerocovid_omicron,realistic
HIC,1000000,Present,3,Pfizer,0.9,15,13,1/1/2021,0.25,4,10,1,6,0.05,TRUE,90,1,8/1/2021,5,7.5,8,398,rq3_hic_abmodel_zerocovid_omicron,realistic
HIC,1000000,Present,3,Pfizer,0.9,15,13,1/1/2021,0.25,4,10,1,6,0.05,TRUE,90,1,10/1/2021,5,7.5,4,399,rq3_hic_abmodel_zerocovid_omicron,realistic
HIC,1000000,Present,3,Pfizer,0.9,15,13,1/1/2021,0.25,4,10,1,6,0.05,TRUE,90,1,10/1/2021,5,7.5,8,400,rq3_hic_abmodel_zerocovid_omicron,realistic
HIC,1000000,Present,3,Pfizer,0.9,15,13,1/1/2021,0.25,4,10,1,6,0.05,TRUE,90,1,2/1/2022,5,7.5,4,401,rq3_hic_abmodel_zerocovid_omicron,realistic
HIC,1000000,Present,3,Pfizer,0.9,15,13,1/1/2021,0.25,4,10,1,6,0.05,TRUE,90,1,2/1/2022,5,7.5,8,402,rq3_hic_abmodel_zerocovid_omicron,realistic
HIC,1000000,Present,3,Pfizer,0.9,15,13,1/1/2021,0.25,4,10,1,6,0.05,TRUE,180,1,8/1/2021,5,7.5,4,403,rq3_hic_abmodel_zerocovid_omicron,realistic
HIC,1000000,Present,3,Pfizer,0.9,15,13,1/1/2021,0.25,4,10,1,6,0.05,TRUE,180,1,8/1/2021,5,7.5,8,404,rq3_hic_abmodel_zerocovid_omicron,realistic
HIC,1000000,Present,3,Pfizer,0.9,15,13,1/1/2021,0.25,4,10,1,6,0.05,TRUE,180,1,10/1/2021,5,7.5,4,405,rq3_hic_abmodel_zerocovid_omicron,realistic
HIC,1000000,Present,3,Pfizer,0.9,15,13,1/1/2021,0.25,4,10,1,6,0.05,TRUE,180,1,10/1/2021,5,7.5,8,406,rq3_hic_abmodel_zerocovid_omicron,realistic
HIC,1000000,Present,3,Pfizer,0.9,15,13,1/1/2021,0.25,4,10,1,6,0.05,TRUE,180,1,2/1/2022,5,7.5,4,407,rq3_hic_abmodel_zerocovid_omicron,realistic
HIC,1000000,Present,3,Pfizer,0.9,15,13,1/1/2021,0.25,4,10,1,6,0.05,TRUE,180,1,2/1/2022,5,7.5,8,408,rq3_hic_abmodel_zerocovid_omicron,realistic
HIC,1000000,Present,3,Pfizer,0.9,15,13,1/1/2021,0.25,5,10,1,6,0.05,TRUE,90,1,8/1/2021,5,7.5,4,409,rq3_hic_abmodel_zerocovid_omicron,realistic
HIC,1000000,Present,3,Pfizer,0.9,15,13,1/1/2021,0.25,5,10,1,6,0.05,TRUE,90,1,8/1/2021,5,7.5,8,410,rq3_hic_abmodel_zerocovid_omicron,realistic
HIC,1000000,Present,3,Pfizer,0.9,15,13,1/1/2021,0.25,5,10,1,6,0.05,TRUE,90,1,10/1/2021,5,7.5,4,411,rq3_hic_abmodel_zerocovid_omicron,realistic
HIC,1000000,Present,3,Pfizer,0.9,15,13,1/1/2021,0.25,5,10,1,6,0.05,TRUE,90,1,10/1/2021,5,7.5,8,412,rq3_hic_abmodel_zerocovid_omicron,realistic
HIC,1000000,Present,3,Pfizer,0.9,15,13,1/1/2021,0.25,5,10,1,6,0.05,TRUE,90,1,2/1/2022,5,7.5,4,413,rq3_hic_abmodel_zerocovid_omicron,realistic
HIC,1000000,Present,3,Pfizer,0.9,15,13,1/1/2021,0.25,5,10,1,6,0.05,TRUE,90,1,2/1/2022,5,7.5,8,414,rq3_hic_abmodel_zerocovid_omicron,realistic
HIC,1000000,Present,3,Pfizer,0.9,15,13,1/1/2021,0.25,5,10,1,6,0.05,TRUE,180,1,8/1/2021,5,7.5,4,415,rq3_hic_abmodel_zerocovid_omicron,realistic
HIC,1000000,Present,3,Pfizer,0.9,15,13,1/1/2021,0.25,5,10,1,6,0.05,TRUE,180,1,8/1/2021,5,7.5,8,416,rq3_hic_abmodel_zerocovid_omicron,realistic
HIC,1000000,Present,3,Pfizer,0.9,15,13,1/1/2021,0.25,5,10,1,6,0.05,TRUE,180,1,10/1/2021,5,7.5,4,417,rq3_hic_abmodel_zerocovid_omicron,realistic
HIC,1000000,Present,3,Pfizer,0.9,15,13,1/1/2021,0.25,5,10,1,6,0.05,TRUE,180,1,10/1/2021,5,7.5,8,418,rq3_hic_abmodel_zerocovid_omicron,realistic
HIC,1000000,Present,3,Pfizer,0.9,15,13,1/1/2021,0.25,5,10,1,6,0.05,TRUE,180,1,2/1/2022,5,7.5,4,419,rq3_hic_abmodel_zerocovid_omicron,realistic
HIC,1000000,Present,3,Pfizer,0.9,15,13,1/1/2021,0.25,5,10,1,6,0.05,TRUE,180,1,2/1/2022,5,7.5,8,420,rq3_hic_abmodel_zerocovid_omicron,realistic
HIC,1000000,Present,3,Pfizer,0.9,15,13,1/1/2021,0.25,6,10,1,6,0.05,TRUE,90,1,8/1/2021,5,7.5,4,421,rq3_hic_abmodel_zerocovid_omicron,realistic
HIC,1000000,Present,3,Pfizer,0.9,15,13,1/1/2021,0.25,6,10,1,6,0.05,TRUE,90,1,8/1/2021,5,7.5,8,422,rq3_hic_abmodel_zerocovid_omicron,realistic
HIC,1000000,Present,3,Pfizer,0.9,15,13,1/1/2021,0.25,6,10,1,6,0.05,TRUE,90,1,10/1/2021,5,7.5,4,423,rq3_hic_abmodel_zerocovid_omicron,realistic
HIC,1000000,Present,3,Pfizer,0.9,15,13,1/1/2021,0.25,6,10,1,6,0.05,TRUE,90,1,10/1/2021,5,7.5,8,424,rq3_hic_abmodel_zerocovid_omicron,realistic
HIC,1000000,Present,3,Pfizer,0.9,15,13,1/1/2021,0.25,6,10,1,6,0.05,TRUE,90,1,2/1/2022,5,7.5,4,425,rq3_hic_abmodel_zerocovid_omicron,realistic
HIC,1000000,Present,3,Pfizer,0.9,15,13,1/1/2021,0.25,6,10,1,6,0.05,TRUE,90,1,2/1/2022,5,7.5,8,426,rq3_hic_abmodel_zerocovid_omicron,realistic
HIC,1000000,Present,3,Pfizer,0.9,15,13,1/1/2021,0.25,6,10,1,6,0.05,TRUE,180,1,8/1/2021,5,7.5,4,427,rq3_hic_abmodel_zerocovid_omicron,realistic
HIC,1000000,Present,3,Pfizer,0.9,15,13,1/1/2021,0.25,6,10,1,6,0.05,TRUE,180,1,8/1/2021,5,7.5,8,428,rq3_hic_abmodel_zerocovid_omicron,realistic
HIC,1000000,Present,3,Pfizer,0.9,15,13,1/1/2021,0.25,6,10,1,6,0.05,TRUE,180,1,10/1/2021,5,7.5,4,429,rq3_hic_abmodel_zerocovid_omicron,realistic
HIC,1000000,Present,3,Pfizer,0.9,15,13,1/1/2021,0.25,6,10,1,6,0.05,TRUE,180,1,10/1/2021,5,7.5,8,430,rq3_hic_abmodel_zerocovid_omicron,realistic
HIC,1000000,Present,3,Pfizer,0.9,15,13,1/1/2021,0.25,6,10,1,6,0.05,TRUE,180,1,2/1/2022,5,7.5,4,431,rq3_hic_abmodel_zerocovid_omicron,realistic
HIC,1000000,Present,3,Pfizer,0.9,15,13,1/1/2021,0.25,6,10,1,6,0.05,TRUE,180,1,2/1/2022,5,7.5,8,432,rq3_hic_abmodel_zerocovid_omicron,realistic
HIC,1000000,Present,3,Pfizer,0.9,15,13,1/1/2021,0.25,7,10,1,6,0.05,TRUE,90,1,8/1/2021,5,7.5,4,433,rq3_hic_abmodel_zerocovid_omicron,realistic
HIC,1000000,Present,3,Pfizer,0.9,15,13,1/1/2021,0.25,7,10,1,6,0.05,TRUE,90,1,8/1/2021,5,7.5,8,434,rq3_hic_abmodel_zerocovid_omicron,realistic
HIC,1000000,Present,3,Pfizer,0.9,15,13,1/1/2021,0.25,7,10,1,6,0.05,TRUE,90,1,10/1/2021,5,7.5,4,435,rq3_hic_abmodel_zerocovid_omicron,realistic
HIC,1000000,Present,3,Pfizer,0.9,15,13,1/1/2021,0.25,7,10,1,6,0.05,TRUE,90,1,10/1/2021,5,7.5,8,436,rq3_hic_abmodel_zerocovid_omicron,realistic
HIC,1000000,Present,3,Pfizer,0.9,15,13,1/1/2021,0.25,7,10,1,6,0.05,TRUE,90,1,2/1/2022,5,7.5,4,437,rq3_hic_abmodel_zerocovid_omicron,realistic
HIC,1000000,Present,3,Pfizer,0.9,15,13,1/1/2021,0.25,7,10,1,6,0.05,TRUE,90,1,2/1/2022,5,7.5,8,438,rq3_hic_abmodel_zerocovid_omicron,realistic
HIC,1000000,Present,3,Pfizer,0.9,15,13,1/1/2021,0.25,7,10,1,6,0.05,TRUE,180,1,8/1/2021,5,7.5,4,439,rq3_hic_abmodel_zerocovid_omicron,realistic
HIC,1000000,Present,3,Pfizer,0.9,15,13,1/1/2021,0.25,7,10,1,6,0.05,TRUE,180,1,8/1/2021,5,7.5,8,440,rq3_hic_abmodel_zerocovid_omicron,realistic
HIC,1000000,Present,3,Pfizer,0.9,15,13,1/1/2021,0.25,7,10,1,6,0.05,TRUE,180,1,10/1/2021,5,7.5,4,441,rq3_hic_abmodel_zerocovid_omicron,realistic
HIC,1000000,Present,3,Pfizer,0.9,15,13,1/1/2021,0.25,7,10,1,6,0.05,TRUE,180,1,10/1/2021,5,7.5,8,442,rq3_hic_abmodel_zerocovid_omicron,realistic
HIC,1000000,Present,3,Pfizer,0.9,15,13,1/1/2021,0.25,7,10,1,6,0.05,TRUE,180,1,2/1/2022,5,7.5,4,443,rq3_hic_abmodel_zerocovid_omicron,realistic
HIC,1000000,Present,3,Pfizer,0.9,15,13,1/1/2021,0.25,7,10,1,6,0.05,TRUE,180,1,2/1/2022,5,7.5,8,444,rq3_hic_abmodel_zerocovid_omicron,realistic
HIC,1000000,Present,3,Pfizer,0.9,15,13,1/1/2021,0.25,8,10,1,6,0.05,TRUE,90,1,8/1/2021,5,7.5,4,445,rq3_hic_abmodel_zerocovid_omicron,realistic
HIC,1000000,Present,3,Pfizer,0.9,15,13,1/1/2021,0.25,8,10,1,6,0.05,TRUE,90,1,8/1/2021,5,7.5,8,446,rq3_hic_abmodel_zerocovid_omicron,realistic
HIC,1000000,Present,3,Pfizer,0.9,15,13,1/1/2021,0.25,8,10,1,6,0.05,TRUE,90,1,10/1/2021,5,7.5,4,447,rq3_hic_abmodel_zerocovid_omicron,realistic
HIC,1000000,Present,3,Pfizer,0.9,15,13,1/1/2021,0.25,8,10,1,6,0.05,TRUE,90,1,10/1/2021,5,7.5,8,448,rq3_hic_abmodel_zerocovid_omicron,realistic
HIC,1000000,Present,3,Pfizer,0.9,15,13,1/1/2021,0.25,8,10,1,6,0.05,TRUE,90,1,2/1/2022,5,7.5,4,449,rq3_hic_abmodel_zerocovid_omicron,realistic
HIC,1000000,Present,3,Pfizer,0.9,15,13,1/1/2021,0.25,8,10,1,6,0.05,TRUE,90,1,2/1/2022,5,7.5,8,450,rq3_hic_abmodel_zerocovid_omicron,realistic
HIC,1000000,Present,3,Pfizer,0.9,15,13,1/1/2021,0.25,8,10,1,6,0.05,TRUE,180,1,8/1/2021,5,7.5,4,451,rq3_hic_abmodel_zerocovid_omicron,realistic
HIC,1000000,Present,3,Pfizer,0.9,15,13,1/1/2021,0.25,8,10,1,6,0.05,TRUE,180,1,8/1/2021,5,7.5,8,452,rq3_hic_abmodel_zerocovid_omicron,realistic
HIC,1000000,Present,3,Pfizer,0.9,15,13,1/1/2021,0.25,8,10,1,6,0.05,TRUE,180,1,10/1/2021,5,7.5,4,453,rq3_hic_abmodel_zerocovid_omicron,realistic
HIC,1000000,Present,3,Pfizer,0.9,15,13,1/1/2021,0.25,8,10,1,6,0.05,TRUE,180,1,10/1/2021,5,7.5,8,454,rq3_hic_abmodel_zerocovid_omicron,realistic
HIC,1000000,Present,3,Pfizer,0.9,15,13,1/1/2021,0.25,8,10,1,6,0.05,TRUE,180,1,2/1/2022,5,7.5,4,455,rq3_hic_abmodel_zerocovid_omicron,realistic
HIC,1000000,Present,3,Pfizer,0.9,15,13,1/1/2021,0.25,8,10,1,6,0.05,TRUE,180,1,2/1/2022,5,7.5,8,456,rq3_hic_abmodel_zerocovid_omicron,realistic
HIC,1000000,Present,3,Pfizer,0.9,15,13,1/1/2021,0.25,9,10,1,6,0.05,TRUE,90,1,8/1/2021,5,7.5,4,457,rq3_hic_abmodel_zerocovid_omicron,realistic
HIC,1000000,Present,3,Pfizer,0.9,15,13,1/1/2021,0.25,9,10,1,6,0.05,TRUE,90,1,8/1/2021,5,7.5,8,458,rq3_hic_abmodel_zerocovid_omicron,realistic
HIC,1000000,Present,3,Pfizer,0.9,15,13,1/1/2021,0.25,9,10,1,6,0.05,TRUE,90,1,10/1/2021,5,7.5,4,459,rq3_hic_abmodel_zerocovid_omicron,realistic
HIC,1000000,Present,3,Pfizer,0.9,15,13,1/1/2021,0.25,9,10,1,6,0.05,TRUE,90,1,10/1/2021,5,7.5,8,460,rq3_hic_abmodel_zerocovid_omicron,realistic
HIC,1000000,Present,3,Pfizer,0.9,15,13,1/1/2021,0.25,9,10,1,6,0.05,TRUE,90,1,2/1/2022,5,7.5,4,461,rq3_hic_abmodel_zerocovid_omicron,realistic
HIC,1000000,Present,3,Pfizer,0.9,15,13,1/1/2021,0.25,9,10,1,6,0.05,TRUE,90,1,2/1/2022,5,7.5,8,462,rq3_hic_abmodel_zerocovid_omicron,realistic
HIC,1000000,Present,3,Pfizer,0.9,15,13,1/1/2021,0.25,9,10,1,6,0.05,TRUE,180,1,8/1/2021,5,7.5,4,463,rq3_hic_abmodel_zerocovid_omicron,realistic
HIC,1000000,Present,3,Pfizer,0.9,15,13,1/1/2021,0.25,9,10,1,6,0.05,TRUE,180,1,8/1/2021,5,7.5,8,464,rq3_hic_abmodel_zerocovid_omicron,realistic
HIC,1000000,Present,3,Pfizer,0.9,15,13,1/1/2021,0.25,9,10,1,6,0.05,TRUE,180,1,10/1/2021,5,7.5,4,465,rq3_hic_abmodel_zerocovid_omicron,realistic
HIC,1000000,Present,3,Pfizer,0.9,15,13,1/1/2021,0.25,9,10,1,6,0.05,TRUE,180,1,10/1/2021,5,7.5,8,466,rq3_hic_abmodel_zerocovid_omicron,realistic
HIC,1000000,Present,3,Pfizer,0.9,15,13,1/1/2021,0.25,9,10,1,6,0.05,TRUE,180,1,2/1/2022,5,7.5,4,467,rq3_hic_abmodel_zerocovid_omicron,realistic
HIC,1000000,Present,3,Pfizer,0.9,15,13,1/1/2021,0.25,9,10,1,6,0.05,TRUE,180,1,2/1/2022,5,7.5,8,468,rq3_hic_abmodel_zerocovid_omicron,realistic
HIC,1000000,Present,3,Pfizer,0.9,15,13,1/1/2021,0.25,10,10,1,6,0.05,TRUE,90,1,8/1/2021,5,7.5,4,469,rq3_hic_abmodel_zerocovid_omicron,realistic
HIC,1000000,Present,3,Pfizer,0.9,15,13,1/1/2021,0.25,10,10,1,6,0.05,TRUE,90,1,8/1/2021,5,7.5,8,470,rq3_hic_abmodel_zerocovid_omicron,realistic
HIC,1000000,Present,3,Pfizer,0.9,15,13,1/1/2021,0.25,10,10,1,6,0.05,TRUE,90,1,10/1/2021,5,7.5,4,471,rq3_hic_abmodel_zerocovid_omicron,realistic
HIC,1000000,Present,3,Pfizer,0.9,15,13,1/1/2021,0.25,10,10,1,6,0.05,TRUE,90,1,10/1/2021,5,7.5,8,472,rq3_hic_abmodel_zerocovid_omicron,realistic
HIC,1000000,Present,3,Pfizer,0.9,15,13,1/1/2021,0.25,10,10,1,6,0.05,TRUE,90,1,2/1/2022,5,7.5,4,473,rq3_hic_abmodel_zerocovid_omicron,realistic
HIC,1000000,Present,3,Pfizer,0.9,15,13,1/1/2021,0.25,10,10,1,6,0.05,TRUE,90,1,2/1/2022,5,7.5,8,474,rq3_hic_abmodel_zerocovid_omicron,realistic
HIC,1000000,Present,3,Pfizer,0.9,15,13,1/1/2021,0.25,10,10,1,6,0.05,TRUE,180,1,8/1/2021,5,7.5,4,475,rq3_hic_abmodel_zerocovid_omicron,realistic
HIC,1000000,Present,3,Pfizer,0.9,15,13,1/1/2021,0.25,10,10,1,6,0.05,TRUE,180,1,8/1/2021,5,7.5,8,476,rq3_hic_abmodel_zerocovid_omicron,realistic
HIC,1000000,Present,3,Pfizer,0.9,15,13,1/1/2021,0.25,10,10,1,6,0.05,TRUE,180,1,10/1/2021,5,7.5,4,477,rq3_hic_abmodel_zerocovid_omicron,realistic
HIC,1000000,Present,3,Pfizer,0.9,15,13,1/1/2021,0.25,10,10,1,6,0.05,TRUE,180,1,10/1/2021,5,7.5,8,478,rq3_hic_abmodel_zerocovid_omicron,realistic
HIC,1000000,Present,3,Pfizer,0.9,15,13,1/1/2021,0.25,10,10,1,6,0.05,TRUE,180,1,2/1/2022,5,7.5,4,479,rq3_hic_abmodel_zerocovid_omicron,realistic
HIC,1000000,Present,3,Pfizer,0.9,15,13,1/1/2021,0.25,10,10,1,6,0.05,TRUE,180,1,2/1/2022,5,7.5,8,480,rq3_hic_abmodel_zerocovid_omicron,realistic
HIC,1000000,Present,3,Pfizer,0.9,15,15,1/1/2021,0.25,1,10,1,6,0.05,TRUE,90,1,8/1/2021,5,7.5,4,481,rq3_hic_abmodel_zerocovid_omicron,realistic
HIC,1000000,Present,3,Pfizer,0.9,15,15,1/1/2021,0.25,1,10,1,6,0.05,TRUE,90,1,8/1/2021,5,7.5,8,482,rq3_hic_abmodel_zerocovid_omicron,realistic
HIC,1000000,Present,3,Pfizer,0.9,15,15,1/1/2021,0.25,1,10,1,6,0.05,TRUE,90,1,10/1/2021,5,7.5,4,483,rq3_hic_abmodel_zerocovid_omicron,realistic
HIC,1000000,Present,3,Pfizer,0.9,15,15,1/1/2021,0.25,1,10,1,6,0.05,TRUE,90,1,10/1/2021,5,7.5,8,484,rq3_hic_abmodel_zerocovid_omicron,realistic
HIC,1000000,Present,3,Pfizer,0.9,15,15,1/1/2021,0.25,1,10,1,6,0.05,TRUE,90,1,2/1/2022,5,7.5,4,485,rq3_hic_abmodel_zerocovid_omicron,realistic
HIC,1000000,Present,3,Pfizer,0.9,15,15,1/1/2021,0.25,1,10,1,6,0.05,TRUE,90,1,2/1/2022,5,7.5,8,486,rq3_hic_abmodel_zerocovid_omicron,realistic
HIC,1000000,Present,3,Pfizer,0.9,15,15,1/1/2021,0.25,1,10,1,6,0.05,TRUE,180,1,8/1/2021,5,7.5,4,487,rq3_hic_abmodel_zerocovid_omicron,realistic
HIC,1000000,Present,3,Pfizer,0.9,15,15,1/1/2021,0.25,1,10,1,6,0.05,TRUE,180,1,8/1/2021,5,7.5,8,488,rq3_hic_abmodel_zerocovid_omicron,realistic
HIC,1000000,Present,3,Pfizer,0.9,15,15,1/1/2021,0.25,1,10,1,6,0.05,TRUE,180,1,10/1/2021,5,7.5,4,489,rq3_hic_abmodel_zerocovid_omicron,realistic
HIC,1000000,Present,3,Pfizer,0.9,15,15,1/1/2021,0.25,1,10,1,6,0.05,TRUE,180,1,10/1/2021,5,7.5,8,490,rq3_hic_abmodel_zerocovid_omicron,realistic
HIC,1000000,Present,3,Pfizer,0.9,15,15,1/1/2021,0.25,1,10,1,6,0.05,TRUE,180,1,2/1/2022,5,7.5,4,491,rq3_hic_abmodel_zerocovid_omicron,realistic
HIC,1000000,Present,3,Pfizer,0.9,15,15,1/1/2021,0.25,1,10,1,6,0.05,TRUE,180,1,2/1/2022,5,7.5,8,492,rq3_hic_abmodel_zerocovid_omicron,realistic
HIC,1000000,Present,3,Pfizer,0.9,15,15,1/1/2021,0.25,2,10,1,6,0.05,TRUE,90,1,8/1/2021,5,7.5,4,493,rq3_hic_abmodel_zerocovid_omicron,realistic
HIC,1000000,Present,3,Pfizer,0.9,15,15,1/1/2021,0.25,2,10,1,6,0.05,TRUE,90,1,8/1/2021,5,7.5,8,494,rq3_hic_abmodel_zerocovid_omicron,realistic
HIC,1000000,Present,3,Pfizer,0.9,15,15,1/1/2021,0.25,2,10,1,6,0.05,TRUE,90,1,10/1/2021,5,7.5,4,495,rq3_hic_abmodel_zerocovid_omicron,realistic
HIC,1000000,Present,3,Pfizer,0.9,15,15,1/1/2021,0.25,2,10,1,6,0.05,TRUE,90,1,10/1/2021,5,7.5,8,496,rq3_hic_abmodel_zerocovid_omicron,realistic
HIC,1000000,Present,3,Pfizer,0.9,15,15,1/1/2021,0.25,2,10,1,6,0.05,TRUE,90,1,2/1/2022,5,7.5,4,497,rq3_hic_abmodel_zerocovid_omicron,realistic
HIC,1000000,Present,3,Pfizer,0.9,15,15,1/1/2021,0.25,2,10,1,6,0.05,TRUE,90,1,2/1/2022,5,7.5,8,498,rq3_hic_abmodel_zerocovid_omicron,realistic
HIC,1000000,Present,3,Pfizer,0.9,15,15,1/1/2021,0.25,2,10,1,6,0.05,TRUE,180,1,8/1/2021,5,7.5,4,499,rq3_hic_abmodel_zerocovid_omicron,realistic
HIC,1000000,Present,3,Pfizer,0.9,15,15,1/1/2021,0.25,2,10,1,6,0.05,TRUE,180,1,8/1/2021,5,7.5,8,500,rq3_hic_abmodel_zerocovid_omicron,realistic
HIC,1000000,Present,3,Pfizer,0.9,15,15,1/1/2021,0.25,2,10,1,6,0.05,TRUE,180,1,10/1/2021,5,7.5,4,501,rq3_hic_abmodel_zerocovid_omicron,realistic
HIC,1000000,Present,3,Pfizer,0.9,15,15,1/1/2021,0.25,2,10,1,6,0.05,TRUE,180,1,10/1/2021,5,7.5,8,502,rq3_hic_abmodel_zerocovid_omicron,realistic
HIC,1000000,Present,3,Pfizer,0.9,15,15,1/1/2021,0.25,2,10,1,6,0.05,TRUE,180,1,2/1/2022,5,7.5,4,503,rq3_hic_abmodel_zerocovid_omicron,realistic
HIC,1000000,Present,3,Pfizer,0.9,15,15,1/1/2021,0.25,2,10,1,6,0.05,TRUE,180,1,2/1/2022,5,7.5,8,504,rq3_hic_abmodel_zerocovid_omicron,realistic
HIC,1000000,Present,3,Pfizer,0.9,15,15,1/1/2021,0.25,3,10,1,6,0.05,TRUE,90,1,8/1/2021,5,7.5,4,505,rq3_hic_abmodel_zerocovid_omicron,realistic
HIC,1000000,Present,3,Pfizer,0.9,15,15,1/1/2021,0.25,3,10,1,6,0.05,TRUE,90,1,8/1/2021,5,7.5,8,506,rq3_hic_abmodel_zerocovid_omicron,realistic
HIC,1000000,Present,3,Pfizer,0.9,15,15,1/1/2021,0.25,3,10,1,6,0.05,TRUE,90,1,10/1/2021,5,7.5,4,507,rq3_hic_abmodel_zerocovid_omicron,realistic
HIC,1000000,Present,3,Pfizer,0.9,15,15,1/1/2021,0.25,3,10,1,6,0.05,TRUE,90,1,10/1/2021,5,7.5,8,508,rq3_hic_abmodel_zerocovid_omicron,realistic
HIC,1000000,Present,3,Pfizer,0.9,15,15,1/1/2021,0.25,3,10,1,6,0.05,TRUE,90,1,2/1/2022,5,7.5,4,509,rq3_hic_abmodel_zerocovid_omicron,realistic
HIC,1000000,Present,3,Pfizer,0.9,15,15,1/1/2021,0.25,3,10,1,6,0.05,TRUE,90,1,2/1/2022,5,7.5,8,510,rq3_hic_abmodel_zerocovid_omicron,realistic
HIC,1000000,Present,3,Pfizer,0.9,15,15,1/1/2021,0.25,3,10,1,6,0.05,TRUE,180,1,8/1/2021,5,7.5,4,511,rq3_hic_abmodel_zerocovid_omicron,realistic
HIC,1000000,Present,3,Pfizer,0.9,15,15,1/1/2021,0.25,3,10,1,6,0.05,TRUE,180,1,8/1/2021,5,7.5,8,512,rq3_hic_abmodel_zerocovid_omicron,realistic
HIC,1000000,Present,3,Pfizer,0.9,15,15,1/1/2021,0.25,3,10,1,6,0.05,TRUE,180,1,10/1/2021,5,7.5,4,513,rq3_hic_abmodel_zerocovid_omicron,realistic
HIC,1000000,Present,3,Pfizer,0.9,15,15,1/1/2021,0.25,3,10,1,6,0.05,TRUE,180,1,10/1/2021,5,7.5,8,514,rq3_hic_abmodel_zerocovid_omicron,realistic
HIC,1000000,Present,3,Pfizer,0.9,15,15,1/1/2021,0.25,3,10,1,6,0.05,TRUE,180,1,2/1/2022,5,7.5,4,515,rq3_hic_abmodel_zerocovid_omicron,realistic
HIC,1000000,Present,3,Pfizer,0.9,15,15,1/1/2021,0.25,3,10,1,6,0.05,TRUE,180,1,2/1/2022,5,7.5,8,516,rq3_hic_abmodel_zerocovid_omicron,realistic
HIC,1000000,Present,3,Pfizer,0.9,15,15,1/1/2021,0.25,4,10,1,6,0.05,TRUE,90,1,8/1/2021,5,7.5,4,517,rq3_hic_abmodel_zerocovid_omicron,realistic
HIC,1000000,Present,3,Pfizer,0.9,15,15,1/1/2021,0.25,4,10,1,6,0.05,TRUE,90,1,8/1/2021,5,7.5,8,518,rq3_hic_abmodel_zerocovid_omicron,realistic
HIC,1000000,Present,3,Pfizer,0.9,15,15,1/1/2021,0.25,4,10,1,6,0.05,TRUE,90,1,10/1/2021,5,7.5,4,519,rq3_hic_abmodel_zerocovid_omicron,realistic
HIC,1000000,Present,3,Pfizer,0.9,15,15,1/1/2021,0.25,4,10,1,6,0.05,TRUE,90,1,10/1/2021,5,7.5,8,520,rq3_hic_abmodel_zerocovid_omicron,realistic
HIC,1000000,Present,3,Pfizer,0.9,15,15,1/1/2021,0.25,4,10,1,6,0.05,TRUE,90,1,2/1/2022,5,7.5,4,521,rq3_hic_abmodel_zerocovid_omicron,realistic
HIC,1000000,Present,3,Pfizer,0.9,15,15,1/1/2021,0.25,4,10,1,6,0.05,TRUE,90,1,2/1/2022,5,7.5,8,522,rq3_hic_abmodel_zerocovid_omicron,realistic
HIC,1000000,Present,3,Pfizer,0.9,15,15,1/1/2021,0.25,4,10,1,6,0.05,TRUE,180,1,8/1/2021,5,7.5,4,523,rq3_hic_abmodel_zerocovid_omicron,realistic
HIC,1000000,Present,3,Pfizer,0.9,15,15,1/1/2021,0.25,4,10,1,6,0.05,TRUE,180,1,8/1/2021,5,7.5,8,524,rq3_hic_abmodel_zerocovid_omicron,realistic
HIC,1000000,Present,3,Pfizer,0.9,15,15,1/1/2021,0.25,4,10,1,6,0.05,TRUE,180,1,10/1/2021,5,7.5,4,525,rq3_hic_abmodel_zerocovid_omicron,realistic
HIC,1000000,Present,3,Pfizer,0.9,15,15,1/1/2021,0.25,4,10,1,6,0.05,TRUE,180,1,10/1/2021,5,7.5,8,526,rq3_hic_abmodel_zerocovid_omicron,realistic
HIC,1000000,Present,3,Pfizer,0.9,15,15,1/1/2021,0.25,4,10,1,6,0.05,TRUE,180,1,2/1/2022,5,7.5,4,527,rq3_hic_abmodel_zerocovid_omicron,realistic
HIC,1000000,Present,3,Pfizer,0.9,15,15,1/1/2021,0.25,4,10,1,6,0.05,TRUE,180,1,2/1/2022,5,7.5,8,528,rq3_hic_abmodel_zerocovid_omicron,realistic
HIC,1000000,Present,3,Pfizer,0.9,15,15,1/1/2021,0.25,5,10,1,6,0.05,TRUE,90,1,8/1/2021,5,7.5,4,529,rq3_hic_abmodel_zerocovid_omicron,realistic
HIC,1000000,Present,3,Pfizer,0.9,15,15,1/1/2021,0.25,5,10,1,6,0.05,TRUE,90,1,8/1/2021,5,7.5,8,530,rq3_hic_abmodel_zerocovid_omicron,realistic
HIC,1000000,Present,3,Pfizer,0.9,15,15,1/1/2021,0.25,5,10,1,6,0.05,TRUE,90,1,10/1/2021,5,7.5,4,531,rq3_hic_abmodel_zerocovid_omicron,realistic
HIC,1000000,Present,3,Pfizer,0.9,15,15,1/1/2021,0.25,5,10,1,6,0.05,TRUE,90,1,10/1/2021,5,7.5,8,532,rq3_hic_abmodel_zerocovid_omicron,realistic
HIC,1000000,Present,3,Pfizer,0.9,15,15,1/1/2021,0.25,5,10,1,6,0.05,TRUE,90,1,2/1/2022,5,7.5,4,533,rq3_hic_abmodel_zerocovid_omicron,realistic
HIC,1000000,Present,3,Pfizer,0.9,15,15,1/1/2021,0.25,5,10,1,6,0.05,TRUE,90,1,2/1/2022,5,7.5,8,534,rq3_hic_abmodel_zerocovid_omicron,realistic
HIC,1000000,Present,3,Pfizer,0.9,15,15,1/1/2021,0.25,5,10,1,6,0.05,TRUE,180,1,8/1/2021,5,7.5,4,535,rq3_hic_abmodel_zerocovid_omicron,realistic
HIC,1000000,Present,3,Pfizer,0.9,15,15,1/1/2021,0.25,5,10,1,6,0.05,TRUE,180,1,8/1/2021,5,7.5,8,536,rq3_hic_abmodel_zerocovid_omicron,realistic
HIC,1000000,Present,3,Pfizer,0.9,15,15,1/1/2021,0.25,5,10,1,6,0.05,TRUE,180,1,10/1/2021,5,7.5,4,537,rq3_hic_abmodel_zerocovid_omicron,realistic
HIC,1000000,Present,3,Pfizer,0.9,15,15,1/1/2021,0.25,5,10,1,6,0.05,TRUE,180,1,10/1/2021,5,7.5,8,538,rq3_hic_abmodel_zerocovid_omicron,realistic
HIC,1000000,Present,3,Pfizer,0.9,15,15,1/1/2021,0.25,5,10,1,6,0.05,TRUE,180,1,2/1/2022,5,7.5,4,539,rq3_hic_abmodel_zerocovid_omicron,realistic
HIC,1000000,Present,3,Pfizer,0.9,15,15,1/1/2021,0.25,5,10,1,6,0.05,TRUE,180,1,2/1/2022,5,7.5,8,540,rq3_hic_abmodel_zerocovid_omicron,realistic
HIC,1000000,Present,3,Pfizer,0.9,15,15,1/1/2021,0.25,6,10,1,6,0.05,TRUE,90,1,8/1/2021,5,7.5,4,541,rq3_hic_abmodel_zerocovid_omicron,realistic
HIC,1000000,Present,3,Pfizer,0.9,15,15,1/1/2021,0.25,6,10,1,6,0.05,TRUE,90,1,8/1/2021,5,7.5,8,542,rq3_hic_abmodel_zerocovid_omicron,realistic
HIC,1000000,Present,3,Pfizer,0.9,15,15,1/1/2021,0.25,6,10,1,6,0.05,TRUE,90,1,10/1/2021,5,7.5,4,543,rq3_hic_abmodel_zerocovid_omicron,realistic
HIC,1000000,Present,3,Pfizer,0.9,15,15,1/1/2021,0.25,6,10,1,6,0.05,TRUE,90,1,10/1/2021,5,7.5,8,544,rq3_hic_abmodel_zerocovid_omicron,realistic
HIC,1000000,Present,3,Pfizer,0.9,15,15,1/1/2021,0.25,6,10,1,6,0.05,TRUE,90,1,2/1/2022,5,7.5,4,545,rq3_hic_abmodel_zerocovid_omicron,realistic
HIC,1000000,Present,3,Pfizer,0.9,15,15,1/1/2021,0.25,6,10,1,6,0.05,TRUE,90,1,2/1/2022,5,7.5,8,546,rq3_hic_abmodel_zerocovid_omicron,realistic
HIC,1000000,Present,3,Pfizer,0.9,15,15,1/1/2021,0.25,6,10,1,6,0.05,TRUE,180,1,8/1/2021,5,7.5,4,547,rq3_hic_abmodel_zerocovid_omicron,realistic
HIC,1000000,Present,3,Pfizer,0.9,15,15,1/1/2021,0.25,6,10,1,6,0.05,TRUE,180,1,8/1/2021,5,7.5,8,548,rq3_hic_abmodel_zerocovid_omicron,realistic
HIC,1000000,Present,3,Pfizer,0.9,15,15,1/1/2021,0.25,6,10,1,6,0.05,TRUE,180,1,10/1/2021,5,7.5,4,549,rq3_hic_abmodel_zerocovid_omicron,realistic
HIC,1000000,Present,3,Pfizer,0.9,15,15,1/1/2021,0.25,6,10,1,6,0.05,TRUE,180,1,10/1/2021,5,7.5,8,550,rq3_hic_abmodel_zerocovid_omicron,realistic
HIC,1000000,Present,3,Pfizer,0.9,15,15,1/1/2021,0.25,6,10,1,6,0.05,TRUE,180,1,2/1/2022,5,7.5,4,551,rq3_hic_abmodel_zerocovid_omicron,realistic
HIC,1000000,Present,3,Pfizer,0.9,15,15,1/1/2021,0.25,6,10,1,6,0.05,TRUE,180,1,2/1/2022,5,7.5,8,552,rq3_hic_abmodel_zerocovid_omicron,realistic
HIC,1000000,Present,3,Pfizer,0.9,15,15,1/1/2021,0.25,7,10,1,6,0.05,TRUE,90,1,8/1/2021,5,7.5,4,553,rq3_hic_abmodel_zerocovid_omicron,realistic
HIC,1000000,Present,3,Pfizer,0.9,15,15,1/1/2021,0.25,7,10,1,6,0.05,TRUE,90,1,8/1/2021,5,7.5,8,554,rq3_hic_abmodel_zerocovid_omicron,realistic
HIC,1000000,Present,3,Pfizer,0.9,15,15,1/1/2021,0.25,7,10,1,6,0.05,TRUE,90,1,10/1/2021,5,7.5,4,555,rq3_hic_abmodel_zerocovid_omicron,realistic
HIC,1000000,Present,3,Pfizer,0.9,15,15,1/1/2021,0.25,7,10,1,6,0.05,TRUE,90,1,10/1/2021,5,7.5,8,556,rq3_hic_abmodel_zerocovid_omicron,realistic
HIC,1000000,Present,3,Pfizer,0.9,15,15,1/1/2021,0.25,7,10,1,6,0.05,TRUE,90,1,2/1/2022,5,7.5,4,557,rq3_hic_abmodel_zerocovid_omicron,realistic
HIC,1000000,Present,3,Pfizer,0.9,15,15,1/1/2021,0.25,7,10,1,6,0.05,TRUE,90,1,2/1/2022,5,7.5,8,558,rq3_hic_abmodel_zerocovid_omicron,realistic
HIC,1000000,Present,3,Pfizer,0.9,15,15,1/1/2021,0.25,7,10,1,6,0.05,TRUE,180,1,8/1/2021,5,7.5,4,559,rq3_hic_abmodel_zerocovid_omicron,realistic
HIC,1000000,Present,3,Pfizer,0.9,15,15,1/1/2021,0.25,7,10,1,6,0.05,TRUE,180,1,8/1/2021,5,7.5,8,560,rq3_hic_abmodel_zerocovid_omicron,realistic
HIC,1000000,Present,3,Pfizer,0.9,15,15,1/1/2021,0.25,7,10,1,6,0.05,TRUE,180,1,10/1/2021,5,7.5,4,561,rq3_hic_abmodel_zerocovid_omicron,realistic
HIC,1000000,Present,3,Pfizer,0.9,15,15,1/1/2021,0.25,7,10,1,6,0.05,TRUE,180,1,10/1/2021,5,7.5,8,562,rq3_hic_abmodel_zerocovid_omicron,realistic
HIC,1000000,Present,3,Pfizer,0.9,15,15,1/1/2021,0.25,7,10,1,6,0.05,TRUE,180,1,2/1/2022,5,7.5,4,563,rq3_hic_abmodel_zerocovid_omicron,realistic
HIC,1000000,Present,3,Pfizer,0.9,15,15,1/1/2021,0.25,7,10,1,6,0.05,TRUE,180,1,2/1/2022,5,7.5,8,564,rq3_hic_abmodel_zerocovid_omicron,realistic
HIC,1000000,Present,3,Pfizer,0.9,15,15,1/1/2021,0.25,8,10,1,6,0.05,TRUE,90,1,8/1/2021,5,7.5,4,565,rq3_hic_abmodel_zerocovid_omicron,realistic
HIC,1000000,Present,3,Pfizer,0.9,15,15,1/1/2021,0.25,8,10,1,6,0.05,TRUE,90,1,8/1/2021,5,7.5,8,566,rq3_hic_abmodel_zerocovid_omicron,realistic
HIC,1000000,Present,3,Pfizer,0.9,15,15,1/1/2021,0.25,8,10,1,6,0.05,TRUE,90,1,10/1/2021,5,7.5,4,567,rq3_hic_abmodel_zerocovid_omicron,realistic
HIC,1000000,Present,3,Pfizer,0.9,15,15,1/1/2021,0.25,8,10,1,6,0.05,TRUE,90,1,10/1/2021,5,7.5,8,568,rq3_hic_abmodel_zerocovid_omicron,realistic
HIC,1000000,Present,3,Pfizer,0.9,15,15,1/1/2021,0.25,8,10,1,6,0.05,TRUE,90,1,2/1/2022,5,7.5,4,569,rq3_hic_abmodel_zerocovid_omicron,realistic
HIC,1000000,Present,3,Pfizer,0.9,15,15,1/1/2021,0.25,8,10,1,6,0.05,TRUE,90,1,2/1/2022,5,7.5,8,570,rq3_hic_abmodel_zerocovid_omicron,realistic
HIC,1000000,Present,3,Pfizer,0.9,15,15,1/1/2021,0.25,8,10,1,6,0.05,TRUE,180,1,8/1/2021,5,7.5,4,571,rq3_hic_abmodel_zerocovid_omicron,realistic
HIC,1000000,Present,3,Pfizer,0.9,15,15,1/1/2021,0.25,8,10,1,6,0.05,TRUE,180,1,8/1/2021,5,7.5,8,572,rq3_hic_abmodel_zerocovid_omicron,realistic
HIC,1000000,Present,3,Pfizer,0.9,15,15,1/1/2021,0.25,8,10,1,6,0.05,TRUE,180,1,10/1/2021,5,7.5,4,573,rq3_hic_abmodel_zerocovid_omicron,realistic
HIC,1000000,Present,3,Pfizer,0.9,15,15,1/1/2021,0.25,8,10,1,6,0.05,TRUE,180,1,10/1/2021,5,7.5,8,574,rq3_hic_abmodel_zerocovid_omicron,realistic
HIC,1000000,Present,3,Pfizer,0.9,15,15,1/1/2021,0.25,8,10,1,6,0.05,TRUE,180,1,2/1/2022,5,7.5,4,575,rq3_hic_abmodel_zerocovid_omicron,realistic
HIC,1000000,Present,3,Pfizer,0.9,15,15,1/1/2021,0.25,8,10,1,6,0.05,TRUE,180,1,2/1/2022,5,7.5,8,576,rq3_hic_abmodel_zerocovid_omicron,realistic
HIC,1000000,Present,3,Pfizer,0.9,15,15,1/1/2021,0.25,9,10,1,6,0.05,TRUE,90,1,8/1/2021,5,7.5,4,577,rq3_hic_abmodel_zerocovid_omicron,realistic
HIC,1000000,Present,3,Pfizer,0.9,15,15,1/1/2021,0.25,9,10,1,6,0.05,TRUE,90,1,8/1/2021,5,7.5,8,578,rq3_hic_abmodel_zerocovid_omicron,realistic
HIC,1000000,Present,3,Pfizer,0.9,15,15,1/1/2021,0.25,9,10,1,6,0.05,TRUE,90,1,10/1/2021,5,7.5,4,579,rq3_hic_abmodel_zerocovid_omicron,realistic
HIC,1000000,Present,3,Pfizer,0.9,15,15,1/1/2021,0.25,9,10,1,6,0.05,TRUE,90,1,10/1/2021,5,7.5,8,580,rq3_hic_abmodel_zerocovid_omicron,realistic
HIC,1000000,Present,3,Pfizer,0.9,15,15,1/1/2021,0.25,9,10,1,6,0.05,TRUE,90,1,2/1/2022,5,7.5,4,581,rq3_hic_abmodel_zerocovid_omicron,realistic
HIC,1000000,Present,3,Pfizer,0.9,15,15,1/1/2021,0.25,9,10,1,6,0.05,TRUE,90,1,2/1/2022,5,7.5,8,582,rq3_hic_abmodel_zerocovid_omicron,realistic
HIC,1000000,Present,3,Pfizer,0.9,15,15,1/1/2021,0.25,9,10,1,6,0.05,TRUE,180,1,8/1/2021,5,7.5,4,583,rq3_hic_abmodel_zerocovid_omicron,realistic
HIC,1000000,Present,3,Pfizer,0.9,15,15,1/1/2021,0.25,9,10,1,6,0.05,TRUE,180,1,8/1/2021,5,7.5,8,584,rq3_hic_abmodel_zerocovid_omicron,realistic
HIC,1000000,Present,3,Pfizer,0.9,15,15,1/1/2021,0.25,9,10,1,6,0.05,TRUE,180,1,10/1/2021,5,7.5,4,585,rq3_hic_abmodel_zerocovid_omicron,realistic
HIC,1000000,Present,3,Pfizer,0.9,15,15,1/1/2021,0.25,9,10,1,6,0.05,TRUE,180,1,10/1/2021,5,7.5,8,586,rq3_hic_abmodel_zerocovid_omicron,realistic
HIC,1000000,Present,3,Pfizer,0.9,15,15,1/1/2021,0.25,9,10,1,6,0.05,TRUE,180,1,2/1/2022,5,7.5,4,587,rq3_hic_abmodel_zerocovid_omicron,realistic
HIC,1000000,Present,3,Pfizer,0.9,15,15,1/1/2021,0.25,9,10,1,6,0.05,TRUE,180,1,2/1/2022,5,7.5,8,588,rq3_hic_abmodel_zerocovid_omicron,realistic
HIC,1000000,Present,3,Pfizer,0.9,15,15,1/1/2021,0.25,10,10,1,6,0.05,TRUE,90,1,8/1/2021,5,7.5,4,589,rq3_hic_abmodel_zerocovid_omicron,realistic
HIC,1000000,Present,3,Pfizer,0.9,15,15,1/1/2021,0.25,10,10,1,6,0.05,TRUE,90,1,8/1/2021,5,7.5,8,590,rq3_hic_abmodel_zerocovid_omicron,realistic
HIC,1000000,Present,3,Pfizer,0.9,15,15,1/1/2021,0.25,10,10,1,6,0.05,TRUE,90,1,10/1/2021,5,7.5,4,591,rq3_hic_abmodel_zerocovid_omicron,realistic
HIC,1000000,Present,3,Pfizer,0.9,15,15,1/1/2021,0.25,10,10,1,6,0.05,TRUE,90,1,10/1/2021,5,7.5,8,592,rq3_hic_abmodel_zerocovid_omicron,realistic
HIC,1000000,Present,3,Pfizer,0.9,15,15,1/1/2021,0.25,10,10,1,6,0.05,TRUE,90,1,2/1/2022,5,7.5,4,593,rq3_hic_abmodel_zerocovid_omicron,realistic
HIC,1000000,Present,3,Pfizer,0.9,15,15,1/1/2021,0.25,10,10,1,6,0.05,TRUE,90,1,2/1/2022,5,7.5,8,594,rq3_hic_abmodel_zerocovid_omicron,realistic
HIC,1000000,Present,3,Pfizer,0.9,15,15,1/1/2021,0.25,10,10,1,6,0.05,TRUE,180,1,8/1/2021,5,7.5,4,595,rq3_hic_abmodel_zerocovid_omicron,realistic
HIC,1000000,Present,3,Pfizer,0.9,15,15,1/1/2021,0.25,10,10,1,6,0.05,TRUE,180,1,8/1/2021,5,7.5,8,596,rq3_hic_abmodel_zerocovid_omicron,realistic
HIC,1000000,Present,3,Pfizer,0.9,15,15,1/1/2021,0.25,10,10,1,6,0.05,TRUE,180,1,10/1/2021,5,7.5,4,597,rq3_hic_abmodel_zerocovid_omicron,realistic
HIC,1000000,Present,3,Pfizer,0.9,15,15,1/1/2021,0.25,10,10,1,6,0.05,TRUE,180,1,10/1/2021,5,7.5,8,598,rq3_hic_abmodel_zerocovid_omicron,realistic
HIC,1000000,Present,3,Pfizer,0.9,15,15,1/1/2021,0.25,10,10,1,6,0.05,TRUE,180,1,2/1/2022,5,7.5,4,599,rq3_hic_abmodel_zerocovid_omicron,realistic
HIC,1000000,Present,3,Pfizer,0.9,15,15,1/1/2021,0.25,10,10,1,6,0.05,TRUE,180,1,2/1/2022,5,7.5,8,600,rq3_hic_abmodel_zerocovid_omicron,realistic
