income_group,target_pop,hs_constraints,vaccine_doses,vaccine,max_coverage,age_groups_covered,vacc_start,dt,repetition,seeding_cases,variant_fold_reduction,dose_3_fold_increase,vacc_per_week,ab_model_infection,max_Rt,t_d3,max_Rt_omicron,vfr,scenario,name,strategy
LMIC,1000000,Present,2,Oxford-AstraZeneca,0.8,5,1/1/2021,0.25,1,10,1,6,0.02,TRUE,5,180,7.5,2,1,rq2_lmic_abmodel_omicron,same_doses
LMIC,1000000,Present,2,Oxford-AstraZeneca,0.8,5,1/1/2021,0.25,1,10,1,6,0.02,TRUE,5,180,7.5,4,2,rq2_lmic_abmodel_omicron,same_doses
LMIC,1000000,Present,2,Oxford-AstraZeneca,0.8,5,1/1/2021,0.25,1,10,1,6,0.02,TRUE,5,180,7.5,8,3,rq2_lmic_abmodel_omicron,same_doses
LMIC,1000000,Present,2,Oxford-AstraZeneca,0.8,5,1/1/2021,0.25,1,10,1,6,0.02,TRUE,5,360,7.5,2,4,rq2_lmic_abmodel_omicron,same_doses
LMIC,1000000,Present,2,Oxford-AstraZeneca,0.8,5,1/1/2021,0.25,1,10,1,6,0.02,TRUE,5,360,7.5,4,5,rq2_lmic_abmodel_omicron,same_doses
LMIC,1000000,Present,2,Oxford-AstraZeneca,0.8,5,1/1/2021,0.25,1,10,1,6,0.02,TRUE,5,360,7.5,8,6,rq2_lmic_abmodel_omicron,same_doses
LMIC,1000000,Present,2,Oxford-AstraZeneca,0.8,5,1/1/2021,0.25,1,10,1,6,0.01,TRUE,5,180,7.5,2,7,rq2_lmic_abmodel_omicron,same_doses
LMIC,1000000,Present,2,Oxford-AstraZeneca,0.8,5,1/1/2021,0.25,1,10,1,6,0.01,TRUE,5,180,7.5,4,8,rq2_lmic_abmodel_omicron,same_doses
LMIC,1000000,Present,2,Oxford-AstraZeneca,0.8,5,1/1/2021,0.25,1,10,1,6,0.01,TRUE,5,180,7.5,8,9,rq2_lmic_abmodel_omicron,same_doses
LMIC,1000000,Present,2,Oxford-AstraZeneca,0.8,5,1/1/2021,0.25,1,10,1,6,0.01,TRUE,5,360,7.5,2,10,rq2_lmic_abmodel_omicron,same_doses
LMIC,1000000,Present,2,Oxford-AstraZeneca,0.8,5,1/1/2021,0.25,1,10,1,6,0.01,TRUE,5,360,7.5,4,11,rq2_lmic_abmodel_omicron,same_doses
LMIC,1000000,Present,2,Oxford-AstraZeneca,0.8,5,1/1/2021,0.25,1,10,1,6,0.01,TRUE,5,360,7.5,8,12,rq2_lmic_abmodel_omicron,same_doses
LMIC,1000000,Present,2,Oxford-AstraZeneca,0.8,5,1/1/2021,0.25,2,10,1,6,0.02,TRUE,5,180,7.5,2,13,rq2_lmic_abmodel_omicron,same_doses
LMIC,1000000,Present,2,Oxford-AstraZeneca,0.8,5,1/1/2021,0.25,2,10,1,6,0.02,TRUE,5,180,7.5,4,14,rq2_lmic_abmodel_omicron,same_doses
LMIC,1000000,Present,2,Oxford-AstraZeneca,0.8,5,1/1/2021,0.25,2,10,1,6,0.02,TRUE,5,180,7.5,8,15,rq2_lmic_abmodel_omicron,same_doses
LMIC,1000000,Present,2,Oxford-AstraZeneca,0.8,5,1/1/2021,0.25,2,10,1,6,0.02,TRUE,5,360,7.5,2,16,rq2_lmic_abmodel_omicron,same_doses
LMIC,1000000,Present,2,Oxford-AstraZeneca,0.8,5,1/1/2021,0.25,2,10,1,6,0.02,TRUE,5,360,7.5,4,17,rq2_lmic_abmodel_omicron,same_doses
LMIC,1000000,Present,2,Oxford-AstraZeneca,0.8,5,1/1/2021,0.25,2,10,1,6,0.02,TRUE,5,360,7.5,8,18,rq2_lmic_abmodel_omicron,same_doses
LMIC,1000000,Present,2,Oxford-AstraZeneca,0.8,5,1/1/2021,0.25,2,10,1,6,0.01,TRUE,5,180,7.5,2,19,rq2_lmic_abmodel_omicron,same_doses
LMIC,1000000,Present,2,Oxford-AstraZeneca,0.8,5,1/1/2021,0.25,2,10,1,6,0.01,TRUE,5,180,7.5,4,20,rq2_lmic_abmodel_omicron,same_doses
LMIC,1000000,Present,2,Oxford-AstraZeneca,0.8,5,1/1/2021,0.25,2,10,1,6,0.01,TRUE,5,180,7.5,8,21,rq2_lmic_abmodel_omicron,same_doses
LMIC,1000000,Present,2,Oxford-AstraZeneca,0.8,5,1/1/2021,0.25,2,10,1,6,0.01,TRUE,5,360,7.5,2,22,rq2_lmic_abmodel_omicron,same_doses
LMIC,1000000,Present,2,Oxford-AstraZeneca,0.8,5,1/1/2021,0.25,2,10,1,6,0.01,TRUE,5,360,7.5,4,23,rq2_lmic_abmodel_omicron,same_doses
LMIC,1000000,Present,2,Oxford-AstraZeneca,0.8,5,1/1/2021,0.25,2,10,1,6,0.01,TRUE,5,360,7.5,8,24,rq2_lmic_abmodel_omicron,same_doses
LMIC,1000000,Present,2,Oxford-AstraZeneca,0.8,5,1/1/2021,0.25,3,10,1,6,0.02,TRUE,5,180,7.5,2,25,rq2_lmic_abmodel_omicron,same_doses
LMIC,1000000,Present,2,Oxford-AstraZeneca,0.8,5,1/1/2021,0.25,3,10,1,6,0.02,TRUE,5,180,7.5,4,26,rq2_lmic_abmodel_omicron,same_doses
LMIC,1000000,Present,2,Oxford-AstraZeneca,0.8,5,1/1/2021,0.25,3,10,1,6,0.02,TRUE,5,180,7.5,8,27,rq2_lmic_abmodel_omicron,same_doses
LMIC,1000000,Present,2,Oxford-AstraZeneca,0.8,5,1/1/2021,0.25,3,10,1,6,0.02,TRUE,5,360,7.5,2,28,rq2_lmic_abmodel_omicron,same_doses
LMIC,1000000,Present,2,Oxford-AstraZeneca,0.8,5,1/1/2021,0.25,3,10,1,6,0.02,TRUE,5,360,7.5,4,29,rq2_lmic_abmodel_omicron,same_doses
LMIC,1000000,Present,2,Oxford-AstraZeneca,0.8,5,1/1/2021,0.25,3,10,1,6,0.02,TRUE,5,360,7.5,8,30,rq2_lmic_abmodel_omicron,same_doses
LMIC,1000000,Present,2,Oxford-AstraZeneca,0.8,5,1/1/2021,0.25,3,10,1,6,0.01,TRUE,5,180,7.5,2,31,rq2_lmic_abmodel_omicron,same_doses
LMIC,1000000,Present,2,Oxford-AstraZeneca,0.8,5,1/1/2021,0.25,3,10,1,6,0.01,TRUE,5,180,7.5,4,32,rq2_lmic_abmodel_omicron,same_doses
LMIC,1000000,Present,2,Oxford-AstraZeneca,0.8,5,1/1/2021,0.25,3,10,1,6,0.01,TRUE,5,180,7.5,8,33,rq2_lmic_abmodel_omicron,same_doses
LMIC,1000000,Present,2,Oxford-AstraZeneca,0.8,5,1/1/2021,0.25,3,10,1,6,0.01,TRUE,5,360,7.5,2,34,rq2_lmic_abmodel_omicron,same_doses
LMIC,1000000,Present,2,Oxford-AstraZeneca,0.8,5,1/1/2021,0.25,3,10,1,6,0.01,TRUE,5,360,7.5,4,35,rq2_lmic_abmodel_omicron,same_doses
LMIC,1000000,Present,2,Oxford-AstraZeneca,0.8,5,1/1/2021,0.25,3,10,1,6,0.01,TRUE,5,360,7.5,8,36,rq2_lmic_abmodel_omicron,same_doses
LMIC,1000000,Present,2,Oxford-AstraZeneca,0.8,5,1/1/2021,0.25,4,10,1,6,0.02,TRUE,5,180,7.5,2,37,rq2_lmic_abmodel_omicron,same_doses
LMIC,1000000,Present,2,Oxford-AstraZeneca,0.8,5,1/1/2021,0.25,4,10,1,6,0.02,TRUE,5,180,7.5,4,38,rq2_lmic_abmodel_omicron,same_doses
LMIC,1000000,Present,2,Oxford-AstraZeneca,0.8,5,1/1/2021,0.25,4,10,1,6,0.02,TRUE,5,180,7.5,8,39,rq2_lmic_abmodel_omicron,same_doses
LMIC,1000000,Present,2,Oxford-AstraZeneca,0.8,5,1/1/2021,0.25,4,10,1,6,0.02,TRUE,5,360,7.5,2,40,rq2_lmic_abmodel_omicron,same_doses
LMIC,1000000,Present,2,Oxford-AstraZeneca,0.8,5,1/1/2021,0.25,4,10,1,6,0.02,TRUE,5,360,7.5,4,41,rq2_lmic_abmodel_omicron,same_doses
LMIC,1000000,Present,2,Oxford-AstraZeneca,0.8,5,1/1/2021,0.25,4,10,1,6,0.02,TRUE,5,360,7.5,8,42,rq2_lmic_abmodel_omicron,same_doses
LMIC,1000000,Present,2,Oxford-AstraZeneca,0.8,5,1/1/2021,0.25,4,10,1,6,0.01,TRUE,5,180,7.5,2,43,rq2_lmic_abmodel_omicron,same_doses
LMIC,1000000,Present,2,Oxford-AstraZeneca,0.8,5,1/1/2021,0.25,4,10,1,6,0.01,TRUE,5,180,7.5,4,44,rq2_lmic_abmodel_omicron,same_doses
LMIC,1000000,Present,2,Oxford-AstraZeneca,0.8,5,1/1/2021,0.25,4,10,1,6,0.01,TRUE,5,180,7.5,8,45,rq2_lmic_abmodel_omicron,same_doses
LMIC,1000000,Present,2,Oxford-AstraZeneca,0.8,5,1/1/2021,0.25,4,10,1,6,0.01,TRUE,5,360,7.5,2,46,rq2_lmic_abmodel_omicron,same_doses
LMIC,1000000,Present,2,Oxford-AstraZeneca,0.8,5,1/1/2021,0.25,4,10,1,6,0.01,TRUE,5,360,7.5,4,47,rq2_lmic_abmodel_omicron,same_doses
LMIC,1000000,Present,2,Oxford-AstraZeneca,0.8,5,1/1/2021,0.25,4,10,1,6,0.01,TRUE,5,360,7.5,8,48,rq2_lmic_abmodel_omicron,same_doses
LMIC,1000000,Present,2,Oxford-AstraZeneca,0.8,5,1/1/2021,0.25,5,10,1,6,0.02,TRUE,5,180,7.5,2,49,rq2_lmic_abmodel_omicron,same_doses
LMIC,1000000,Present,2,Oxford-AstraZeneca,0.8,5,1/1/2021,0.25,5,10,1,6,0.02,TRUE,5,180,7.5,4,50,rq2_lmic_abmodel_omicron,same_doses
LMIC,1000000,Present,2,Oxford-AstraZeneca,0.8,5,1/1/2021,0.25,5,10,1,6,0.02,TRUE,5,180,7.5,8,51,rq2_lmic_abmodel_omicron,same_doses
LMIC,1000000,Present,2,Oxford-AstraZeneca,0.8,5,1/1/2021,0.25,5,10,1,6,0.02,TRUE,5,360,7.5,2,52,rq2_lmic_abmodel_omicron,same_doses
LMIC,1000000,Present,2,Oxford-AstraZeneca,0.8,5,1/1/2021,0.25,5,10,1,6,0.02,TRUE,5,360,7.5,4,53,rq2_lmic_abmodel_omicron,same_doses
LMIC,1000000,Present,2,Oxford-AstraZeneca,0.8,5,1/1/2021,0.25,5,10,1,6,0.02,TRUE,5,360,7.5,8,54,rq2_lmic_abmodel_omicron,same_doses
LMIC,1000000,Present,2,Oxford-AstraZeneca,0.8,5,1/1/2021,0.25,5,10,1,6,0.01,TRUE,5,180,7.5,2,55,rq2_lmic_abmodel_omicron,same_doses
LMIC,1000000,Present,2,Oxford-AstraZeneca,0.8,5,1/1/2021,0.25,5,10,1,6,0.01,TRUE,5,180,7.5,4,56,rq2_lmic_abmodel_omicron,same_doses
LMIC,1000000,Present,2,Oxford-AstraZeneca,0.8,5,1/1/2021,0.25,5,10,1,6,0.01,TRUE,5,180,7.5,8,57,rq2_lmic_abmodel_omicron,same_doses
LMIC,1000000,Present,2,Oxford-AstraZeneca,0.8,5,1/1/2021,0.25,5,10,1,6,0.01,TRUE,5,360,7.5,2,58,rq2_lmic_abmodel_omicron,same_doses
LMIC,1000000,Present,2,Oxford-AstraZeneca,0.8,5,1/1/2021,0.25,5,10,1,6,0.01,TRUE,5,360,7.5,4,59,rq2_lmic_abmodel_omicron,same_doses
LMIC,1000000,Present,2,Oxford-AstraZeneca,0.8,5,1/1/2021,0.25,5,10,1,6,0.01,TRUE,5,360,7.5,8,60,rq2_lmic_abmodel_omicron,same_doses
LMIC,1000000,Present,2,Oxford-AstraZeneca,0.8,5,1/1/2021,0.25,6,10,1,6,0.02,TRUE,5,180,7.5,2,61,rq2_lmic_abmodel_omicron,same_doses
LMIC,1000000,Present,2,Oxford-AstraZeneca,0.8,5,1/1/2021,0.25,6,10,1,6,0.02,TRUE,5,180,7.5,4,62,rq2_lmic_abmodel_omicron,same_doses
LMIC,1000000,Present,2,Oxford-AstraZeneca,0.8,5,1/1/2021,0.25,6,10,1,6,0.02,TRUE,5,180,7.5,8,63,rq2_lmic_abmodel_omicron,same_doses
LMIC,1000000,Present,2,Oxford-AstraZeneca,0.8,5,1/1/2021,0.25,6,10,1,6,0.02,TRUE,5,360,7.5,2,64,rq2_lmic_abmodel_omicron,same_doses
LMIC,1000000,Present,2,Oxford-AstraZeneca,0.8,5,1/1/2021,0.25,6,10,1,6,0.02,TRUE,5,360,7.5,4,65,rq2_lmic_abmodel_omicron,same_doses
LMIC,1000000,Present,2,Oxford-AstraZeneca,0.8,5,1/1/2021,0.25,6,10,1,6,0.02,TRUE,5,360,7.5,8,66,rq2_lmic_abmodel_omicron,same_doses
LMIC,1000000,Present,2,Oxford-AstraZeneca,0.8,5,1/1/2021,0.25,6,10,1,6,0.01,TRUE,5,180,7.5,2,67,rq2_lmic_abmodel_omicron,same_doses
LMIC,1000000,Present,2,Oxford-AstraZeneca,0.8,5,1/1/2021,0.25,6,10,1,6,0.01,TRUE,5,180,7.5,4,68,rq2_lmic_abmodel_omicron,same_doses
LMIC,1000000,Present,2,Oxford-AstraZeneca,0.8,5,1/1/2021,0.25,6,10,1,6,0.01,TRUE,5,180,7.5,8,69,rq2_lmic_abmodel_omicron,same_doses
LMIC,1000000,Present,2,Oxford-AstraZeneca,0.8,5,1/1/2021,0.25,6,10,1,6,0.01,TRUE,5,360,7.5,2,70,rq2_lmic_abmodel_omicron,same_doses
LMIC,1000000,Present,2,Oxford-AstraZeneca,0.8,5,1/1/2021,0.25,6,10,1,6,0.01,TRUE,5,360,7.5,4,71,rq2_lmic_abmodel_omicron,same_doses
LMIC,1000000,Present,2,Oxford-AstraZeneca,0.8,5,1/1/2021,0.25,6,10,1,6,0.01,TRUE,5,360,7.5,8,72,rq2_lmic_abmodel_omicron,same_doses
LMIC,1000000,Present,2,Oxford-AstraZeneca,0.8,5,1/1/2021,0.25,7,10,1,6,0.02,TRUE,5,180,7.5,2,73,rq2_lmic_abmodel_omicron,same_doses
LMIC,1000000,Present,2,Oxford-AstraZeneca,0.8,5,1/1/2021,0.25,7,10,1,6,0.02,TRUE,5,180,7.5,4,74,rq2_lmic_abmodel_omicron,same_doses
LMIC,1000000,Present,2,Oxford-AstraZeneca,0.8,5,1/1/2021,0.25,7,10,1,6,0.02,TRUE,5,180,7.5,8,75,rq2_lmic_abmodel_omicron,same_doses
LMIC,1000000,Present,2,Oxford-AstraZeneca,0.8,5,1/1/2021,0.25,7,10,1,6,0.02,TRUE,5,360,7.5,2,76,rq2_lmic_abmodel_omicron,same_doses
LMIC,1000000,Present,2,Oxford-AstraZeneca,0.8,5,1/1/2021,0.25,7,10,1,6,0.02,TRUE,5,360,7.5,4,77,rq2_lmic_abmodel_omicron,same_doses
LMIC,1000000,Present,2,Oxford-AstraZeneca,0.8,5,1/1/2021,0.25,7,10,1,6,0.02,TRUE,5,360,7.5,8,78,rq2_lmic_abmodel_omicron,same_doses
LMIC,1000000,Present,2,Oxford-AstraZeneca,0.8,5,1/1/2021,0.25,7,10,1,6,0.01,TRUE,5,180,7.5,2,79,rq2_lmic_abmodel_omicron,same_doses
LMIC,1000000,Present,2,Oxford-AstraZeneca,0.8,5,1/1/2021,0.25,7,10,1,6,0.01,TRUE,5,180,7.5,4,80,rq2_lmic_abmodel_omicron,same_doses
LMIC,1000000,Present,2,Oxford-AstraZeneca,0.8,5,1/1/2021,0.25,7,10,1,6,0.01,TRUE,5,180,7.5,8,81,rq2_lmic_abmodel_omicron,same_doses
LMIC,1000000,Present,2,Oxford-AstraZeneca,0.8,5,1/1/2021,0.25,7,10,1,6,0.01,TRUE,5,360,7.5,2,82,rq2_lmic_abmodel_omicron,same_doses
LMIC,1000000,Present,2,Oxford-AstraZeneca,0.8,5,1/1/2021,0.25,7,10,1,6,0.01,TRUE,5,360,7.5,4,83,rq2_lmic_abmodel_omicron,same_doses
LMIC,1000000,Present,2,Oxford-AstraZeneca,0.8,5,1/1/2021,0.25,7,10,1,6,0.01,TRUE,5,360,7.5,8,84,rq2_lmic_abmodel_omicron,same_doses
LMIC,1000000,Present,2,Oxford-AstraZeneca,0.8,5,1/1/2021,0.25,8,10,1,6,0.02,TRUE,5,180,7.5,2,85,rq2_lmic_abmodel_omicron,same_doses
LMIC,1000000,Present,2,Oxford-AstraZeneca,0.8,5,1/1/2021,0.25,8,10,1,6,0.02,TRUE,5,180,7.5,4,86,rq2_lmic_abmodel_omicron,same_doses
LMIC,1000000,Present,2,Oxford-AstraZeneca,0.8,5,1/1/2021,0.25,8,10,1,6,0.02,TRUE,5,180,7.5,8,87,rq2_lmic_abmodel_omicron,same_doses
LMIC,1000000,Present,2,Oxford-AstraZeneca,0.8,5,1/1/2021,0.25,8,10,1,6,0.02,TRUE,5,360,7.5,2,88,rq2_lmic_abmodel_omicron,same_doses
LMIC,1000000,Present,2,Oxford-AstraZeneca,0.8,5,1/1/2021,0.25,8,10,1,6,0.02,TRUE,5,360,7.5,4,89,rq2_lmic_abmodel_omicron,same_doses
LMIC,1000000,Present,2,Oxford-AstraZeneca,0.8,5,1/1/2021,0.25,8,10,1,6,0.02,TRUE,5,360,7.5,8,90,rq2_lmic_abmodel_omicron,same_doses
LMIC,1000000,Present,2,Oxford-AstraZeneca,0.8,5,1/1/2021,0.25,8,10,1,6,0.01,TRUE,5,180,7.5,2,91,rq2_lmic_abmodel_omicron,same_doses
LMIC,1000000,Present,2,Oxford-AstraZeneca,0.8,5,1/1/2021,0.25,8,10,1,6,0.01,TRUE,5,180,7.5,4,92,rq2_lmic_abmodel_omicron,same_doses
LMIC,1000000,Present,2,Oxford-AstraZeneca,0.8,5,1/1/2021,0.25,8,10,1,6,0.01,TRUE,5,180,7.5,8,93,rq2_lmic_abmodel_omicron,same_doses
LMIC,1000000,Present,2,Oxford-AstraZeneca,0.8,5,1/1/2021,0.25,8,10,1,6,0.01,TRUE,5,360,7.5,2,94,rq2_lmic_abmodel_omicron,same_doses
LMIC,1000000,Present,2,Oxford-AstraZeneca,0.8,5,1/1/2021,0.25,8,10,1,6,0.01,TRUE,5,360,7.5,4,95,rq2_lmic_abmodel_omicron,same_doses
LMIC,1000000,Present,2,Oxford-AstraZeneca,0.8,5,1/1/2021,0.25,8,10,1,6,0.01,TRUE,5,360,7.5,8,96,rq2_lmic_abmodel_omicron,same_doses
LMIC,1000000,Present,2,Oxford-AstraZeneca,0.8,5,1/1/2021,0.25,9,10,1,6,0.02,TRUE,5,180,7.5,2,97,rq2_lmic_abmodel_omicron,same_doses
LMIC,1000000,Present,2,Oxford-AstraZeneca,0.8,5,1/1/2021,0.25,9,10,1,6,0.02,TRUE,5,180,7.5,4,98,rq2_lmic_abmodel_omicron,same_doses
LMIC,1000000,Present,2,Oxford-AstraZeneca,0.8,5,1/1/2021,0.25,9,10,1,6,0.02,TRUE,5,180,7.5,8,99,rq2_lmic_abmodel_omicron,same_doses
LMIC,1000000,Present,2,Oxford-AstraZeneca,0.8,5,1/1/2021,0.25,9,10,1,6,0.02,TRUE,5,360,7.5,2,100,rq2_lmic_abmodel_omicron,same_doses
LMIC,1000000,Present,2,Oxford-AstraZeneca,0.8,5,1/1/2021,0.25,9,10,1,6,0.02,TRUE,5,360,7.5,4,101,rq2_lmic_abmodel_omicron,same_doses
LMIC,1000000,Present,2,Oxford-AstraZeneca,0.8,5,1/1/2021,0.25,9,10,1,6,0.02,TRUE,5,360,7.5,8,102,rq2_lmic_abmodel_omicron,same_doses
LMIC,1000000,Present,2,Oxford-AstraZeneca,0.8,5,1/1/2021,0.25,9,10,1,6,0.01,TRUE,5,180,7.5,2,103,rq2_lmic_abmodel_omicron,same_doses
LMIC,1000000,Present,2,Oxford-AstraZeneca,0.8,5,1/1/2021,0.25,9,10,1,6,0.01,TRUE,5,180,7.5,4,104,rq2_lmic_abmodel_omicron,same_doses
LMIC,1000000,Present,2,Oxford-AstraZeneca,0.8,5,1/1/2021,0.25,9,10,1,6,0.01,TRUE,5,180,7.5,8,105,rq2_lmic_abmodel_omicron,same_doses
LMIC,1000000,Present,2,Oxford-AstraZeneca,0.8,5,1/1/2021,0.25,9,10,1,6,0.01,TRUE,5,360,7.5,2,106,rq2_lmic_abmodel_omicron,same_doses
LMIC,1000000,Present,2,Oxford-AstraZeneca,0.8,5,1/1/2021,0.25,9,10,1,6,0.01,TRUE,5,360,7.5,4,107,rq2_lmic_abmodel_omicron,same_doses
LMIC,1000000,Present,2,Oxford-AstraZeneca,0.8,5,1/1/2021,0.25,9,10,1,6,0.01,TRUE,5,360,7.5,8,108,rq2_lmic_abmodel_omicron,same_doses
LMIC,1000000,Present,2,Oxford-AstraZeneca,0.8,5,1/1/2021,0.25,10,10,1,6,0.02,TRUE,5,180,7.5,2,109,rq2_lmic_abmodel_omicron,same_doses
LMIC,1000000,Present,2,Oxford-AstraZeneca,0.8,5,1/1/2021,0.25,10,10,1,6,0.02,TRUE,5,180,7.5,4,110,rq2_lmic_abmodel_omicron,same_doses
LMIC,1000000,Present,2,Oxford-AstraZeneca,0.8,5,1/1/2021,0.25,10,10,1,6,0.02,TRUE,5,180,7.5,8,111,rq2_lmic_abmodel_omicron,same_doses
LMIC,1000000,Present,2,Oxford-AstraZeneca,0.8,5,1/1/2021,0.25,10,10,1,6,0.02,TRUE,5,360,7.5,2,112,rq2_lmic_abmodel_omicron,same_doses
LMIC,1000000,Present,2,Oxford-AstraZeneca,0.8,5,1/1/2021,0.25,10,10,1,6,0.02,TRUE,5,360,7.5,4,113,rq2_lmic_abmodel_omicron,same_doses
LMIC,1000000,Present,2,Oxford-AstraZeneca,0.8,5,1/1/2021,0.25,10,10,1,6,0.02,TRUE,5,360,7.5,8,114,rq2_lmic_abmodel_omicron,same_doses
LMIC,1000000,Present,2,Oxford-AstraZeneca,0.8,5,1/1/2021,0.25,10,10,1,6,0.01,TRUE,5,180,7.5,2,115,rq2_lmic_abmodel_omicron,same_doses
LMIC,1000000,Present,2,Oxford-AstraZeneca,0.8,5,1/1/2021,0.25,10,10,1,6,0.01,TRUE,5,180,7.5,4,116,rq2_lmic_abmodel_omicron,same_doses
LMIC,1000000,Present,2,Oxford-AstraZeneca,0.8,5,1/1/2021,0.25,10,10,1,6,0.01,TRUE,5,180,7.5,8,117,rq2_lmic_abmodel_omicron,same_doses
LMIC,1000000,Present,2,Oxford-AstraZeneca,0.8,5,1/1/2021,0.25,10,10,1,6,0.01,TRUE,5,360,7.5,2,118,rq2_lmic_abmodel_omicron,same_doses
LMIC,1000000,Present,2,Oxford-AstraZeneca,0.8,5,1/1/2021,0.25,10,10,1,6,0.01,TRUE,5,360,7.5,4,119,rq2_lmic_abmodel_omicron,same_doses
LMIC,1000000,Present,2,Oxford-AstraZeneca,0.8,5,1/1/2021,0.25,10,10,1,6,0.01,TRUE,5,360,7.5,8,120,rq2_lmic_abmodel_omicron,same_doses
LMIC,1000000,Present,2,Oxford-AstraZeneca,0.8,9,1/1/2021,0.25,1,10,1,6,0.02,TRUE,5,180,7.5,2,121,rq2_lmic_abmodel_omicron,same_doses
LMIC,1000000,Present,2,Oxford-AstraZeneca,0.8,9,1/1/2021,0.25,1,10,1,6,0.02,TRUE,5,180,7.5,4,122,rq2_lmic_abmodel_omicron,same_doses
LMIC,1000000,Present,2,Oxford-AstraZeneca,0.8,9,1/1/2021,0.25,1,10,1,6,0.02,TRUE,5,180,7.5,8,123,rq2_lmic_abmodel_omicron,same_doses
LMIC,1000000,Present,2,Oxford-AstraZeneca,0.8,9,1/1/2021,0.25,1,10,1,6,0.02,TRUE,5,360,7.5,2,124,rq2_lmic_abmodel_omicron,same_doses
LMIC,1000000,Present,2,Oxford-AstraZeneca,0.8,9,1/1/2021,0.25,1,10,1,6,0.02,TRUE,5,360,7.5,4,125,rq2_lmic_abmodel_omicron,same_doses
LMIC,1000000,Present,2,Oxford-AstraZeneca,0.8,9,1/1/2021,0.25,1,10,1,6,0.02,TRUE,5,360,7.5,8,126,rq2_lmic_abmodel_omicron,same_doses
LMIC,1000000,Present,2,Oxford-AstraZeneca,0.8,9,1/1/2021,0.25,1,10,1,6,0.01,TRUE,5,180,7.5,2,127,rq2_lmic_abmodel_omicron,same_doses
LMIC,1000000,Present,2,Oxford-AstraZeneca,0.8,9,1/1/2021,0.25,1,10,1,6,0.01,TRUE,5,180,7.5,4,128,rq2_lmic_abmodel_omicron,same_doses
LMIC,1000000,Present,2,Oxford-AstraZeneca,0.8,9,1/1/2021,0.25,1,10,1,6,0.01,TRUE,5,180,7.5,8,129,rq2_lmic_abmodel_omicron,same_doses
LMIC,1000000,Present,2,Oxford-AstraZeneca,0.8,9,1/1/2021,0.25,1,10,1,6,0.01,TRUE,5,360,7.5,2,130,rq2_lmic_abmodel_omicron,same_doses
LMIC,1000000,Present,2,Oxford-AstraZeneca,0.8,9,1/1/2021,0.25,1,10,1,6,0.01,TRUE,5,360,7.5,4,131,rq2_lmic_abmodel_omicron,same_doses
LMIC,1000000,Present,2,Oxford-AstraZeneca,0.8,9,1/1/2021,0.25,1,10,1,6,0.01,TRUE,5,360,7.5,8,132,rq2_lmic_abmodel_omicron,same_doses
LMIC,1000000,Present,2,Oxford-AstraZeneca,0.8,9,1/1/2021,0.25,2,10,1,6,0.02,TRUE,5,180,7.5,2,133,rq2_lmic_abmodel_omicron,same_doses
LMIC,1000000,Present,2,Oxford-AstraZeneca,0.8,9,1/1/2021,0.25,2,10,1,6,0.02,TRUE,5,180,7.5,4,134,rq2_lmic_abmodel_omicron,same_doses
LMIC,1000000,Present,2,Oxford-AstraZeneca,0.8,9,1/1/2021,0.25,2,10,1,6,0.02,TRUE,5,180,7.5,8,135,rq2_lmic_abmodel_omicron,same_doses
LMIC,1000000,Present,2,Oxford-AstraZeneca,0.8,9,1/1/2021,0.25,2,10,1,6,0.02,TRUE,5,360,7.5,2,136,rq2_lmic_abmodel_omicron,same_doses
LMIC,1000000,Present,2,Oxford-AstraZeneca,0.8,9,1/1/2021,0.25,2,10,1,6,0.02,TRUE,5,360,7.5,4,137,rq2_lmic_abmodel_omicron,same_doses
LMIC,1000000,Present,2,Oxford-AstraZeneca,0.8,9,1/1/2021,0.25,2,10,1,6,0.02,TRUE,5,360,7.5,8,138,rq2_lmic_abmodel_omicron,same_doses
LMIC,1000000,Present,2,Oxford-AstraZeneca,0.8,9,1/1/2021,0.25,2,10,1,6,0.01,TRUE,5,180,7.5,2,139,rq2_lmic_abmodel_omicron,same_doses
LMIC,1000000,Present,2,Oxford-AstraZeneca,0.8,9,1/1/2021,0.25,2,10,1,6,0.01,TRUE,5,180,7.5,4,140,rq2_lmic_abmodel_omicron,same_doses
LMIC,1000000,Present,2,Oxford-AstraZeneca,0.8,9,1/1/2021,0.25,2,10,1,6,0.01,TRUE,5,180,7.5,8,141,rq2_lmic_abmodel_omicron,same_doses
LMIC,1000000,Present,2,Oxford-AstraZeneca,0.8,9,1/1/2021,0.25,2,10,1,6,0.01,TRUE,5,360,7.5,2,142,rq2_lmic_abmodel_omicron,same_doses
LMIC,1000000,Present,2,Oxford-AstraZeneca,0.8,9,1/1/2021,0.25,2,10,1,6,0.01,TRUE,5,360,7.5,4,143,rq2_lmic_abmodel_omicron,same_doses
LMIC,1000000,Present,2,Oxford-AstraZeneca,0.8,9,1/1/2021,0.25,2,10,1,6,0.01,TRUE,5,360,7.5,8,144,rq2_lmic_abmodel_omicron,same_doses
LMIC,1000000,Present,2,Oxford-AstraZeneca,0.8,9,1/1/2021,0.25,3,10,1,6,0.02,TRUE,5,180,7.5,2,145,rq2_lmic_abmodel_omicron,same_doses
LMIC,1000000,Present,2,Oxford-AstraZeneca,0.8,9,1/1/2021,0.25,3,10,1,6,0.02,TRUE,5,180,7.5,4,146,rq2_lmic_abmodel_omicron,same_doses
LMIC,1000000,Present,2,Oxford-AstraZeneca,0.8,9,1/1/2021,0.25,3,10,1,6,0.02,TRUE,5,180,7.5,8,147,rq2_lmic_abmodel_omicron,same_doses
LMIC,1000000,Present,2,Oxford-AstraZeneca,0.8,9,1/1/2021,0.25,3,10,1,6,0.02,TRUE,5,360,7.5,2,148,rq2_lmic_abmodel_omicron,same_doses
LMIC,1000000,Present,2,Oxford-AstraZeneca,0.8,9,1/1/2021,0.25,3,10,1,6,0.02,TRUE,5,360,7.5,4,149,rq2_lmic_abmodel_omicron,same_doses
LMIC,1000000,Present,2,Oxford-AstraZeneca,0.8,9,1/1/2021,0.25,3,10,1,6,0.02,TRUE,5,360,7.5,8,150,rq2_lmic_abmodel_omicron,same_doses
LMIC,1000000,Present,2,Oxford-AstraZeneca,0.8,9,1/1/2021,0.25,3,10,1,6,0.01,TRUE,5,180,7.5,2,151,rq2_lmic_abmodel_omicron,same_doses
LMIC,1000000,Present,2,Oxford-AstraZeneca,0.8,9,1/1/2021,0.25,3,10,1,6,0.01,TRUE,5,180,7.5,4,152,rq2_lmic_abmodel_omicron,same_doses
LMIC,1000000,Present,2,Oxford-AstraZeneca,0.8,9,1/1/2021,0.25,3,10,1,6,0.01,TRUE,5,180,7.5,8,153,rq2_lmic_abmodel_omicron,same_doses
LMIC,1000000,Present,2,Oxford-AstraZeneca,0.8,9,1/1/2021,0.25,3,10,1,6,0.01,TRUE,5,360,7.5,2,154,rq2_lmic_abmodel_omicron,same_doses
LMIC,1000000,Present,2,Oxford-AstraZeneca,0.8,9,1/1/2021,0.25,3,10,1,6,0.01,TRUE,5,360,7.5,4,155,rq2_lmic_abmodel_omicron,same_doses
LMIC,1000000,Present,2,Oxford-AstraZeneca,0.8,9,1/1/2021,0.25,3,10,1,6,0.01,TRUE,5,360,7.5,8,156,rq2_lmic_abmodel_omicron,same_doses
LMIC,1000000,Present,2,Oxford-AstraZeneca,0.8,9,1/1/2021,0.25,4,10,1,6,0.02,TRUE,5,180,7.5,2,157,rq2_lmic_abmodel_omicron,same_doses
LMIC,1000000,Present,2,Oxford-AstraZeneca,0.8,9,1/1/2021,0.25,4,10,1,6,0.02,TRUE,5,180,7.5,4,158,rq2_lmic_abmodel_omicron,same_doses
LMIC,1000000,Present,2,Oxford-AstraZeneca,0.8,9,1/1/2021,0.25,4,10,1,6,0.02,TRUE,5,180,7.5,8,159,rq2_lmic_abmodel_omicron,same_doses
LMIC,1000000,Present,2,Oxford-AstraZeneca,0.8,9,1/1/2021,0.25,4,10,1,6,0.02,TRUE,5,360,7.5,2,160,rq2_lmic_abmodel_omicron,same_doses
LMIC,1000000,Present,2,Oxford-AstraZeneca,0.8,9,1/1/2021,0.25,4,10,1,6,0.02,TRUE,5,360,7.5,4,161,rq2_lmic_abmodel_omicron,same_doses
LMIC,1000000,Present,2,Oxford-AstraZeneca,0.8,9,1/1/2021,0.25,4,10,1,6,0.02,TRUE,5,360,7.5,8,162,rq2_lmic_abmodel_omicron,same_doses
LMIC,1000000,Present,2,Oxford-AstraZeneca,0.8,9,1/1/2021,0.25,4,10,1,6,0.01,TRUE,5,180,7.5,2,163,rq2_lmic_abmodel_omicron,same_doses
LMIC,1000000,Present,2,Oxford-AstraZeneca,0.8,9,1/1/2021,0.25,4,10,1,6,0.01,TRUE,5,180,7.5,4,164,rq2_lmic_abmodel_omicron,same_doses
LMIC,1000000,Present,2,Oxford-AstraZeneca,0.8,9,1/1/2021,0.25,4,10,1,6,0.01,TRUE,5,180,7.5,8,165,rq2_lmic_abmodel_omicron,same_doses
LMIC,1000000,Present,2,Oxford-AstraZeneca,0.8,9,1/1/2021,0.25,4,10,1,6,0.01,TRUE,5,360,7.5,2,166,rq2_lmic_abmodel_omicron,same_doses
LMIC,1000000,Present,2,Oxford-AstraZeneca,0.8,9,1/1/2021,0.25,4,10,1,6,0.01,TRUE,5,360,7.5,4,167,rq2_lmic_abmodel_omicron,same_doses
LMIC,1000000,Present,2,Oxford-AstraZeneca,0.8,9,1/1/2021,0.25,4,10,1,6,0.01,TRUE,5,360,7.5,8,168,rq2_lmic_abmodel_omicron,same_doses
LMIC,1000000,Present,2,Oxford-AstraZeneca,0.8,9,1/1/2021,0.25,5,10,1,6,0.02,TRUE,5,180,7.5,2,169,rq2_lmic_abmodel_omicron,same_doses
LMIC,1000000,Present,2,Oxford-AstraZeneca,0.8,9,1/1/2021,0.25,5,10,1,6,0.02,TRUE,5,180,7.5,4,170,rq2_lmic_abmodel_omicron,same_doses
LMIC,1000000,Present,2,Oxford-AstraZeneca,0.8,9,1/1/2021,0.25,5,10,1,6,0.02,TRUE,5,180,7.5,8,171,rq2_lmic_abmodel_omicron,same_doses
LMIC,1000000,Present,2,Oxford-AstraZeneca,0.8,9,1/1/2021,0.25,5,10,1,6,0.02,TRUE,5,360,7.5,2,172,rq2_lmic_abmodel_omicron,same_doses
LMIC,1000000,Present,2,Oxford-AstraZeneca,0.8,9,1/1/2021,0.25,5,10,1,6,0.02,TRUE,5,360,7.5,4,173,rq2_lmic_abmodel_omicron,same_doses
LMIC,1000000,Present,2,Oxford-AstraZeneca,0.8,9,1/1/2021,0.25,5,10,1,6,0.02,TRUE,5,360,7.5,8,174,rq2_lmic_abmodel_omicron,same_doses
LMIC,1000000,Present,2,Oxford-AstraZeneca,0.8,9,1/1/2021,0.25,5,10,1,6,0.01,TRUE,5,180,7.5,2,175,rq2_lmic_abmodel_omicron,same_doses
LMIC,1000000,Present,2,Oxford-AstraZeneca,0.8,9,1/1/2021,0.25,5,10,1,6,0.01,TRUE,5,180,7.5,4,176,rq2_lmic_abmodel_omicron,same_doses
LMIC,1000000,Present,2,Oxford-AstraZeneca,0.8,9,1/1/2021,0.25,5,10,1,6,0.01,TRUE,5,180,7.5,8,177,rq2_lmic_abmodel_omicron,same_doses
LMIC,1000000,Present,2,Oxford-AstraZeneca,0.8,9,1/1/2021,0.25,5,10,1,6,0.01,TRUE,5,360,7.5,2,178,rq2_lmic_abmodel_omicron,same_doses
LMIC,1000000,Present,2,Oxford-AstraZeneca,0.8,9,1/1/2021,0.25,5,10,1,6,0.01,TRUE,5,360,7.5,4,179,rq2_lmic_abmodel_omicron,same_doses
LMIC,1000000,Present,2,Oxford-AstraZeneca,0.8,9,1/1/2021,0.25,5,10,1,6,0.01,TRUE,5,360,7.5,8,180,rq2_lmic_abmodel_omicron,same_doses
LMIC,1000000,Present,2,Oxford-AstraZeneca,0.8,9,1/1/2021,0.25,6,10,1,6,0.02,TRUE,5,180,7.5,2,181,rq2_lmic_abmodel_omicron,same_doses
LMIC,1000000,Present,2,Oxford-AstraZeneca,0.8,9,1/1/2021,0.25,6,10,1,6,0.02,TRUE,5,180,7.5,4,182,rq2_lmic_abmodel_omicron,same_doses
LMIC,1000000,Present,2,Oxford-AstraZeneca,0.8,9,1/1/2021,0.25,6,10,1,6,0.02,TRUE,5,180,7.5,8,183,rq2_lmic_abmodel_omicron,same_doses
LMIC,1000000,Present,2,Oxford-AstraZeneca,0.8,9,1/1/2021,0.25,6,10,1,6,0.02,TRUE,5,360,7.5,2,184,rq2_lmic_abmodel_omicron,same_doses
LMIC,1000000,Present,2,Oxford-AstraZeneca,0.8,9,1/1/2021,0.25,6,10,1,6,0.02,TRUE,5,360,7.5,4,185,rq2_lmic_abmodel_omicron,same_doses
LMIC,1000000,Present,2,Oxford-AstraZeneca,0.8,9,1/1/2021,0.25,6,10,1,6,0.02,TRUE,5,360,7.5,8,186,rq2_lmic_abmodel_omicron,same_doses
LMIC,1000000,Present,2,Oxford-AstraZeneca,0.8,9,1/1/2021,0.25,6,10,1,6,0.01,TRUE,5,180,7.5,2,187,rq2_lmic_abmodel_omicron,same_doses
LMIC,1000000,Present,2,Oxford-AstraZeneca,0.8,9,1/1/2021,0.25,6,10,1,6,0.01,TRUE,5,180,7.5,4,188,rq2_lmic_abmodel_omicron,same_doses
LMIC,1000000,Present,2,Oxford-AstraZeneca,0.8,9,1/1/2021,0.25,6,10,1,6,0.01,TRUE,5,180,7.5,8,189,rq2_lmic_abmodel_omicron,same_doses
LMIC,1000000,Present,2,Oxford-AstraZeneca,0.8,9,1/1/2021,0.25,6,10,1,6,0.01,TRUE,5,360,7.5,2,190,rq2_lmic_abmodel_omicron,same_doses
LMIC,1000000,Present,2,Oxford-AstraZeneca,0.8,9,1/1/2021,0.25,6,10,1,6,0.01,TRUE,5,360,7.5,4,191,rq2_lmic_abmodel_omicron,same_doses
LMIC,1000000,Present,2,Oxford-AstraZeneca,0.8,9,1/1/2021,0.25,6,10,1,6,0.01,TRUE,5,360,7.5,8,192,rq2_lmic_abmodel_omicron,same_doses
LMIC,1000000,Present,2,Oxford-AstraZeneca,0.8,9,1/1/2021,0.25,7,10,1,6,0.02,TRUE,5,180,7.5,2,193,rq2_lmic_abmodel_omicron,same_doses
LMIC,1000000,Present,2,Oxford-AstraZeneca,0.8,9,1/1/2021,0.25,7,10,1,6,0.02,TRUE,5,180,7.5,4,194,rq2_lmic_abmodel_omicron,same_doses
LMIC,1000000,Present,2,Oxford-AstraZeneca,0.8,9,1/1/2021,0.25,7,10,1,6,0.02,TRUE,5,180,7.5,8,195,rq2_lmic_abmodel_omicron,same_doses
LMIC,1000000,Present,2,Oxford-AstraZeneca,0.8,9,1/1/2021,0.25,7,10,1,6,0.02,TRUE,5,360,7.5,2,196,rq2_lmic_abmodel_omicron,same_doses
LMIC,1000000,Present,2,Oxford-AstraZeneca,0.8,9,1/1/2021,0.25,7,10,1,6,0.02,TRUE,5,360,7.5,4,197,rq2_lmic_abmodel_omicron,same_doses
LMIC,1000000,Present,2,Oxford-AstraZeneca,0.8,9,1/1/2021,0.25,7,10,1,6,0.02,TRUE,5,360,7.5,8,198,rq2_lmic_abmodel_omicron,same_doses
LMIC,1000000,Present,2,Oxford-AstraZeneca,0.8,9,1/1/2021,0.25,7,10,1,6,0.01,TRUE,5,180,7.5,2,199,rq2_lmic_abmodel_omicron,same_doses
LMIC,1000000,Present,2,Oxford-AstraZeneca,0.8,9,1/1/2021,0.25,7,10,1,6,0.01,TRUE,5,180,7.5,4,200,rq2_lmic_abmodel_omicron,same_doses
LMIC,1000000,Present,2,Oxford-AstraZeneca,0.8,9,1/1/2021,0.25,7,10,1,6,0.01,TRUE,5,180,7.5,8,201,rq2_lmic_abmodel_omicron,same_doses
LMIC,1000000,Present,2,Oxford-AstraZeneca,0.8,9,1/1/2021,0.25,7,10,1,6,0.01,TRUE,5,360,7.5,2,202,rq2_lmic_abmodel_omicron,same_doses
LMIC,1000000,Present,2,Oxford-AstraZeneca,0.8,9,1/1/2021,0.25,7,10,1,6,0.01,TRUE,5,360,7.5,4,203,rq2_lmic_abmodel_omicron,same_doses
LMIC,1000000,Present,2,Oxford-AstraZeneca,0.8,9,1/1/2021,0.25,7,10,1,6,0.01,TRUE,5,360,7.5,8,204,rq2_lmic_abmodel_omicron,same_doses
LMIC,1000000,Present,2,Oxford-AstraZeneca,0.8,9,1/1/2021,0.25,8,10,1,6,0.02,TRUE,5,180,7.5,2,205,rq2_lmic_abmodel_omicron,same_doses
LMIC,1000000,Present,2,Oxford-AstraZeneca,0.8,9,1/1/2021,0.25,8,10,1,6,0.02,TRUE,5,180,7.5,4,206,rq2_lmic_abmodel_omicron,same_doses
LMIC,1000000,Present,2,Oxford-AstraZeneca,0.8,9,1/1/2021,0.25,8,10,1,6,0.02,TRUE,5,180,7.5,8,207,rq2_lmic_abmodel_omicron,same_doses
LMIC,1000000,Present,2,Oxford-AstraZeneca,0.8,9,1/1/2021,0.25,8,10,1,6,0.02,TRUE,5,360,7.5,2,208,rq2_lmic_abmodel_omicron,same_doses
LMIC,1000000,Present,2,Oxford-AstraZeneca,0.8,9,1/1/2021,0.25,8,10,1,6,0.02,TRUE,5,360,7.5,4,209,rq2_lmic_abmodel_omicron,same_doses
LMIC,1000000,Present,2,Oxford-AstraZeneca,0.8,9,1/1/2021,0.25,8,10,1,6,0.02,TRUE,5,360,7.5,8,210,rq2_lmic_abmodel_omicron,same_doses
LMIC,1000000,Present,2,Oxford-AstraZeneca,0.8,9,1/1/2021,0.25,8,10,1,6,0.01,TRUE,5,180,7.5,2,211,rq2_lmic_abmodel_omicron,same_doses
LMIC,1000000,Present,2,Oxford-AstraZeneca,0.8,9,1/1/2021,0.25,8,10,1,6,0.01,TRUE,5,180,7.5,4,212,rq2_lmic_abmodel_omicron,same_doses
LMIC,1000000,Present,2,Oxford-AstraZeneca,0.8,9,1/1/2021,0.25,8,10,1,6,0.01,TRUE,5,180,7.5,8,213,rq2_lmic_abmodel_omicron,same_doses
LMIC,1000000,Present,2,Oxford-AstraZeneca,0.8,9,1/1/2021,0.25,8,10,1,6,0.01,TRUE,5,360,7.5,2,214,rq2_lmic_abmodel_omicron,same_doses
LMIC,1000000,Present,2,Oxford-AstraZeneca,0.8,9,1/1/2021,0.25,8,10,1,6,0.01,TRUE,5,360,7.5,4,215,rq2_lmic_abmodel_omicron,same_doses
LMIC,1000000,Present,2,Oxford-AstraZeneca,0.8,9,1/1/2021,0.25,8,10,1,6,0.01,TRUE,5,360,7.5,8,216,rq2_lmic_abmodel_omicron,same_doses
LMIC,1000000,Present,2,Oxford-AstraZeneca,0.8,9,1/1/2021,0.25,9,10,1,6,0.02,TRUE,5,180,7.5,2,217,rq2_lmic_abmodel_omicron,same_doses
LMIC,1000000,Present,2,Oxford-AstraZeneca,0.8,9,1/1/2021,0.25,9,10,1,6,0.02,TRUE,5,180,7.5,4,218,rq2_lmic_abmodel_omicron,same_doses
LMIC,1000000,Present,2,Oxford-AstraZeneca,0.8,9,1/1/2021,0.25,9,10,1,6,0.02,TRUE,5,180,7.5,8,219,rq2_lmic_abmodel_omicron,same_doses
LMIC,1000000,Present,2,Oxford-AstraZeneca,0.8,9,1/1/2021,0.25,9,10,1,6,0.02,TRUE,5,360,7.5,2,220,rq2_lmic_abmodel_omicron,same_doses
LMIC,1000000,Present,2,Oxford-AstraZeneca,0.8,9,1/1/2021,0.25,9,10,1,6,0.02,TRUE,5,360,7.5,4,221,rq2_lmic_abmodel_omicron,same_doses
LMIC,1000000,Present,2,Oxford-AstraZeneca,0.8,9,1/1/2021,0.25,9,10,1,6,0.02,TRUE,5,360,7.5,8,222,rq2_lmic_abmodel_omicron,same_doses
LMIC,1000000,Present,2,Oxford-AstraZeneca,0.8,9,1/1/2021,0.25,9,10,1,6,0.01,TRUE,5,180,7.5,2,223,rq2_lmic_abmodel_omicron,same_doses
LMIC,1000000,Present,2,Oxford-AstraZeneca,0.8,9,1/1/2021,0.25,9,10,1,6,0.01,TRUE,5,180,7.5,4,224,rq2_lmic_abmodel_omicron,same_doses
LMIC,1000000,Present,2,Oxford-AstraZeneca,0.8,9,1/1/2021,0.25,9,10,1,6,0.01,TRUE,5,180,7.5,8,225,rq2_lmic_abmodel_omicron,same_doses
LMIC,1000000,Present,2,Oxford-AstraZeneca,0.8,9,1/1/2021,0.25,9,10,1,6,0.01,TRUE,5,360,7.5,2,226,rq2_lmic_abmodel_omicron,same_doses
LMIC,1000000,Present,2,Oxford-AstraZeneca,0.8,9,1/1/2021,0.25,9,10,1,6,0.01,TRUE,5,360,7.5,4,227,rq2_lmic_abmodel_omicron,same_doses
LMIC,1000000,Present,2,Oxford-AstraZeneca,0.8,9,1/1/2021,0.25,9,10,1,6,0.01,TRUE,5,360,7.5,8,228,rq2_lmic_abmodel_omicron,same_doses
LMIC,1000000,Present,2,Oxford-AstraZeneca,0.8,9,1/1/2021,0.25,10,10,1,6,0.02,TRUE,5,180,7.5,2,229,rq2_lmic_abmodel_omicron,same_doses
LMIC,1000000,Present,2,Oxford-AstraZeneca,0.8,9,1/1/2021,0.25,10,10,1,6,0.02,TRUE,5,180,7.5,4,230,rq2_lmic_abmodel_omicron,same_doses
LMIC,1000000,Present,2,Oxford-AstraZeneca,0.8,9,1/1/2021,0.25,10,10,1,6,0.02,TRUE,5,180,7.5,8,231,rq2_lmic_abmodel_omicron,same_doses
LMIC,1000000,Present,2,Oxford-AstraZeneca,0.8,9,1/1/2021,0.25,10,10,1,6,0.02,TRUE,5,360,7.5,2,232,rq2_lmic_abmodel_omicron,same_doses
LMIC,1000000,Present,2,Oxford-AstraZeneca,0.8,9,1/1/2021,0.25,10,10,1,6,0.02,TRUE,5,360,7.5,4,233,rq2_lmic_abmodel_omicron,same_doses
LMIC,1000000,Present,2,Oxford-AstraZeneca,0.8,9,1/1/2021,0.25,10,10,1,6,0.02,TRUE,5,360,7.5,8,234,rq2_lmic_abmodel_omicron,same_doses
LMIC,1000000,Present,2,Oxford-AstraZeneca,0.8,9,1/1/2021,0.25,10,10,1,6,0.01,TRUE,5,180,7.5,2,235,rq2_lmic_abmodel_omicron,same_doses
LMIC,1000000,Present,2,Oxford-AstraZeneca,0.8,9,1/1/2021,0.25,10,10,1,6,0.01,TRUE,5,180,7.5,4,236,rq2_lmic_abmodel_omicron,same_doses
LMIC,1000000,Present,2,Oxford-AstraZeneca,0.8,9,1/1/2021,0.25,10,10,1,6,0.01,TRUE,5,180,7.5,8,237,rq2_lmic_abmodel_omicron,same_doses
LMIC,1000000,Present,2,Oxford-AstraZeneca,0.8,9,1/1/2021,0.25,10,10,1,6,0.01,TRUE,5,360,7.5,2,238,rq2_lmic_abmodel_omicron,same_doses
LMIC,1000000,Present,2,Oxford-AstraZeneca,0.8,9,1/1/2021,0.25,10,10,1,6,0.01,TRUE,5,360,7.5,4,239,rq2_lmic_abmodel_omicron,same_doses
LMIC,1000000,Present,2,Oxford-AstraZeneca,0.8,9,1/1/2021,0.25,10,10,1,6,0.01,TRUE,5,360,7.5,8,240,rq2_lmic_abmodel_omicron,same_doses
LMIC,1000000,Present,3,Oxford-AstraZeneca,0.8,5,1/1/2021,0.25,1,10,1,6,0.02,TRUE,5,180,7.5,2,241,rq2_lmic_abmodel_omicron,same_doses
LMIC,1000000,Present,3,Oxford-AstraZeneca,0.8,5,1/1/2021,0.25,1,10,1,6,0.02,TRUE,5,180,7.5,4,242,rq2_lmic_abmodel_omicron,same_doses
LMIC,1000000,Present,3,Oxford-AstraZeneca,0.8,5,1/1/2021,0.25,1,10,1,6,0.02,TRUE,5,180,7.5,8,243,rq2_lmic_abmodel_omicron,same_doses
LMIC,1000000,Present,3,Oxford-AstraZeneca,0.8,5,1/1/2021,0.25,1,10,1,6,0.02,TRUE,5,360,7.5,2,244,rq2_lmic_abmodel_omicron,same_doses
LMIC,1000000,Present,3,Oxford-AstraZeneca,0.8,5,1/1/2021,0.25,1,10,1,6,0.02,TRUE,5,360,7.5,4,245,rq2_lmic_abmodel_omicron,same_doses
LMIC,1000000,Present,3,Oxford-AstraZeneca,0.8,5,1/1/2021,0.25,1,10,1,6,0.02,TRUE,5,360,7.5,8,246,rq2_lmic_abmodel_omicron,same_doses
LMIC,1000000,Present,3,Oxford-AstraZeneca,0.8,5,1/1/2021,0.25,1,10,1,6,0.01,TRUE,5,180,7.5,2,247,rq2_lmic_abmodel_omicron,same_doses
LMIC,1000000,Present,3,Oxford-AstraZeneca,0.8,5,1/1/2021,0.25,1,10,1,6,0.01,TRUE,5,180,7.5,4,248,rq2_lmic_abmodel_omicron,same_doses
LMIC,1000000,Present,3,Oxford-AstraZeneca,0.8,5,1/1/2021,0.25,1,10,1,6,0.01,TRUE,5,180,7.5,8,249,rq2_lmic_abmodel_omicron,same_doses
LMIC,1000000,Present,3,Oxford-AstraZeneca,0.8,5,1/1/2021,0.25,1,10,1,6,0.01,TRUE,5,360,7.5,2,250,rq2_lmic_abmodel_omicron,same_doses
LMIC,1000000,Present,3,Oxford-AstraZeneca,0.8,5,1/1/2021,0.25,1,10,1,6,0.01,TRUE,5,360,7.5,4,251,rq2_lmic_abmodel_omicron,same_doses
LMIC,1000000,Present,3,Oxford-AstraZeneca,0.8,5,1/1/2021,0.25,1,10,1,6,0.01,TRUE,5,360,7.5,8,252,rq2_lmic_abmodel_omicron,same_doses
LMIC,1000000,Present,3,Oxford-AstraZeneca,0.8,5,1/1/2021,0.25,2,10,1,6,0.02,TRUE,5,180,7.5,2,253,rq2_lmic_abmodel_omicron,same_doses
LMIC,1000000,Present,3,Oxford-AstraZeneca,0.8,5,1/1/2021,0.25,2,10,1,6,0.02,TRUE,5,180,7.5,4,254,rq2_lmic_abmodel_omicron,same_doses
LMIC,1000000,Present,3,Oxford-AstraZeneca,0.8,5,1/1/2021,0.25,2,10,1,6,0.02,TRUE,5,180,7.5,8,255,rq2_lmic_abmodel_omicron,same_doses
LMIC,1000000,Present,3,Oxford-AstraZeneca,0.8,5,1/1/2021,0.25,2,10,1,6,0.02,TRUE,5,360,7.5,2,256,rq2_lmic_abmodel_omicron,same_doses
LMIC,1000000,Present,3,Oxford-AstraZeneca,0.8,5,1/1/2021,0.25,2,10,1,6,0.02,TRUE,5,360,7.5,4,257,rq2_lmic_abmodel_omicron,same_doses
LMIC,1000000,Present,3,Oxford-AstraZeneca,0.8,5,1/1/2021,0.25,2,10,1,6,0.02,TRUE,5,360,7.5,8,258,rq2_lmic_abmodel_omicron,same_doses
LMIC,1000000,Present,3,Oxford-AstraZeneca,0.8,5,1/1/2021,0.25,2,10,1,6,0.01,TRUE,5,180,7.5,2,259,rq2_lmic_abmodel_omicron,same_doses
LMIC,1000000,Present,3,Oxford-AstraZeneca,0.8,5,1/1/2021,0.25,2,10,1,6,0.01,TRUE,5,180,7.5,4,260,rq2_lmic_abmodel_omicron,same_doses
LMIC,1000000,Present,3,Oxford-AstraZeneca,0.8,5,1/1/2021,0.25,2,10,1,6,0.01,TRUE,5,180,7.5,8,261,rq2_lmic_abmodel_omicron,same_doses
LMIC,1000000,Present,3,Oxford-AstraZeneca,0.8,5,1/1/2021,0.25,2,10,1,6,0.01,TRUE,5,360,7.5,2,262,rq2_lmic_abmodel_omicron,same_doses
LMIC,1000000,Present,3,Oxford-AstraZeneca,0.8,5,1/1/2021,0.25,2,10,1,6,0.01,TRUE,5,360,7.5,4,263,rq2_lmic_abmodel_omicron,same_doses
LMIC,1000000,Present,3,Oxford-AstraZeneca,0.8,5,1/1/2021,0.25,2,10,1,6,0.01,TRUE,5,360,7.5,8,264,rq2_lmic_abmodel_omicron,same_doses
LMIC,1000000,Present,3,Oxford-AstraZeneca,0.8,5,1/1/2021,0.25,3,10,1,6,0.02,TRUE,5,180,7.5,2,265,rq2_lmic_abmodel_omicron,same_doses
LMIC,1000000,Present,3,Oxford-AstraZeneca,0.8,5,1/1/2021,0.25,3,10,1,6,0.02,TRUE,5,180,7.5,4,266,rq2_lmic_abmodel_omicron,same_doses
LMIC,1000000,Present,3,Oxford-AstraZeneca,0.8,5,1/1/2021,0.25,3,10,1,6,0.02,TRUE,5,180,7.5,8,267,rq2_lmic_abmodel_omicron,same_doses
LMIC,1000000,Present,3,Oxford-AstraZeneca,0.8,5,1/1/2021,0.25,3,10,1,6,0.02,TRUE,5,360,7.5,2,268,rq2_lmic_abmodel_omicron,same_doses
LMIC,1000000,Present,3,Oxford-AstraZeneca,0.8,5,1/1/2021,0.25,3,10,1,6,0.02,TRUE,5,360,7.5,4,269,rq2_lmic_abmodel_omicron,same_doses
LMIC,1000000,Present,3,Oxford-AstraZeneca,0.8,5,1/1/2021,0.25,3,10,1,6,0.02,TRUE,5,360,7.5,8,270,rq2_lmic_abmodel_omicron,same_doses
LMIC,1000000,Present,3,Oxford-AstraZeneca,0.8,5,1/1/2021,0.25,3,10,1,6,0.01,TRUE,5,180,7.5,2,271,rq2_lmic_abmodel_omicron,same_doses
LMIC,1000000,Present,3,Oxford-AstraZeneca,0.8,5,1/1/2021,0.25,3,10,1,6,0.01,TRUE,5,180,7.5,4,272,rq2_lmic_abmodel_omicron,same_doses
LMIC,1000000,Present,3,Oxford-AstraZeneca,0.8,5,1/1/2021,0.25,3,10,1,6,0.01,TRUE,5,180,7.5,8,273,rq2_lmic_abmodel_omicron,same_doses
LMIC,1000000,Present,3,Oxford-AstraZeneca,0.8,5,1/1/2021,0.25,3,10,1,6,0.01,TRUE,5,360,7.5,2,274,rq2_lmic_abmodel_omicron,same_doses
LMIC,1000000,Present,3,Oxford-AstraZeneca,0.8,5,1/1/2021,0.25,3,10,1,6,0.01,TRUE,5,360,7.5,4,275,rq2_lmic_abmodel_omicron,same_doses
LMIC,1000000,Present,3,Oxford-AstraZeneca,0.8,5,1/1/2021,0.25,3,10,1,6,0.01,TRUE,5,360,7.5,8,276,rq2_lmic_abmodel_omicron,same_doses
LMIC,1000000,Present,3,Oxford-AstraZeneca,0.8,5,1/1/2021,0.25,4,10,1,6,0.02,TRUE,5,180,7.5,2,277,rq2_lmic_abmodel_omicron,same_doses
LMIC,1000000,Present,3,Oxford-AstraZeneca,0.8,5,1/1/2021,0.25,4,10,1,6,0.02,TRUE,5,180,7.5,4,278,rq2_lmic_abmodel_omicron,same_doses
LMIC,1000000,Present,3,Oxford-AstraZeneca,0.8,5,1/1/2021,0.25,4,10,1,6,0.02,TRUE,5,180,7.5,8,279,rq2_lmic_abmodel_omicron,same_doses
LMIC,1000000,Present,3,Oxford-AstraZeneca,0.8,5,1/1/2021,0.25,4,10,1,6,0.02,TRUE,5,360,7.5,2,280,rq2_lmic_abmodel_omicron,same_doses
LMIC,1000000,Present,3,Oxford-AstraZeneca,0.8,5,1/1/2021,0.25,4,10,1,6,0.02,TRUE,5,360,7.5,4,281,rq2_lmic_abmodel_omicron,same_doses
LMIC,1000000,Present,3,Oxford-AstraZeneca,0.8,5,1/1/2021,0.25,4,10,1,6,0.02,TRUE,5,360,7.5,8,282,rq2_lmic_abmodel_omicron,same_doses
LMIC,1000000,Present,3,Oxford-AstraZeneca,0.8,5,1/1/2021,0.25,4,10,1,6,0.01,TRUE,5,180,7.5,2,283,rq2_lmic_abmodel_omicron,same_doses
LMIC,1000000,Present,3,Oxford-AstraZeneca,0.8,5,1/1/2021,0.25,4,10,1,6,0.01,TRUE,5,180,7.5,4,284,rq2_lmic_abmodel_omicron,same_doses
LMIC,1000000,Present,3,Oxford-AstraZeneca,0.8,5,1/1/2021,0.25,4,10,1,6,0.01,TRUE,5,180,7.5,8,285,rq2_lmic_abmodel_omicron,same_doses
LMIC,1000000,Present,3,Oxford-AstraZeneca,0.8,5,1/1/2021,0.25,4,10,1,6,0.01,TRUE,5,360,7.5,2,286,rq2_lmic_abmodel_omicron,same_doses
LMIC,1000000,Present,3,Oxford-AstraZeneca,0.8,5,1/1/2021,0.25,4,10,1,6,0.01,TRUE,5,360,7.5,4,287,rq2_lmic_abmodel_omicron,same_doses
LMIC,1000000,Present,3,Oxford-AstraZeneca,0.8,5,1/1/2021,0.25,4,10,1,6,0.01,TRUE,5,360,7.5,8,288,rq2_lmic_abmodel_omicron,same_doses
LMIC,1000000,Present,3,Oxford-AstraZeneca,0.8,5,1/1/2021,0.25,5,10,1,6,0.02,TRUE,5,180,7.5,2,289,rq2_lmic_abmodel_omicron,same_doses
LMIC,1000000,Present,3,Oxford-AstraZeneca,0.8,5,1/1/2021,0.25,5,10,1,6,0.02,TRUE,5,180,7.5,4,290,rq2_lmic_abmodel_omicron,same_doses
LMIC,1000000,Present,3,Oxford-AstraZeneca,0.8,5,1/1/2021,0.25,5,10,1,6,0.02,TRUE,5,180,7.5,8,291,rq2_lmic_abmodel_omicron,same_doses
LMIC,1000000,Present,3,Oxford-AstraZeneca,0.8,5,1/1/2021,0.25,5,10,1,6,0.02,TRUE,5,360,7.5,2,292,rq2_lmic_abmodel_omicron,same_doses
LMIC,1000000,Present,3,Oxford-AstraZeneca,0.8,5,1/1/2021,0.25,5,10,1,6,0.02,TRUE,5,360,7.5,4,293,rq2_lmic_abmodel_omicron,same_doses
LMIC,1000000,Present,3,Oxford-AstraZeneca,0.8,5,1/1/2021,0.25,5,10,1,6,0.02,TRUE,5,360,7.5,8,294,rq2_lmic_abmodel_omicron,same_doses
LMIC,1000000,Present,3,Oxford-AstraZeneca,0.8,5,1/1/2021,0.25,5,10,1,6,0.01,TRUE,5,180,7.5,2,295,rq2_lmic_abmodel_omicron,same_doses
LMIC,1000000,Present,3,Oxford-AstraZeneca,0.8,5,1/1/2021,0.25,5,10,1,6,0.01,TRUE,5,180,7.5,4,296,rq2_lmic_abmodel_omicron,same_doses
LMIC,1000000,Present,3,Oxford-AstraZeneca,0.8,5,1/1/2021,0.25,5,10,1,6,0.01,TRUE,5,180,7.5,8,297,rq2_lmic_abmodel_omicron,same_doses
LMIC,1000000,Present,3,Oxford-AstraZeneca,0.8,5,1/1/2021,0.25,5,10,1,6,0.01,TRUE,5,360,7.5,2,298,rq2_lmic_abmodel_omicron,same_doses
LMIC,1000000,Present,3,Oxford-AstraZeneca,0.8,5,1/1/2021,0.25,5,10,1,6,0.01,TRUE,5,360,7.5,4,299,rq2_lmic_abmodel_omicron,same_doses
LMIC,1000000,Present,3,Oxford-AstraZeneca,0.8,5,1/1/2021,0.25,5,10,1,6,0.01,TRUE,5,360,7.5,8,300,rq2_lmic_abmodel_omicron,same_doses
LMIC,1000000,Present,3,Oxford-AstraZeneca,0.8,5,1/1/2021,0.25,6,10,1,6,0.02,TRUE,5,180,7.5,2,301,rq2_lmic_abmodel_omicron,same_doses
LMIC,1000000,Present,3,Oxford-AstraZeneca,0.8,5,1/1/2021,0.25,6,10,1,6,0.02,TRUE,5,180,7.5,4,302,rq2_lmic_abmodel_omicron,same_doses
LMIC,1000000,Present,3,Oxford-AstraZeneca,0.8,5,1/1/2021,0.25,6,10,1,6,0.02,TRUE,5,180,7.5,8,303,rq2_lmic_abmodel_omicron,same_doses
LMIC,1000000,Present,3,Oxford-AstraZeneca,0.8,5,1/1/2021,0.25,6,10,1,6,0.02,TRUE,5,360,7.5,2,304,rq2_lmic_abmodel_omicron,same_doses
LMIC,1000000,Present,3,Oxford-AstraZeneca,0.8,5,1/1/2021,0.25,6,10,1,6,0.02,TRUE,5,360,7.5,4,305,rq2_lmic_abmodel_omicron,same_doses
LMIC,1000000,Present,3,Oxford-AstraZeneca,0.8,5,1/1/2021,0.25,6,10,1,6,0.02,TRUE,5,360,7.5,8,306,rq2_lmic_abmodel_omicron,same_doses
LMIC,1000000,Present,3,Oxford-AstraZeneca,0.8,5,1/1/2021,0.25,6,10,1,6,0.01,TRUE,5,180,7.5,2,307,rq2_lmic_abmodel_omicron,same_doses
LMIC,1000000,Present,3,Oxford-AstraZeneca,0.8,5,1/1/2021,0.25,6,10,1,6,0.01,TRUE,5,180,7.5,4,308,rq2_lmic_abmodel_omicron,same_doses
LMIC,1000000,Present,3,Oxford-AstraZeneca,0.8,5,1/1/2021,0.25,6,10,1,6,0.01,TRUE,5,180,7.5,8,309,rq2_lmic_abmodel_omicron,same_doses
LMIC,1000000,Present,3,Oxford-AstraZeneca,0.8,5,1/1/2021,0.25,6,10,1,6,0.01,TRUE,5,360,7.5,2,310,rq2_lmic_abmodel_omicron,same_doses
LMIC,1000000,Present,3,Oxford-AstraZeneca,0.8,5,1/1/2021,0.25,6,10,1,6,0.01,TRUE,5,360,7.5,4,311,rq2_lmic_abmodel_omicron,same_doses
LMIC,1000000,Present,3,Oxford-AstraZeneca,0.8,5,1/1/2021,0.25,6,10,1,6,0.01,TRUE,5,360,7.5,8,312,rq2_lmic_abmodel_omicron,same_doses
LMIC,1000000,Present,3,Oxford-AstraZeneca,0.8,5,1/1/2021,0.25,7,10,1,6,0.02,TRUE,5,180,7.5,2,313,rq2_lmic_abmodel_omicron,same_doses
LMIC,1000000,Present,3,Oxford-AstraZeneca,0.8,5,1/1/2021,0.25,7,10,1,6,0.02,TRUE,5,180,7.5,4,314,rq2_lmic_abmodel_omicron,same_doses
LMIC,1000000,Present,3,Oxford-AstraZeneca,0.8,5,1/1/2021,0.25,7,10,1,6,0.02,TRUE,5,180,7.5,8,315,rq2_lmic_abmodel_omicron,same_doses
LMIC,1000000,Present,3,Oxford-AstraZeneca,0.8,5,1/1/2021,0.25,7,10,1,6,0.02,TRUE,5,360,7.5,2,316,rq2_lmic_abmodel_omicron,same_doses
LMIC,1000000,Present,3,Oxford-AstraZeneca,0.8,5,1/1/2021,0.25,7,10,1,6,0.02,TRUE,5,360,7.5,4,317,rq2_lmic_abmodel_omicron,same_doses
LMIC,1000000,Present,3,Oxford-AstraZeneca,0.8,5,1/1/2021,0.25,7,10,1,6,0.02,TRUE,5,360,7.5,8,318,rq2_lmic_abmodel_omicron,same_doses
LMIC,1000000,Present,3,Oxford-AstraZeneca,0.8,5,1/1/2021,0.25,7,10,1,6,0.01,TRUE,5,180,7.5,2,319,rq2_lmic_abmodel_omicron,same_doses
LMIC,1000000,Present,3,Oxford-AstraZeneca,0.8,5,1/1/2021,0.25,7,10,1,6,0.01,TRUE,5,180,7.5,4,320,rq2_lmic_abmodel_omicron,same_doses
LMIC,1000000,Present,3,Oxford-AstraZeneca,0.8,5,1/1/2021,0.25,7,10,1,6,0.01,TRUE,5,180,7.5,8,321,rq2_lmic_abmodel_omicron,same_doses
LMIC,1000000,Present,3,Oxford-AstraZeneca,0.8,5,1/1/2021,0.25,7,10,1,6,0.01,TRUE,5,360,7.5,2,322,rq2_lmic_abmodel_omicron,same_doses
LMIC,1000000,Present,3,Oxford-AstraZeneca,0.8,5,1/1/2021,0.25,7,10,1,6,0.01,TRUE,5,360,7.5,4,323,rq2_lmic_abmodel_omicron,same_doses
LMIC,1000000,Present,3,Oxford-AstraZeneca,0.8,5,1/1/2021,0.25,7,10,1,6,0.01,TRUE,5,360,7.5,8,324,rq2_lmic_abmodel_omicron,same_doses
LMIC,1000000,Present,3,Oxford-AstraZeneca,0.8,5,1/1/2021,0.25,8,10,1,6,0.02,TRUE,5,180,7.5,2,325,rq2_lmic_abmodel_omicron,same_doses
LMIC,1000000,Present,3,Oxford-AstraZeneca,0.8,5,1/1/2021,0.25,8,10,1,6,0.02,TRUE,5,180,7.5,4,326,rq2_lmic_abmodel_omicron,same_doses
LMIC,1000000,Present,3,Oxford-AstraZeneca,0.8,5,1/1/2021,0.25,8,10,1,6,0.02,TRUE,5,180,7.5,8,327,rq2_lmic_abmodel_omicron,same_doses
LMIC,1000000,Present,3,Oxford-AstraZeneca,0.8,5,1/1/2021,0.25,8,10,1,6,0.02,TRUE,5,360,7.5,2,328,rq2_lmic_abmodel_omicron,same_doses
LMIC,1000000,Present,3,Oxford-AstraZeneca,0.8,5,1/1/2021,0.25,8,10,1,6,0.02,TRUE,5,360,7.5,4,329,rq2_lmic_abmodel_omicron,same_doses
LMIC,1000000,Present,3,Oxford-AstraZeneca,0.8,5,1/1/2021,0.25,8,10,1,6,0.02,TRUE,5,360,7.5,8,330,rq2_lmic_abmodel_omicron,same_doses
LMIC,1000000,Present,3,Oxford-AstraZeneca,0.8,5,1/1/2021,0.25,8,10,1,6,0.01,TRUE,5,180,7.5,2,331,rq2_lmic_abmodel_omicron,same_doses
LMIC,1000000,Present,3,Oxford-AstraZeneca,0.8,5,1/1/2021,0.25,8,10,1,6,0.01,TRUE,5,180,7.5,4,332,rq2_lmic_abmodel_omicron,same_doses
LMIC,1000000,Present,3,Oxford-AstraZeneca,0.8,5,1/1/2021,0.25,8,10,1,6,0.01,TRUE,5,180,7.5,8,333,rq2_lmic_abmodel_omicron,same_doses
LMIC,1000000,Present,3,Oxford-AstraZeneca,0.8,5,1/1/2021,0.25,8,10,1,6,0.01,TRUE,5,360,7.5,2,334,rq2_lmic_abmodel_omicron,same_doses
LMIC,1000000,Present,3,Oxford-AstraZeneca,0.8,5,1/1/2021,0.25,8,10,1,6,0.01,TRUE,5,360,7.5,4,335,rq2_lmic_abmodel_omicron,same_doses
LMIC,1000000,Present,3,Oxford-AstraZeneca,0.8,5,1/1/2021,0.25,8,10,1,6,0.01,TRUE,5,360,7.5,8,336,rq2_lmic_abmodel_omicron,same_doses
LMIC,1000000,Present,3,Oxford-AstraZeneca,0.8,5,1/1/2021,0.25,9,10,1,6,0.02,TRUE,5,180,7.5,2,337,rq2_lmic_abmodel_omicron,same_doses
LMIC,1000000,Present,3,Oxford-AstraZeneca,0.8,5,1/1/2021,0.25,9,10,1,6,0.02,TRUE,5,180,7.5,4,338,rq2_lmic_abmodel_omicron,same_doses
LMIC,1000000,Present,3,Oxford-AstraZeneca,0.8,5,1/1/2021,0.25,9,10,1,6,0.02,TRUE,5,180,7.5,8,339,rq2_lmic_abmodel_omicron,same_doses
LMIC,1000000,Present,3,Oxford-AstraZeneca,0.8,5,1/1/2021,0.25,9,10,1,6,0.02,TRUE,5,360,7.5,2,340,rq2_lmic_abmodel_omicron,same_doses
LMIC,1000000,Present,3,Oxford-AstraZeneca,0.8,5,1/1/2021,0.25,9,10,1,6,0.02,TRUE,5,360,7.5,4,341,rq2_lmic_abmodel_omicron,same_doses
LMIC,1000000,Present,3,Oxford-AstraZeneca,0.8,5,1/1/2021,0.25,9,10,1,6,0.02,TRUE,5,360,7.5,8,342,rq2_lmic_abmodel_omicron,same_doses
LMIC,1000000,Present,3,Oxford-AstraZeneca,0.8,5,1/1/2021,0.25,9,10,1,6,0.01,TRUE,5,180,7.5,2,343,rq2_lmic_abmodel_omicron,same_doses
LMIC,1000000,Present,3,Oxford-AstraZeneca,0.8,5,1/1/2021,0.25,9,10,1,6,0.01,TRUE,5,180,7.5,4,344,rq2_lmic_abmodel_omicron,same_doses
LMIC,1000000,Present,3,Oxford-AstraZeneca,0.8,5,1/1/2021,0.25,9,10,1,6,0.01,TRUE,5,180,7.5,8,345,rq2_lmic_abmodel_omicron,same_doses
LMIC,1000000,Present,3,Oxford-AstraZeneca,0.8,5,1/1/2021,0.25,9,10,1,6,0.01,TRUE,5,360,7.5,2,346,rq2_lmic_abmodel_omicron,same_doses
LMIC,1000000,Present,3,Oxford-AstraZeneca,0.8,5,1/1/2021,0.25,9,10,1,6,0.01,TRUE,5,360,7.5,4,347,rq2_lmic_abmodel_omicron,same_doses
LMIC,1000000,Present,3,Oxford-AstraZeneca,0.8,5,1/1/2021,0.25,9,10,1,6,0.01,TRUE,5,360,7.5,8,348,rq2_lmic_abmodel_omicron,same_doses
LMIC,1000000,Present,3,Oxford-AstraZeneca,0.8,5,1/1/2021,0.25,10,10,1,6,0.02,TRUE,5,180,7.5,2,349,rq2_lmic_abmodel_omicron,same_doses
LMIC,1000000,Present,3,Oxford-AstraZeneca,0.8,5,1/1/2021,0.25,10,10,1,6,0.02,TRUE,5,180,7.5,4,350,rq2_lmic_abmodel_omicron,same_doses
LMIC,1000000,Present,3,Oxford-AstraZeneca,0.8,5,1/1/2021,0.25,10,10,1,6,0.02,TRUE,5,180,7.5,8,351,rq2_lmic_abmodel_omicron,same_doses
LMIC,1000000,Present,3,Oxford-AstraZeneca,0.8,5,1/1/2021,0.25,10,10,1,6,0.02,TRUE,5,360,7.5,2,352,rq2_lmic_abmodel_omicron,same_doses
LMIC,1000000,Present,3,Oxford-AstraZeneca,0.8,5,1/1/2021,0.25,10,10,1,6,0.02,TRUE,5,360,7.5,4,353,rq2_lmic_abmodel_omicron,same_doses
LMIC,1000000,Present,3,Oxford-AstraZeneca,0.8,5,1/1/2021,0.25,10,10,1,6,0.02,TRUE,5,360,7.5,8,354,rq2_lmic_abmodel_omicron,same_doses
LMIC,1000000,Present,3,Oxford-AstraZeneca,0.8,5,1/1/2021,0.25,10,10,1,6,0.01,TRUE,5,180,7.5,2,355,rq2_lmic_abmodel_omicron,same_doses
LMIC,1000000,Present,3,Oxford-AstraZeneca,0.8,5,1/1/2021,0.25,10,10,1,6,0.01,TRUE,5,180,7.5,4,356,rq2_lmic_abmodel_omicron,same_doses
LMIC,1000000,Present,3,Oxford-AstraZeneca,0.8,5,1/1/2021,0.25,10,10,1,6,0.01,TRUE,5,180,7.5,8,357,rq2_lmic_abmodel_omicron,same_doses
LMIC,1000000,Present,3,Oxford-AstraZeneca,0.8,5,1/1/2021,0.25,10,10,1,6,0.01,TRUE,5,360,7.5,2,358,rq2_lmic_abmodel_omicron,same_doses
LMIC,1000000,Present,3,Oxford-AstraZeneca,0.8,5,1/1/2021,0.25,10,10,1,6,0.01,TRUE,5,360,7.5,4,359,rq2_lmic_abmodel_omicron,same_doses
LMIC,1000000,Present,3,Oxford-AstraZeneca,0.8,5,1/1/2021,0.25,10,10,1,6,0.01,TRUE,5,360,7.5,8,360,rq2_lmic_abmodel_omicron,same_doses
LMIC,1000000,Present,3,Oxford-AstraZeneca,0.8,9,1/1/2021,0.25,1,10,1,6,0.02,TRUE,5,180,7.5,2,361,rq2_lmic_abmodel_omicron,same_doses
LMIC,1000000,Present,3,Oxford-AstraZeneca,0.8,9,1/1/2021,0.25,1,10,1,6,0.02,TRUE,5,180,7.5,4,362,rq2_lmic_abmodel_omicron,same_doses
LMIC,1000000,Present,3,Oxford-AstraZeneca,0.8,9,1/1/2021,0.25,1,10,1,6,0.02,TRUE,5,180,7.5,8,363,rq2_lmic_abmodel_omicron,same_doses
LMIC,1000000,Present,3,Oxford-AstraZeneca,0.8,9,1/1/2021,0.25,1,10,1,6,0.02,TRUE,5,360,7.5,2,364,rq2_lmic_abmodel_omicron,same_doses
LMIC,1000000,Present,3,Oxford-AstraZeneca,0.8,9,1/1/2021,0.25,1,10,1,6,0.02,TRUE,5,360,7.5,4,365,rq2_lmic_abmodel_omicron,same_doses
LMIC,1000000,Present,3,Oxford-AstraZeneca,0.8,9,1/1/2021,0.25,1,10,1,6,0.02,TRUE,5,360,7.5,8,366,rq2_lmic_abmodel_omicron,same_doses
LMIC,1000000,Present,3,Oxford-AstraZeneca,0.8,9,1/1/2021,0.25,1,10,1,6,0.01,TRUE,5,180,7.5,2,367,rq2_lmic_abmodel_omicron,same_doses
LMIC,1000000,Present,3,Oxford-AstraZeneca,0.8,9,1/1/2021,0.25,1,10,1,6,0.01,TRUE,5,180,7.5,4,368,rq2_lmic_abmodel_omicron,same_doses
LMIC,1000000,Present,3,Oxford-AstraZeneca,0.8,9,1/1/2021,0.25,1,10,1,6,0.01,TRUE,5,180,7.5,8,369,rq2_lmic_abmodel_omicron,same_doses
LMIC,1000000,Present,3,Oxford-AstraZeneca,0.8,9,1/1/2021,0.25,1,10,1,6,0.01,TRUE,5,360,7.5,2,370,rq2_lmic_abmodel_omicron,same_doses
LMIC,1000000,Present,3,Oxford-AstraZeneca,0.8,9,1/1/2021,0.25,1,10,1,6,0.01,TRUE,5,360,7.5,4,371,rq2_lmic_abmodel_omicron,same_doses
LMIC,1000000,Present,3,Oxford-AstraZeneca,0.8,9,1/1/2021,0.25,1,10,1,6,0.01,TRUE,5,360,7.5,8,372,rq2_lmic_abmodel_omicron,same_doses
LMIC,1000000,Present,3,Oxford-AstraZeneca,0.8,9,1/1/2021,0.25,2,10,1,6,0.02,TRUE,5,180,7.5,2,373,rq2_lmic_abmodel_omicron,same_doses
LMIC,1000000,Present,3,Oxford-AstraZeneca,0.8,9,1/1/2021,0.25,2,10,1,6,0.02,TRUE,5,180,7.5,4,374,rq2_lmic_abmodel_omicron,same_doses
LMIC,1000000,Present,3,Oxford-AstraZeneca,0.8,9,1/1/2021,0.25,2,10,1,6,0.02,TRUE,5,180,7.5,8,375,rq2_lmic_abmodel_omicron,same_doses
LMIC,1000000,Present,3,Oxford-AstraZeneca,0.8,9,1/1/2021,0.25,2,10,1,6,0.02,TRUE,5,360,7.5,2,376,rq2_lmic_abmodel_omicron,same_doses
LMIC,1000000,Present,3,Oxford-AstraZeneca,0.8,9,1/1/2021,0.25,2,10,1,6,0.02,TRUE,5,360,7.5,4,377,rq2_lmic_abmodel_omicron,same_doses
LMIC,1000000,Present,3,Oxford-AstraZeneca,0.8,9,1/1/2021,0.25,2,10,1,6,0.02,TRUE,5,360,7.5,8,378,rq2_lmic_abmodel_omicron,same_doses
LMIC,1000000,Present,3,Oxford-AstraZeneca,0.8,9,1/1/2021,0.25,2,10,1,6,0.01,TRUE,5,180,7.5,2,379,rq2_lmic_abmodel_omicron,same_doses
LMIC,1000000,Present,3,Oxford-AstraZeneca,0.8,9,1/1/2021,0.25,2,10,1,6,0.01,TRUE,5,180,7.5,4,380,rq2_lmic_abmodel_omicron,same_doses
LMIC,1000000,Present,3,Oxford-AstraZeneca,0.8,9,1/1/2021,0.25,2,10,1,6,0.01,TRUE,5,180,7.5,8,381,rq2_lmic_abmodel_omicron,same_doses
LMIC,1000000,Present,3,Oxford-AstraZeneca,0.8,9,1/1/2021,0.25,2,10,1,6,0.01,TRUE,5,360,7.5,2,382,rq2_lmic_abmodel_omicron,same_doses
LMIC,1000000,Present,3,Oxford-AstraZeneca,0.8,9,1/1/2021,0.25,2,10,1,6,0.01,TRUE,5,360,7.5,4,383,rq2_lmic_abmodel_omicron,same_doses
LMIC,1000000,Present,3,Oxford-AstraZeneca,0.8,9,1/1/2021,0.25,2,10,1,6,0.01,TRUE,5,360,7.5,8,384,rq2_lmic_abmodel_omicron,same_doses
LMIC,1000000,Present,3,Oxford-AstraZeneca,0.8,9,1/1/2021,0.25,3,10,1,6,0.02,TRUE,5,180,7.5,2,385,rq2_lmic_abmodel_omicron,same_doses
LMIC,1000000,Present,3,Oxford-AstraZeneca,0.8,9,1/1/2021,0.25,3,10,1,6,0.02,TRUE,5,180,7.5,4,386,rq2_lmic_abmodel_omicron,same_doses
LMIC,1000000,Present,3,Oxford-AstraZeneca,0.8,9,1/1/2021,0.25,3,10,1,6,0.02,TRUE,5,180,7.5,8,387,rq2_lmic_abmodel_omicron,same_doses
LMIC,1000000,Present,3,Oxford-AstraZeneca,0.8,9,1/1/2021,0.25,3,10,1,6,0.02,TRUE,5,360,7.5,2,388,rq2_lmic_abmodel_omicron,same_doses
LMIC,1000000,Present,3,Oxford-AstraZeneca,0.8,9,1/1/2021,0.25,3,10,1,6,0.02,TRUE,5,360,7.5,4,389,rq2_lmic_abmodel_omicron,same_doses
LMIC,1000000,Present,3,Oxford-AstraZeneca,0.8,9,1/1/2021,0.25,3,10,1,6,0.02,TRUE,5,360,7.5,8,390,rq2_lmic_abmodel_omicron,same_doses
LMIC,1000000,Present,3,Oxford-AstraZeneca,0.8,9,1/1/2021,0.25,3,10,1,6,0.01,TRUE,5,180,7.5,2,391,rq2_lmic_abmodel_omicron,same_doses
LMIC,1000000,Present,3,Oxford-AstraZeneca,0.8,9,1/1/2021,0.25,3,10,1,6,0.01,TRUE,5,180,7.5,4,392,rq2_lmic_abmodel_omicron,same_doses
LMIC,1000000,Present,3,Oxford-AstraZeneca,0.8,9,1/1/2021,0.25,3,10,1,6,0.01,TRUE,5,180,7.5,8,393,rq2_lmic_abmodel_omicron,same_doses
LMIC,1000000,Present,3,Oxford-AstraZeneca,0.8,9,1/1/2021,0.25,3,10,1,6,0.01,TRUE,5,360,7.5,2,394,rq2_lmic_abmodel_omicron,same_doses
LMIC,1000000,Present,3,Oxford-AstraZeneca,0.8,9,1/1/2021,0.25,3,10,1,6,0.01,TRUE,5,360,7.5,4,395,rq2_lmic_abmodel_omicron,same_doses
LMIC,1000000,Present,3,Oxford-AstraZeneca,0.8,9,1/1/2021,0.25,3,10,1,6,0.01,TRUE,5,360,7.5,8,396,rq2_lmic_abmodel_omicron,same_doses
LMIC,1000000,Present,3,Oxford-AstraZeneca,0.8,9,1/1/2021,0.25,4,10,1,6,0.02,TRUE,5,180,7.5,2,397,rq2_lmic_abmodel_omicron,same_doses
LMIC,1000000,Present,3,Oxford-AstraZeneca,0.8,9,1/1/2021,0.25,4,10,1,6,0.02,TRUE,5,180,7.5,4,398,rq2_lmic_abmodel_omicron,same_doses
LMIC,1000000,Present,3,Oxford-AstraZeneca,0.8,9,1/1/2021,0.25,4,10,1,6,0.02,TRUE,5,180,7.5,8,399,rq2_lmic_abmodel_omicron,same_doses
LMIC,1000000,Present,3,Oxford-AstraZeneca,0.8,9,1/1/2021,0.25,4,10,1,6,0.02,TRUE,5,360,7.5,2,400,rq2_lmic_abmodel_omicron,same_doses
LMIC,1000000,Present,3,Oxford-AstraZeneca,0.8,9,1/1/2021,0.25,4,10,1,6,0.02,TRUE,5,360,7.5,4,401,rq2_lmic_abmodel_omicron,same_doses
LMIC,1000000,Present,3,Oxford-AstraZeneca,0.8,9,1/1/2021,0.25,4,10,1,6,0.02,TRUE,5,360,7.5,8,402,rq2_lmic_abmodel_omicron,same_doses
LMIC,1000000,Present,3,Oxford-AstraZeneca,0.8,9,1/1/2021,0.25,4,10,1,6,0.01,TRUE,5,180,7.5,2,403,rq2_lmic_abmodel_omicron,same_doses
LMIC,1000000,Present,3,Oxford-AstraZeneca,0.8,9,1/1/2021,0.25,4,10,1,6,0.01,TRUE,5,180,7.5,4,404,rq2_lmic_abmodel_omicron,same_doses
LMIC,1000000,Present,3,Oxford-AstraZeneca,0.8,9,1/1/2021,0.25,4,10,1,6,0.01,TRUE,5,180,7.5,8,405,rq2_lmic_abmodel_omicron,same_doses
LMIC,1000000,Present,3,Oxford-AstraZeneca,0.8,9,1/1/2021,0.25,4,10,1,6,0.01,TRUE,5,360,7.5,2,406,rq2_lmic_abmodel_omicron,same_doses
LMIC,1000000,Present,3,Oxford-AstraZeneca,0.8,9,1/1/2021,0.25,4,10,1,6,0.01,TRUE,5,360,7.5,4,407,rq2_lmic_abmodel_omicron,same_doses
LMIC,1000000,Present,3,Oxford-AstraZeneca,0.8,9,1/1/2021,0.25,4,10,1,6,0.01,TRUE,5,360,7.5,8,408,rq2_lmic_abmodel_omicron,same_doses
LMIC,1000000,Present,3,Oxford-AstraZeneca,0.8,9,1/1/2021,0.25,5,10,1,6,0.02,TRUE,5,180,7.5,2,409,rq2_lmic_abmodel_omicron,same_doses
LMIC,1000000,Present,3,Oxford-AstraZeneca,0.8,9,1/1/2021,0.25,5,10,1,6,0.02,TRUE,5,180,7.5,4,410,rq2_lmic_abmodel_omicron,same_doses
LMIC,1000000,Present,3,Oxford-AstraZeneca,0.8,9,1/1/2021,0.25,5,10,1,6,0.02,TRUE,5,180,7.5,8,411,rq2_lmic_abmodel_omicron,same_doses
LMIC,1000000,Present,3,Oxford-AstraZeneca,0.8,9,1/1/2021,0.25,5,10,1,6,0.02,TRUE,5,360,7.5,2,412,rq2_lmic_abmodel_omicron,same_doses
LMIC,1000000,Present,3,Oxford-AstraZeneca,0.8,9,1/1/2021,0.25,5,10,1,6,0.02,TRUE,5,360,7.5,4,413,rq2_lmic_abmodel_omicron,same_doses
LMIC,1000000,Present,3,Oxford-AstraZeneca,0.8,9,1/1/2021,0.25,5,10,1,6,0.02,TRUE,5,360,7.5,8,414,rq2_lmic_abmodel_omicron,same_doses
LMIC,1000000,Present,3,Oxford-AstraZeneca,0.8,9,1/1/2021,0.25,5,10,1,6,0.01,TRUE,5,180,7.5,2,415,rq2_lmic_abmodel_omicron,same_doses
LMIC,1000000,Present,3,Oxford-AstraZeneca,0.8,9,1/1/2021,0.25,5,10,1,6,0.01,TRUE,5,180,7.5,4,416,rq2_lmic_abmodel_omicron,same_doses
LMIC,1000000,Present,3,Oxford-AstraZeneca,0.8,9,1/1/2021,0.25,5,10,1,6,0.01,TRUE,5,180,7.5,8,417,rq2_lmic_abmodel_omicron,same_doses
LMIC,1000000,Present,3,Oxford-AstraZeneca,0.8,9,1/1/2021,0.25,5,10,1,6,0.01,TRUE,5,360,7.5,2,418,rq2_lmic_abmodel_omicron,same_doses
LMIC,1000000,Present,3,Oxford-AstraZeneca,0.8,9,1/1/2021,0.25,5,10,1,6,0.01,TRUE,5,360,7.5,4,419,rq2_lmic_abmodel_omicron,same_doses
LMIC,1000000,Present,3,Oxford-AstraZeneca,0.8,9,1/1/2021,0.25,5,10,1,6,0.01,TRUE,5,360,7.5,8,420,rq2_lmic_abmodel_omicron,same_doses
LMIC,1000000,Present,3,Oxford-AstraZeneca,0.8,9,1/1/2021,0.25,6,10,1,6,0.02,TRUE,5,180,7.5,2,421,rq2_lmic_abmodel_omicron,same_doses
LMIC,1000000,Present,3,Oxford-AstraZeneca,0.8,9,1/1/2021,0.25,6,10,1,6,0.02,TRUE,5,180,7.5,4,422,rq2_lmic_abmodel_omicron,same_doses
LMIC,1000000,Present,3,Oxford-AstraZeneca,0.8,9,1/1/2021,0.25,6,10,1,6,0.02,TRUE,5,180,7.5,8,423,rq2_lmic_abmodel_omicron,same_doses
LMIC,1000000,Present,3,Oxford-AstraZeneca,0.8,9,1/1/2021,0.25,6,10,1,6,0.02,TRUE,5,360,7.5,2,424,rq2_lmic_abmodel_omicron,same_doses
LMIC,1000000,Present,3,Oxford-AstraZeneca,0.8,9,1/1/2021,0.25,6,10,1,6,0.02,TRUE,5,360,7.5,4,425,rq2_lmic_abmodel_omicron,same_doses
LMIC,1000000,Present,3,Oxford-AstraZeneca,0.8,9,1/1/2021,0.25,6,10,1,6,0.02,TRUE,5,360,7.5,8,426,rq2_lmic_abmodel_omicron,same_doses
LMIC,1000000,Present,3,Oxford-AstraZeneca,0.8,9,1/1/2021,0.25,6,10,1,6,0.01,TRUE,5,180,7.5,2,427,rq2_lmic_abmodel_omicron,same_doses
LMIC,1000000,Present,3,Oxford-AstraZeneca,0.8,9,1/1/2021,0.25,6,10,1,6,0.01,TRUE,5,180,7.5,4,428,rq2_lmic_abmodel_omicron,same_doses
LMIC,1000000,Present,3,Oxford-AstraZeneca,0.8,9,1/1/2021,0.25,6,10,1,6,0.01,TRUE,5,180,7.5,8,429,rq2_lmic_abmodel_omicron,same_doses
LMIC,1000000,Present,3,Oxford-AstraZeneca,0.8,9,1/1/2021,0.25,6,10,1,6,0.01,TRUE,5,360,7.5,2,430,rq2_lmic_abmodel_omicron,same_doses
LMIC,1000000,Present,3,Oxford-AstraZeneca,0.8,9,1/1/2021,0.25,6,10,1,6,0.01,TRUE,5,360,7.5,4,431,rq2_lmic_abmodel_omicron,same_doses
LMIC,1000000,Present,3,Oxford-AstraZeneca,0.8,9,1/1/2021,0.25,6,10,1,6,0.01,TRUE,5,360,7.5,8,432,rq2_lmic_abmodel_omicron,same_doses
LMIC,1000000,Present,3,Oxford-AstraZeneca,0.8,9,1/1/2021,0.25,7,10,1,6,0.02,TRUE,5,180,7.5,2,433,rq2_lmic_abmodel_omicron,same_doses
LMIC,1000000,Present,3,Oxford-AstraZeneca,0.8,9,1/1/2021,0.25,7,10,1,6,0.02,TRUE,5,180,7.5,4,434,rq2_lmic_abmodel_omicron,same_doses
LMIC,1000000,Present,3,Oxford-AstraZeneca,0.8,9,1/1/2021,0.25,7,10,1,6,0.02,TRUE,5,180,7.5,8,435,rq2_lmic_abmodel_omicron,same_doses
LMIC,1000000,Present,3,Oxford-AstraZeneca,0.8,9,1/1/2021,0.25,7,10,1,6,0.02,TRUE,5,360,7.5,2,436,rq2_lmic_abmodel_omicron,same_doses
LMIC,1000000,Present,3,Oxford-AstraZeneca,0.8,9,1/1/2021,0.25,7,10,1,6,0.02,TRUE,5,360,7.5,4,437,rq2_lmic_abmodel_omicron,same_doses
LMIC,1000000,Present,3,Oxford-AstraZeneca,0.8,9,1/1/2021,0.25,7,10,1,6,0.02,TRUE,5,360,7.5,8,438,rq2_lmic_abmodel_omicron,same_doses
LMIC,1000000,Present,3,Oxford-AstraZeneca,0.8,9,1/1/2021,0.25,7,10,1,6,0.01,TRUE,5,180,7.5,2,439,rq2_lmic_abmodel_omicron,same_doses
LMIC,1000000,Present,3,Oxford-AstraZeneca,0.8,9,1/1/2021,0.25,7,10,1,6,0.01,TRUE,5,180,7.5,4,440,rq2_lmic_abmodel_omicron,same_doses
LMIC,1000000,Present,3,Oxford-AstraZeneca,0.8,9,1/1/2021,0.25,7,10,1,6,0.01,TRUE,5,180,7.5,8,441,rq2_lmic_abmodel_omicron,same_doses
LMIC,1000000,Present,3,Oxford-AstraZeneca,0.8,9,1/1/2021,0.25,7,10,1,6,0.01,TRUE,5,360,7.5,2,442,rq2_lmic_abmodel_omicron,same_doses
LMIC,1000000,Present,3,Oxford-AstraZeneca,0.8,9,1/1/2021,0.25,7,10,1,6,0.01,TRUE,5,360,7.5,4,443,rq2_lmic_abmodel_omicron,same_doses
LMIC,1000000,Present,3,Oxford-AstraZeneca,0.8,9,1/1/2021,0.25,7,10,1,6,0.01,TRUE,5,360,7.5,8,444,rq2_lmic_abmodel_omicron,same_doses
LMIC,1000000,Present,3,Oxford-AstraZeneca,0.8,9,1/1/2021,0.25,8,10,1,6,0.02,TRUE,5,180,7.5,2,445,rq2_lmic_abmodel_omicron,same_doses
LMIC,1000000,Present,3,Oxford-AstraZeneca,0.8,9,1/1/2021,0.25,8,10,1,6,0.02,TRUE,5,180,7.5,4,446,rq2_lmic_abmodel_omicron,same_doses
LMIC,1000000,Present,3,Oxford-AstraZeneca,0.8,9,1/1/2021,0.25,8,10,1,6,0.02,TRUE,5,180,7.5,8,447,rq2_lmic_abmodel_omicron,same_doses
LMIC,1000000,Present,3,Oxford-AstraZeneca,0.8,9,1/1/2021,0.25,8,10,1,6,0.02,TRUE,5,360,7.5,2,448,rq2_lmic_abmodel_omicron,same_doses
LMIC,1000000,Present,3,Oxford-AstraZeneca,0.8,9,1/1/2021,0.25,8,10,1,6,0.02,TRUE,5,360,7.5,4,449,rq2_lmic_abmodel_omicron,same_doses
LMIC,1000000,Present,3,Oxford-AstraZeneca,0.8,9,1/1/2021,0.25,8,10,1,6,0.02,TRUE,5,360,7.5,8,450,rq2_lmic_abmodel_omicron,same_doses
LMIC,1000000,Present,3,Oxford-AstraZeneca,0.8,9,1/1/2021,0.25,8,10,1,6,0.01,TRUE,5,180,7.5,2,451,rq2_lmic_abmodel_omicron,same_doses
LMIC,1000000,Present,3,Oxford-AstraZeneca,0.8,9,1/1/2021,0.25,8,10,1,6,0.01,TRUE,5,180,7.5,4,452,rq2_lmic_abmodel_omicron,same_doses
LMIC,1000000,Present,3,Oxford-AstraZeneca,0.8,9,1/1/2021,0.25,8,10,1,6,0.01,TRUE,5,180,7.5,8,453,rq2_lmic_abmodel_omicron,same_doses
LMIC,1000000,Present,3,Oxford-AstraZeneca,0.8,9,1/1/2021,0.25,8,10,1,6,0.01,TRUE,5,360,7.5,2,454,rq2_lmic_abmodel_omicron,same_doses
LMIC,1000000,Present,3,Oxford-AstraZeneca,0.8,9,1/1/2021,0.25,8,10,1,6,0.01,TRUE,5,360,7.5,4,455,rq2_lmic_abmodel_omicron,same_doses
LMIC,1000000,Present,3,Oxford-AstraZeneca,0.8,9,1/1/2021,0.25,8,10,1,6,0.01,TRUE,5,360,7.5,8,456,rq2_lmic_abmodel_omicron,same_doses
LMIC,1000000,Present,3,Oxford-AstraZeneca,0.8,9,1/1/2021,0.25,9,10,1,6,0.02,TRUE,5,180,7.5,2,457,rq2_lmic_abmodel_omicron,same_doses
LMIC,1000000,Present,3,Oxford-AstraZeneca,0.8,9,1/1/2021,0.25,9,10,1,6,0.02,TRUE,5,180,7.5,4,458,rq2_lmic_abmodel_omicron,same_doses
LMIC,1000000,Present,3,Oxford-AstraZeneca,0.8,9,1/1/2021,0.25,9,10,1,6,0.02,TRUE,5,180,7.5,8,459,rq2_lmic_abmodel_omicron,same_doses
LMIC,1000000,Present,3,Oxford-AstraZeneca,0.8,9,1/1/2021,0.25,9,10,1,6,0.02,TRUE,5,360,7.5,2,460,rq2_lmic_abmodel_omicron,same_doses
LMIC,1000000,Present,3,Oxford-AstraZeneca,0.8,9,1/1/2021,0.25,9,10,1,6,0.02,TRUE,5,360,7.5,4,461,rq2_lmic_abmodel_omicron,same_doses
LMIC,1000000,Present,3,Oxford-AstraZeneca,0.8,9,1/1/2021,0.25,9,10,1,6,0.02,TRUE,5,360,7.5,8,462,rq2_lmic_abmodel_omicron,same_doses
LMIC,1000000,Present,3,Oxford-AstraZeneca,0.8,9,1/1/2021,0.25,9,10,1,6,0.01,TRUE,5,180,7.5,2,463,rq2_lmic_abmodel_omicron,same_doses
LMIC,1000000,Present,3,Oxford-AstraZeneca,0.8,9,1/1/2021,0.25,9,10,1,6,0.01,TRUE,5,180,7.5,4,464,rq2_lmic_abmodel_omicron,same_doses
LMIC,1000000,Present,3,Oxford-AstraZeneca,0.8,9,1/1/2021,0.25,9,10,1,6,0.01,TRUE,5,180,7.5,8,465,rq2_lmic_abmodel_omicron,same_doses
LMIC,1000000,Present,3,Oxford-AstraZeneca,0.8,9,1/1/2021,0.25,9,10,1,6,0.01,TRUE,5,360,7.5,2,466,rq2_lmic_abmodel_omicron,same_doses
LMIC,1000000,Present,3,Oxford-AstraZeneca,0.8,9,1/1/2021,0.25,9,10,1,6,0.01,TRUE,5,360,7.5,4,467,rq2_lmic_abmodel_omicron,same_doses
LMIC,1000000,Present,3,Oxford-AstraZeneca,0.8,9,1/1/2021,0.25,9,10,1,6,0.01,TRUE,5,360,7.5,8,468,rq2_lmic_abmodel_omicron,same_doses
LMIC,1000000,Present,3,Oxford-AstraZeneca,0.8,9,1/1/2021,0.25,10,10,1,6,0.02,TRUE,5,180,7.5,2,469,rq2_lmic_abmodel_omicron,same_doses
LMIC,1000000,Present,3,Oxford-AstraZeneca,0.8,9,1/1/2021,0.25,10,10,1,6,0.02,TRUE,5,180,7.5,4,470,rq2_lmic_abmodel_omicron,same_doses
LMIC,1000000,Present,3,Oxford-AstraZeneca,0.8,9,1/1/2021,0.25,10,10,1,6,0.02,TRUE,5,180,7.5,8,471,rq2_lmic_abmodel_omicron,same_doses
LMIC,1000000,Present,3,Oxford-AstraZeneca,0.8,9,1/1/2021,0.25,10,10,1,6,0.02,TRUE,5,360,7.5,2,472,rq2_lmic_abmodel_omicron,same_doses
LMIC,1000000,Present,3,Oxford-AstraZeneca,0.8,9,1/1/2021,0.25,10,10,1,6,0.02,TRUE,5,360,7.5,4,473,rq2_lmic_abmodel_omicron,same_doses
LMIC,1000000,Present,3,Oxford-AstraZeneca,0.8,9,1/1/2021,0.25,10,10,1,6,0.02,TRUE,5,360,7.5,8,474,rq2_lmic_abmodel_omicron,same_doses
LMIC,1000000,Present,3,Oxford-AstraZeneca,0.8,9,1/1/2021,0.25,10,10,1,6,0.01,TRUE,5,180,7.5,2,475,rq2_lmic_abmodel_omicron,same_doses
LMIC,1000000,Present,3,Oxford-AstraZeneca,0.8,9,1/1/2021,0.25,10,10,1,6,0.01,TRUE,5,180,7.5,4,476,rq2_lmic_abmodel_omicron,same_doses
LMIC,1000000,Present,3,Oxford-AstraZeneca,0.8,9,1/1/2021,0.25,10,10,1,6,0.01,TRUE,5,180,7.5,8,477,rq2_lmic_abmodel_omicron,same_doses
LMIC,1000000,Present,3,Oxford-AstraZeneca,0.8,9,1/1/2021,0.25,10,10,1,6,0.01,TRUE,5,360,7.5,2,478,rq2_lmic_abmodel_omicron,same_doses
LMIC,1000000,Present,3,Oxford-AstraZeneca,0.8,9,1/1/2021,0.25,10,10,1,6,0.01,TRUE,5,360,7.5,4,479,rq2_lmic_abmodel_omicron,same_doses
LMIC,1000000,Present,3,Oxford-AstraZeneca,0.8,9,1/1/2021,0.25,10,10,1,6,0.01,TRUE,5,360,7.5,8,480,rq2_lmic_abmodel_omicron,same_doses
