income_group,target_pop,hs_constraints,vaccine_doses,vaccine,max_coverage,age_groups_covered,age_groups_covered_d3,vacc_start,dt,repetition,seeding_cases,variant_fold_reduction,dose_3_fold_increase,vacc_per_week,ab_model_infection,period_s,scenario,name,strategy
LMIC,1000000,Present,2,Oxford-AstraZeneca,0.8,9,9,1/1/2021,0.5,1,10,1,6,0.015,FALSE,250,1,scenario5_waning,realistic
LMIC,1000000,Present,2,Oxford-AstraZeneca,0.8,9,9,1/1/2021,0.5,1,10,1,6,0.015,FALSE,150,2,scenario5_waning,realistic
LMIC,1000000,Present,2,Oxford-AstraZeneca,0.8,9,9,1/1/2021,0.5,2,10,1,6,0.015,FALSE,250,3,scenario5_waning,realistic
LMIC,1000000,Present,2,Oxford-AstraZeneca,0.8,9,9,1/1/2021,0.5,2,10,1,6,0.015,FALSE,150,4,scenario5_waning,realistic
LMIC,1000000,Present,2,Oxford-AstraZeneca,0.8,9,9,1/1/2021,0.5,3,10,1,6,0.015,FALSE,250,5,scenario5_waning,realistic
LMIC,1000000,Present,2,Oxford-AstraZeneca,0.8,9,9,1/1/2021,0.5,3,10,1,6,0.015,FALSE,150,6,scenario5_waning,realistic
LMIC,1000000,Present,2,Oxford-AstraZeneca,0.8,9,9,1/1/2021,0.5,4,10,1,6,0.015,FALSE,250,7,scenario5_waning,realistic
LMIC,1000000,Present,2,Oxford-AstraZeneca,0.8,9,9,1/1/2021,0.5,4,10,1,6,0.015,FALSE,150,8,scenario5_waning,realistic
LMIC,1000000,Present,2,Oxford-AstraZeneca,0.8,9,9,1/1/2021,0.5,5,10,1,6,0.015,FALSE,250,9,scenario5_waning,realistic
LMIC,1000000,Present,2,Oxford-AstraZeneca,0.8,9,9,1/1/2021,0.5,5,10,1,6,0.015,FALSE,150,10,scenario5_waning,realistic
LMIC,1000000,Present,2,Oxford-AstraZeneca,0.8,9,9,1/1/2021,0.5,6,10,1,6,0.015,FALSE,250,11,scenario5_waning,realistic
LMIC,1000000,Present,2,Oxford-AstraZeneca,0.8,9,9,1/1/2021,0.5,6,10,1,6,0.015,FALSE,150,12,scenario5_waning,realistic
LMIC,1000000,Present,2,Oxford-AstraZeneca,0.8,9,9,1/1/2021,0.5,7,10,1,6,0.015,FALSE,250,13,scenario5_waning,realistic
LMIC,1000000,Present,2,Oxford-AstraZeneca,0.8,9,9,1/1/2021,0.5,7,10,1,6,0.015,FALSE,150,14,scenario5_waning,realistic
LMIC,1000000,Present,2,Oxford-AstraZeneca,0.8,9,9,1/1/2021,0.5,8,10,1,6,0.015,FALSE,250,15,scenario5_waning,realistic
LMIC,1000000,Present,2,Oxford-AstraZeneca,0.8,9,9,1/1/2021,0.5,8,10,1,6,0.015,FALSE,150,16,scenario5_waning,realistic
LMIC,1000000,Present,2,Oxford-AstraZeneca,0.8,9,9,1/1/2021,0.5,9,10,1,6,0.015,FALSE,250,17,scenario5_waning,realistic
LMIC,1000000,Present,2,Oxford-AstraZeneca,0.8,9,9,1/1/2021,0.5,9,10,1,6,0.015,FALSE,150,18,scenario5_waning,realistic
LMIC,1000000,Present,2,Oxford-AstraZeneca,0.8,9,9,1/1/2021,0.5,10,10,1,6,0.015,FALSE,250,19,scenario5_waning,realistic
LMIC,1000000,Present,2,Oxford-AstraZeneca,0.8,9,9,1/1/2021,0.5,10,10,1,6,0.015,FALSE,150,20,scenario5_waning,realistic
LMIC,1000000,Present,2,Oxford-AstraZeneca,0.8,9,9,1/1/2021,0.5,11,10,1,6,0.015,FALSE,250,21,scenario5_waning,realistic
LMIC,1000000,Present,2,Oxford-AstraZeneca,0.8,9,9,1/1/2021,0.5,11,10,1,6,0.015,FALSE,150,22,scenario5_waning,realistic
LMIC,1000000,Present,2,Oxford-AstraZeneca,0.8,9,9,1/1/2021,0.5,12,10,1,6,0.015,FALSE,250,23,scenario5_waning,realistic
LMIC,1000000,Present,2,Oxford-AstraZeneca,0.8,9,9,1/1/2021,0.5,12,10,1,6,0.015,FALSE,150,24,scenario5_waning,realistic
LMIC,1000000,Present,2,Oxford-AstraZeneca,0.8,9,9,1/1/2021,0.5,13,10,1,6,0.015,FALSE,250,25,scenario5_waning,realistic
LMIC,1000000,Present,2,Oxford-AstraZeneca,0.8,9,9,1/1/2021,0.5,13,10,1,6,0.015,FALSE,150,26,scenario5_waning,realistic
LMIC,1000000,Present,2,Oxford-AstraZeneca,0.8,9,9,1/1/2021,0.5,14,10,1,6,0.015,FALSE,250,27,scenario5_waning,realistic
LMIC,1000000,Present,2,Oxford-AstraZeneca,0.8,9,9,1/1/2021,0.5,14,10,1,6,0.015,FALSE,150,28,scenario5_waning,realistic
LMIC,1000000,Present,2,Oxford-AstraZeneca,0.8,9,9,1/1/2021,0.5,15,10,1,6,0.015,FALSE,250,29,scenario5_waning,realistic
LMIC,1000000,Present,2,Oxford-AstraZeneca,0.8,9,9,1/1/2021,0.5,15,10,1,6,0.015,FALSE,150,30,scenario5_waning,realistic
LMIC,1000000,Present,2,Oxford-AstraZeneca,0.8,9,9,1/1/2021,0.5,16,10,1,6,0.015,FALSE,250,31,scenario5_waning,realistic
LMIC,1000000,Present,2,Oxford-AstraZeneca,0.8,9,9,1/1/2021,0.5,16,10,1,6,0.015,FALSE,150,32,scenario5_waning,realistic
LMIC,1000000,Present,2,Oxford-AstraZeneca,0.8,9,9,1/1/2021,0.5,17,10,1,6,0.015,FALSE,250,33,scenario5_waning,realistic
LMIC,1000000,Present,2,Oxford-AstraZeneca,0.8,9,9,1/1/2021,0.5,17,10,1,6,0.015,FALSE,150,34,scenario5_waning,realistic
LMIC,1000000,Present,2,Oxford-AstraZeneca,0.8,9,9,1/1/2021,0.5,18,10,1,6,0.015,FALSE,250,35,scenario5_waning,realistic
LMIC,1000000,Present,2,Oxford-AstraZeneca,0.8,9,9,1/1/2021,0.5,18,10,1,6,0.015,FALSE,150,36,scenario5_waning,realistic
LMIC,1000000,Present,2,Oxford-AstraZeneca,0.8,9,9,1/1/2021,0.5,19,10,1,6,0.015,FALSE,250,37,scenario5_waning,realistic
LMIC,1000000,Present,2,Oxford-AstraZeneca,0.8,9,9,1/1/2021,0.5,19,10,1,6,0.015,FALSE,150,38,scenario5_waning,realistic
LMIC,1000000,Present,2,Oxford-AstraZeneca,0.8,9,9,1/1/2021,0.5,20,10,1,6,0.015,FALSE,250,39,scenario5_waning,realistic
LMIC,1000000,Present,2,Oxford-AstraZeneca,0.8,9,9,1/1/2021,0.5,20,10,1,6,0.015,FALSE,150,40,scenario5_waning,realistic
LMIC,1000000,Present,2,Oxford-AstraZeneca,0.8,9,5,1/1/2021,0.5,1,10,1,6,0.015,FALSE,250,41,scenario5_waning,realistic
LMIC,1000000,Present,2,Oxford-AstraZeneca,0.8,9,5,1/1/2021,0.5,1,10,1,6,0.015,FALSE,150,42,scenario5_waning,realistic
LMIC,1000000,Present,2,Oxford-AstraZeneca,0.8,9,5,1/1/2021,0.5,2,10,1,6,0.015,FALSE,250,43,scenario5_waning,realistic
LMIC,1000000,Present,2,Oxford-AstraZeneca,0.8,9,5,1/1/2021,0.5,2,10,1,6,0.015,FALSE,150,44,scenario5_waning,realistic
LMIC,1000000,Present,2,Oxford-AstraZeneca,0.8,9,5,1/1/2021,0.5,3,10,1,6,0.015,FALSE,250,45,scenario5_waning,realistic
LMIC,1000000,Present,2,Oxford-AstraZeneca,0.8,9,5,1/1/2021,0.5,3,10,1,6,0.015,FALSE,150,46,scenario5_waning,realistic
LMIC,1000000,Present,2,Oxford-AstraZeneca,0.8,9,5,1/1/2021,0.5,4,10,1,6,0.015,FALSE,250,47,scenario5_waning,realistic
LMIC,1000000,Present,2,Oxford-AstraZeneca,0.8,9,5,1/1/2021,0.5,4,10,1,6,0.015,FALSE,150,48,scenario5_waning,realistic
LMIC,1000000,Present,2,Oxford-AstraZeneca,0.8,9,5,1/1/2021,0.5,5,10,1,6,0.015,FALSE,250,49,scenario5_waning,realistic
LMIC,1000000,Present,2,Oxford-AstraZeneca,0.8,9,5,1/1/2021,0.5,5,10,1,6,0.015,FALSE,150,50,scenario5_waning,realistic
LMIC,1000000,Present,2,Oxford-AstraZeneca,0.8,9,5,1/1/2021,0.5,6,10,1,6,0.015,FALSE,250,51,scenario5_waning,realistic
LMIC,1000000,Present,2,Oxford-AstraZeneca,0.8,9,5,1/1/2021,0.5,6,10,1,6,0.015,FALSE,150,52,scenario5_waning,realistic
LMIC,1000000,Present,2,Oxford-AstraZeneca,0.8,9,5,1/1/2021,0.5,7,10,1,6,0.015,FALSE,250,53,scenario5_waning,realistic
LMIC,1000000,Present,2,Oxford-AstraZeneca,0.8,9,5,1/1/2021,0.5,7,10,1,6,0.015,FALSE,150,54,scenario5_waning,realistic
LMIC,1000000,Present,2,Oxford-AstraZeneca,0.8,9,5,1/1/2021,0.5,8,10,1,6,0.015,FALSE,250,55,scenario5_waning,realistic
LMIC,1000000,Present,2,Oxford-AstraZeneca,0.8,9,5,1/1/2021,0.5,8,10,1,6,0.015,FALSE,150,56,scenario5_waning,realistic
LMIC,1000000,Present,2,Oxford-AstraZeneca,0.8,9,5,1/1/2021,0.5,9,10,1,6,0.015,FALSE,250,57,scenario5_waning,realistic
LMIC,1000000,Present,2,Oxford-AstraZeneca,0.8,9,5,1/1/2021,0.5,9,10,1,6,0.015,FALSE,150,58,scenario5_waning,realistic
LMIC,1000000,Present,2,Oxford-AstraZeneca,0.8,9,5,1/1/2021,0.5,10,10,1,6,0.015,FALSE,250,59,scenario5_waning,realistic
LMIC,1000000,Present,2,Oxford-AstraZeneca,0.8,9,5,1/1/2021,0.5,10,10,1,6,0.015,FALSE,150,60,scenario5_waning,realistic
LMIC,1000000,Present,2,Oxford-AstraZeneca,0.8,9,5,1/1/2021,0.5,11,10,1,6,0.015,FALSE,250,61,scenario5_waning,realistic
LMIC,1000000,Present,2,Oxford-AstraZeneca,0.8,9,5,1/1/2021,0.5,11,10,1,6,0.015,FALSE,150,62,scenario5_waning,realistic
LMIC,1000000,Present,2,Oxford-AstraZeneca,0.8,9,5,1/1/2021,0.5,12,10,1,6,0.015,FALSE,250,63,scenario5_waning,realistic
LMIC,1000000,Present,2,Oxford-AstraZeneca,0.8,9,5,1/1/2021,0.5,12,10,1,6,0.015,FALSE,150,64,scenario5_waning,realistic
LMIC,1000000,Present,2,Oxford-AstraZeneca,0.8,9,5,1/1/2021,0.5,13,10,1,6,0.015,FALSE,250,65,scenario5_waning,realistic
LMIC,1000000,Present,2,Oxford-AstraZeneca,0.8,9,5,1/1/2021,0.5,13,10,1,6,0.015,FALSE,150,66,scenario5_waning,realistic
LMIC,1000000,Present,2,Oxford-AstraZeneca,0.8,9,5,1/1/2021,0.5,14,10,1,6,0.015,FALSE,250,67,scenario5_waning,realistic
LMIC,1000000,Present,2,Oxford-AstraZeneca,0.8,9,5,1/1/2021,0.5,14,10,1,6,0.015,FALSE,150,68,scenario5_waning,realistic
LMIC,1000000,Present,2,Oxford-AstraZeneca,0.8,9,5,1/1/2021,0.5,15,10,1,6,0.015,FALSE,250,69,scenario5_waning,realistic
LMIC,1000000,Present,2,Oxford-AstraZeneca,0.8,9,5,1/1/2021,0.5,15,10,1,6,0.015,FALSE,150,70,scenario5_waning,realistic
LMIC,1000000,Present,2,Oxford-AstraZeneca,0.8,9,5,1/1/2021,0.5,16,10,1,6,0.015,FALSE,250,71,scenario5_waning,realistic
LMIC,1000000,Present,2,Oxford-AstraZeneca,0.8,9,5,1/1/2021,0.5,16,10,1,6,0.015,FALSE,150,72,scenario5_waning,realistic
LMIC,1000000,Present,2,Oxford-AstraZeneca,0.8,9,5,1/1/2021,0.5,17,10,1,6,0.015,FALSE,250,73,scenario5_waning,realistic
LMIC,1000000,Present,2,Oxford-AstraZeneca,0.8,9,5,1/1/2021,0.5,17,10,1,6,0.015,FALSE,150,74,scenario5_waning,realistic
LMIC,1000000,Present,2,Oxford-AstraZeneca,0.8,9,5,1/1/2021,0.5,18,10,1,6,0.015,FALSE,250,75,scenario5_waning,realistic
LMIC,1000000,Present,2,Oxford-AstraZeneca,0.8,9,5,1/1/2021,0.5,18,10,1,6,0.015,FALSE,150,76,scenario5_waning,realistic
LMIC,1000000,Present,2,Oxford-AstraZeneca,0.8,9,5,1/1/2021,0.5,19,10,1,6,0.015,FALSE,250,77,scenario5_waning,realistic
LMIC,1000000,Present,2,Oxford-AstraZeneca,0.8,9,5,1/1/2021,0.5,19,10,1,6,0.015,FALSE,150,78,scenario5_waning,realistic
LMIC,1000000,Present,2,Oxford-AstraZeneca,0.8,9,5,1/1/2021,0.5,20,10,1,6,0.015,FALSE,250,79,scenario5_waning,realistic
LMIC,1000000,Present,2,Oxford-AstraZeneca,0.8,9,5,1/1/2021,0.5,20,10,1,6,0.015,FALSE,150,80,scenario5_waning,realistic
LMIC,1000000,Present,3,Oxford-AstraZeneca,0.8,9,9,1/1/2021,0.5,1,10,1,6,0.015,FALSE,250,81,scenario5_waning,realistic
LMIC,1000000,Present,3,Oxford-AstraZeneca,0.8,9,9,1/1/2021,0.5,1,10,1,6,0.015,FALSE,150,82,scenario5_waning,realistic
LMIC,1000000,Present,3,Oxford-AstraZeneca,0.8,9,9,1/1/2021,0.5,2,10,1,6,0.015,FALSE,250,83,scenario5_waning,realistic
LMIC,1000000,Present,3,Oxford-AstraZeneca,0.8,9,9,1/1/2021,0.5,2,10,1,6,0.015,FALSE,150,84,scenario5_waning,realistic
LMIC,1000000,Present,3,Oxford-AstraZeneca,0.8,9,9,1/1/2021,0.5,3,10,1,6,0.015,FALSE,250,85,scenario5_waning,realistic
LMIC,1000000,Present,3,Oxford-AstraZeneca,0.8,9,9,1/1/2021,0.5,3,10,1,6,0.015,FALSE,150,86,scenario5_waning,realistic
LMIC,1000000,Present,3,Oxford-AstraZeneca,0.8,9,9,1/1/2021,0.5,4,10,1,6,0.015,FALSE,250,87,scenario5_waning,realistic
LMIC,1000000,Present,3,Oxford-AstraZeneca,0.8,9,9,1/1/2021,0.5,4,10,1,6,0.015,FALSE,150,88,scenario5_waning,realistic
LMIC,1000000,Present,3,Oxford-AstraZeneca,0.8,9,9,1/1/2021,0.5,5,10,1,6,0.015,FALSE,250,89,scenario5_waning,realistic
LMIC,1000000,Present,3,Oxford-AstraZeneca,0.8,9,9,1/1/2021,0.5,5,10,1,6,0.015,FALSE,150,90,scenario5_waning,realistic
LMIC,1000000,Present,3,Oxford-AstraZeneca,0.8,9,9,1/1/2021,0.5,6,10,1,6,0.015,FALSE,250,91,scenario5_waning,realistic
LMIC,1000000,Present,3,Oxford-AstraZeneca,0.8,9,9,1/1/2021,0.5,6,10,1,6,0.015,FALSE,150,92,scenario5_waning,realistic
LMIC,1000000,Present,3,Oxford-AstraZeneca,0.8,9,9,1/1/2021,0.5,7,10,1,6,0.015,FALSE,250,93,scenario5_waning,realistic
LMIC,1000000,Present,3,Oxford-AstraZeneca,0.8,9,9,1/1/2021,0.5,7,10,1,6,0.015,FALSE,150,94,scenario5_waning,realistic
LMIC,1000000,Present,3,Oxford-AstraZeneca,0.8,9,9,1/1/2021,0.5,8,10,1,6,0.015,FALSE,250,95,scenario5_waning,realistic
LMIC,1000000,Present,3,Oxford-AstraZeneca,0.8,9,9,1/1/2021,0.5,8,10,1,6,0.015,FALSE,150,96,scenario5_waning,realistic
LMIC,1000000,Present,3,Oxford-AstraZeneca,0.8,9,9,1/1/2021,0.5,9,10,1,6,0.015,FALSE,250,97,scenario5_waning,realistic
LMIC,1000000,Present,3,Oxford-AstraZeneca,0.8,9,9,1/1/2021,0.5,9,10,1,6,0.015,FALSE,150,98,scenario5_waning,realistic
LMIC,1000000,Present,3,Oxford-AstraZeneca,0.8,9,9,1/1/2021,0.5,10,10,1,6,0.015,FALSE,250,99,scenario5_waning,realistic
LMIC,1000000,Present,3,Oxford-AstraZeneca,0.8,9,9,1/1/2021,0.5,10,10,1,6,0.015,FALSE,150,100,scenario5_waning,realistic
LMIC,1000000,Present,3,Oxford-AstraZeneca,0.8,9,9,1/1/2021,0.5,11,10,1,6,0.015,FALSE,250,101,scenario5_waning,realistic
LMIC,1000000,Present,3,Oxford-AstraZeneca,0.8,9,9,1/1/2021,0.5,11,10,1,6,0.015,FALSE,150,102,scenario5_waning,realistic
LMIC,1000000,Present,3,Oxford-AstraZeneca,0.8,9,9,1/1/2021,0.5,12,10,1,6,0.015,FALSE,250,103,scenario5_waning,realistic
LMIC,1000000,Present,3,Oxford-AstraZeneca,0.8,9,9,1/1/2021,0.5,12,10,1,6,0.015,FALSE,150,104,scenario5_waning,realistic
LMIC,1000000,Present,3,Oxford-AstraZeneca,0.8,9,9,1/1/2021,0.5,13,10,1,6,0.015,FALSE,250,105,scenario5_waning,realistic
LMIC,1000000,Present,3,Oxford-AstraZeneca,0.8,9,9,1/1/2021,0.5,13,10,1,6,0.015,FALSE,150,106,scenario5_waning,realistic
LMIC,1000000,Present,3,Oxford-AstraZeneca,0.8,9,9,1/1/2021,0.5,14,10,1,6,0.015,FALSE,250,107,scenario5_waning,realistic
LMIC,1000000,Present,3,Oxford-AstraZeneca,0.8,9,9,1/1/2021,0.5,14,10,1,6,0.015,FALSE,150,108,scenario5_waning,realistic
LMIC,1000000,Present,3,Oxford-AstraZeneca,0.8,9,9,1/1/2021,0.5,15,10,1,6,0.015,FALSE,250,109,scenario5_waning,realistic
LMIC,1000000,Present,3,Oxford-AstraZeneca,0.8,9,9,1/1/2021,0.5,15,10,1,6,0.015,FALSE,150,110,scenario5_waning,realistic
LMIC,1000000,Present,3,Oxford-AstraZeneca,0.8,9,9,1/1/2021,0.5,16,10,1,6,0.015,FALSE,250,111,scenario5_waning,realistic
LMIC,1000000,Present,3,Oxford-AstraZeneca,0.8,9,9,1/1/2021,0.5,16,10,1,6,0.015,FALSE,150,112,scenario5_waning,realistic
LMIC,1000000,Present,3,Oxford-AstraZeneca,0.8,9,9,1/1/2021,0.5,17,10,1,6,0.015,FALSE,250,113,scenario5_waning,realistic
LMIC,1000000,Present,3,Oxford-AstraZeneca,0.8,9,9,1/1/2021,0.5,17,10,1,6,0.015,FALSE,150,114,scenario5_waning,realistic
LMIC,1000000,Present,3,Oxford-AstraZeneca,0.8,9,9,1/1/2021,0.5,18,10,1,6,0.015,FALSE,250,115,scenario5_waning,realistic
LMIC,1000000,Present,3,Oxford-AstraZeneca,0.8,9,9,1/1/2021,0.5,18,10,1,6,0.015,FALSE,150,116,scenario5_waning,realistic
LMIC,1000000,Present,3,Oxford-AstraZeneca,0.8,9,9,1/1/2021,0.5,19,10,1,6,0.015,FALSE,250,117,scenario5_waning,realistic
LMIC,1000000,Present,3,Oxford-AstraZeneca,0.8,9,9,1/1/2021,0.5,19,10,1,6,0.015,FALSE,150,118,scenario5_waning,realistic
LMIC,1000000,Present,3,Oxford-AstraZeneca,0.8,9,9,1/1/2021,0.5,20,10,1,6,0.015,FALSE,250,119,scenario5_waning,realistic
LMIC,1000000,Present,3,Oxford-AstraZeneca,0.8,9,9,1/1/2021,0.5,20,10,1,6,0.015,FALSE,150,120,scenario5_waning,realistic
LMIC,1000000,Present,3,Oxford-AstraZeneca,0.8,9,5,1/1/2021,0.5,1,10,1,6,0.015,FALSE,250,121,scenario5_waning,realistic
LMIC,1000000,Present,3,Oxford-AstraZeneca,0.8,9,5,1/1/2021,0.5,1,10,1,6,0.015,FALSE,150,122,scenario5_waning,realistic
LMIC,1000000,Present,3,Oxford-AstraZeneca,0.8,9,5,1/1/2021,0.5,2,10,1,6,0.015,FALSE,250,123,scenario5_waning,realistic
LMIC,1000000,Present,3,Oxford-AstraZeneca,0.8,9,5,1/1/2021,0.5,2,10,1,6,0.015,FALSE,150,124,scenario5_waning,realistic
LMIC,1000000,Present,3,Oxford-AstraZeneca,0.8,9,5,1/1/2021,0.5,3,10,1,6,0.015,FALSE,250,125,scenario5_waning,realistic
LMIC,1000000,Present,3,Oxford-AstraZeneca,0.8,9,5,1/1/2021,0.5,3,10,1,6,0.015,FALSE,150,126,scenario5_waning,realistic
LMIC,1000000,Present,3,Oxford-AstraZeneca,0.8,9,5,1/1/2021,0.5,4,10,1,6,0.015,FALSE,250,127,scenario5_waning,realistic
LMIC,1000000,Present,3,Oxford-AstraZeneca,0.8,9,5,1/1/2021,0.5,4,10,1,6,0.015,FALSE,150,128,scenario5_waning,realistic
LMIC,1000000,Present,3,Oxford-AstraZeneca,0.8,9,5,1/1/2021,0.5,5,10,1,6,0.015,FALSE,250,129,scenario5_waning,realistic
LMIC,1000000,Present,3,Oxford-AstraZeneca,0.8,9,5,1/1/2021,0.5,5,10,1,6,0.015,FALSE,150,130,scenario5_waning,realistic
LMIC,1000000,Present,3,Oxford-AstraZeneca,0.8,9,5,1/1/2021,0.5,6,10,1,6,0.015,FALSE,250,131,scenario5_waning,realistic
LMIC,1000000,Present,3,Oxford-AstraZeneca,0.8,9,5,1/1/2021,0.5,6,10,1,6,0.015,FALSE,150,132,scenario5_waning,realistic
LMIC,1000000,Present,3,Oxford-AstraZeneca,0.8,9,5,1/1/2021,0.5,7,10,1,6,0.015,FALSE,250,133,scenario5_waning,realistic
LMIC,1000000,Present,3,Oxford-AstraZeneca,0.8,9,5,1/1/2021,0.5,7,10,1,6,0.015,FALSE,150,134,scenario5_waning,realistic
LMIC,1000000,Present,3,Oxford-AstraZeneca,0.8,9,5,1/1/2021,0.5,8,10,1,6,0.015,FALSE,250,135,scenario5_waning,realistic
LMIC,1000000,Present,3,Oxford-AstraZeneca,0.8,9,5,1/1/2021,0.5,8,10,1,6,0.015,FALSE,150,136,scenario5_waning,realistic
LMIC,1000000,Present,3,Oxford-AstraZeneca,0.8,9,5,1/1/2021,0.5,9,10,1,6,0.015,FALSE,250,137,scenario5_waning,realistic
LMIC,1000000,Present,3,Oxford-AstraZeneca,0.8,9,5,1/1/2021,0.5,9,10,1,6,0.015,FALSE,150,138,scenario5_waning,realistic
LMIC,1000000,Present,3,Oxford-AstraZeneca,0.8,9,5,1/1/2021,0.5,10,10,1,6,0.015,FALSE,250,139,scenario5_waning,realistic
LMIC,1000000,Present,3,Oxford-AstraZeneca,0.8,9,5,1/1/2021,0.5,10,10,1,6,0.015,FALSE,150,140,scenario5_waning,realistic
LMIC,1000000,Present,3,Oxford-AstraZeneca,0.8,9,5,1/1/2021,0.5,11,10,1,6,0.015,FALSE,250,141,scenario5_waning,realistic
LMIC,1000000,Present,3,Oxford-AstraZeneca,0.8,9,5,1/1/2021,0.5,11,10,1,6,0.015,FALSE,150,142,scenario5_waning,realistic
LMIC,1000000,Present,3,Oxford-AstraZeneca,0.8,9,5,1/1/2021,0.5,12,10,1,6,0.015,FALSE,250,143,scenario5_waning,realistic
LMIC,1000000,Present,3,Oxford-AstraZeneca,0.8,9,5,1/1/2021,0.5,12,10,1,6,0.015,FALSE,150,144,scenario5_waning,realistic
LMIC,1000000,Present,3,Oxford-AstraZeneca,0.8,9,5,1/1/2021,0.5,13,10,1,6,0.015,FALSE,250,145,scenario5_waning,realistic
LMIC,1000000,Present,3,Oxford-AstraZeneca,0.8,9,5,1/1/2021,0.5,13,10,1,6,0.015,FALSE,150,146,scenario5_waning,realistic
LMIC,1000000,Present,3,Oxford-AstraZeneca,0.8,9,5,1/1/2021,0.5,14,10,1,6,0.015,FALSE,250,147,scenario5_waning,realistic
LMIC,1000000,Present,3,Oxford-AstraZeneca,0.8,9,5,1/1/2021,0.5,14,10,1,6,0.015,FALSE,150,148,scenario5_waning,realistic
LMIC,1000000,Present,3,Oxford-AstraZeneca,0.8,9,5,1/1/2021,0.5,15,10,1,6,0.015,FALSE,250,149,scenario5_waning,realistic
LMIC,1000000,Present,3,Oxford-AstraZeneca,0.8,9,5,1/1/2021,0.5,15,10,1,6,0.015,FALSE,150,150,scenario5_waning,realistic
LMIC,1000000,Present,3,Oxford-AstraZeneca,0.8,9,5,1/1/2021,0.5,16,10,1,6,0.015,FALSE,250,151,scenario5_waning,realistic
LMIC,1000000,Present,3,Oxford-AstraZeneca,0.8,9,5,1/1/2021,0.5,16,10,1,6,0.015,FALSE,150,152,scenario5_waning,realistic
LMIC,1000000,Present,3,Oxford-AstraZeneca,0.8,9,5,1/1/2021,0.5,17,10,1,6,0.015,FALSE,250,153,scenario5_waning,realistic
LMIC,1000000,Present,3,Oxford-AstraZeneca,0.8,9,5,1/1/2021,0.5,17,10,1,6,0.015,FALSE,150,154,scenario5_waning,realistic
LMIC,1000000,Present,3,Oxford-AstraZeneca,0.8,9,5,1/1/2021,0.5,18,10,1,6,0.015,FALSE,250,155,scenario5_waning,realistic
LMIC,1000000,Present,3,Oxford-AstraZeneca,0.8,9,5,1/1/2021,0.5,18,10,1,6,0.015,FALSE,150,156,scenario5_waning,realistic
LMIC,1000000,Present,3,Oxford-AstraZeneca,0.8,9,5,1/1/2021,0.5,19,10,1,6,0.015,FALSE,250,157,scenario5_waning,realistic
LMIC,1000000,Present,3,Oxford-AstraZeneca,0.8,9,5,1/1/2021,0.5,19,10,1,6,0.015,FALSE,150,158,scenario5_waning,realistic
LMIC,1000000,Present,3,Oxford-AstraZeneca,0.8,9,5,1/1/2021,0.5,20,10,1,6,0.015,FALSE,250,159,scenario5_waning,realistic
LMIC,1000000,Present,3,Oxford-AstraZeneca,0.8,9,5,1/1/2021,0.5,20,10,1,6,0.015,FALSE,150,160,scenario5_waning,realistic
LIC,1000000,Present,2,Oxford-AstraZeneca,0.8,9,9,1/1/2021,0.5,1,10,1,6,0.015,FALSE,250,161,scenario5_waning,realistic
LIC,1000000,Present,2,Oxford-AstraZeneca,0.8,9,9,1/1/2021,0.5,1,10,1,6,0.015,FALSE,150,162,scenario5_waning,realistic
LIC,1000000,Present,2,Oxford-AstraZeneca,0.8,9,9,1/1/2021,0.5,2,10,1,6,0.015,FALSE,250,163,scenario5_waning,realistic
LIC,1000000,Present,2,Oxford-AstraZeneca,0.8,9,9,1/1/2021,0.5,2,10,1,6,0.015,FALSE,150,164,scenario5_waning,realistic
LIC,1000000,Present,2,Oxford-AstraZeneca,0.8,9,9,1/1/2021,0.5,3,10,1,6,0.015,FALSE,250,165,scenario5_waning,realistic
LIC,1000000,Present,2,Oxford-AstraZeneca,0.8,9,9,1/1/2021,0.5,3,10,1,6,0.015,FALSE,150,166,scenario5_waning,realistic
LIC,1000000,Present,2,Oxford-AstraZeneca,0.8,9,9,1/1/2021,0.5,4,10,1,6,0.015,FALSE,250,167,scenario5_waning,realistic
LIC,1000000,Present,2,Oxford-AstraZeneca,0.8,9,9,1/1/2021,0.5,4,10,1,6,0.015,FALSE,150,168,scenario5_waning,realistic
LIC,1000000,Present,2,Oxford-AstraZeneca,0.8,9,9,1/1/2021,0.5,5,10,1,6,0.015,FALSE,250,169,scenario5_waning,realistic
LIC,1000000,Present,2,Oxford-AstraZeneca,0.8,9,9,1/1/2021,0.5,5,10,1,6,0.015,FALSE,150,170,scenario5_waning,realistic
LIC,1000000,Present,2,Oxford-AstraZeneca,0.8,9,9,1/1/2021,0.5,6,10,1,6,0.015,FALSE,250,171,scenario5_waning,realistic
LIC,1000000,Present,2,Oxford-AstraZeneca,0.8,9,9,1/1/2021,0.5,6,10,1,6,0.015,FALSE,150,172,scenario5_waning,realistic
LIC,1000000,Present,2,Oxford-AstraZeneca,0.8,9,9,1/1/2021,0.5,7,10,1,6,0.015,FALSE,250,173,scenario5_waning,realistic
LIC,1000000,Present,2,Oxford-AstraZeneca,0.8,9,9,1/1/2021,0.5,7,10,1,6,0.015,FALSE,150,174,scenario5_waning,realistic
LIC,1000000,Present,2,Oxford-AstraZeneca,0.8,9,9,1/1/2021,0.5,8,10,1,6,0.015,FALSE,250,175,scenario5_waning,realistic
LIC,1000000,Present,2,Oxford-AstraZeneca,0.8,9,9,1/1/2021,0.5,8,10,1,6,0.015,FALSE,150,176,scenario5_waning,realistic
LIC,1000000,Present,2,Oxford-AstraZeneca,0.8,9,9,1/1/2021,0.5,9,10,1,6,0.015,FALSE,250,177,scenario5_waning,realistic
LIC,1000000,Present,2,Oxford-AstraZeneca,0.8,9,9,1/1/2021,0.5,9,10,1,6,0.015,FALSE,150,178,scenario5_waning,realistic
LIC,1000000,Present,2,Oxford-AstraZeneca,0.8,9,9,1/1/2021,0.5,10,10,1,6,0.015,FALSE,250,179,scenario5_waning,realistic
LIC,1000000,Present,2,Oxford-AstraZeneca,0.8,9,9,1/1/2021,0.5,10,10,1,6,0.015,FALSE,150,180,scenario5_waning,realistic
LIC,1000000,Present,2,Oxford-AstraZeneca,0.8,9,9,1/1/2021,0.5,11,10,1,6,0.015,FALSE,250,181,scenario5_waning,realistic
LIC,1000000,Present,2,Oxford-AstraZeneca,0.8,9,9,1/1/2021,0.5,11,10,1,6,0.015,FALSE,150,182,scenario5_waning,realistic
LIC,1000000,Present,2,Oxford-AstraZeneca,0.8,9,9,1/1/2021,0.5,12,10,1,6,0.015,FALSE,250,183,scenario5_waning,realistic
LIC,1000000,Present,2,Oxford-AstraZeneca,0.8,9,9,1/1/2021,0.5,12,10,1,6,0.015,FALSE,150,184,scenario5_waning,realistic
LIC,1000000,Present,2,Oxford-AstraZeneca,0.8,9,9,1/1/2021,0.5,13,10,1,6,0.015,FALSE,250,185,scenario5_waning,realistic
LIC,1000000,Present,2,Oxford-AstraZeneca,0.8,9,9,1/1/2021,0.5,13,10,1,6,0.015,FALSE,150,186,scenario5_waning,realistic
LIC,1000000,Present,2,Oxford-AstraZeneca,0.8,9,9,1/1/2021,0.5,14,10,1,6,0.015,FALSE,250,187,scenario5_waning,realistic
LIC,1000000,Present,2,Oxford-AstraZeneca,0.8,9,9,1/1/2021,0.5,14,10,1,6,0.015,FALSE,150,188,scenario5_waning,realistic
LIC,1000000,Present,2,Oxford-AstraZeneca,0.8,9,9,1/1/2021,0.5,15,10,1,6,0.015,FALSE,250,189,scenario5_waning,realistic
LIC,1000000,Present,2,Oxford-AstraZeneca,0.8,9,9,1/1/2021,0.5,15,10,1,6,0.015,FALSE,150,190,scenario5_waning,realistic
LIC,1000000,Present,2,Oxford-AstraZeneca,0.8,9,9,1/1/2021,0.5,16,10,1,6,0.015,FALSE,250,191,scenario5_waning,realistic
LIC,1000000,Present,2,Oxford-AstraZeneca,0.8,9,9,1/1/2021,0.5,16,10,1,6,0.015,FALSE,150,192,scenario5_waning,realistic
LIC,1000000,Present,2,Oxford-AstraZeneca,0.8,9,9,1/1/2021,0.5,17,10,1,6,0.015,FALSE,250,193,scenario5_waning,realistic
LIC,1000000,Present,2,Oxford-AstraZeneca,0.8,9,9,1/1/2021,0.5,17,10,1,6,0.015,FALSE,150,194,scenario5_waning,realistic
LIC,1000000,Present,2,Oxford-AstraZeneca,0.8,9,9,1/1/2021,0.5,18,10,1,6,0.015,FALSE,250,195,scenario5_waning,realistic
LIC,1000000,Present,2,Oxford-AstraZeneca,0.8,9,9,1/1/2021,0.5,18,10,1,6,0.015,FALSE,150,196,scenario5_waning,realistic
LIC,1000000,Present,2,Oxford-AstraZeneca,0.8,9,9,1/1/2021,0.5,19,10,1,6,0.015,FALSE,250,197,scenario5_waning,realistic
LIC,1000000,Present,2,Oxford-AstraZeneca,0.8,9,9,1/1/2021,0.5,19,10,1,6,0.015,FALSE,150,198,scenario5_waning,realistic
LIC,1000000,Present,2,Oxford-AstraZeneca,0.8,9,9,1/1/2021,0.5,20,10,1,6,0.015,FALSE,250,199,scenario5_waning,realistic
LIC,1000000,Present,2,Oxford-AstraZeneca,0.8,9,9,1/1/2021,0.5,20,10,1,6,0.015,FALSE,150,200,scenario5_waning,realistic
LIC,1000000,Present,2,Oxford-AstraZeneca,0.8,9,5,1/1/2021,0.5,1,10,1,6,0.015,FALSE,250,201,scenario5_waning,realistic
LIC,1000000,Present,2,Oxford-AstraZeneca,0.8,9,5,1/1/2021,0.5,1,10,1,6,0.015,FALSE,150,202,scenario5_waning,realistic
LIC,1000000,Present,2,Oxford-AstraZeneca,0.8,9,5,1/1/2021,0.5,2,10,1,6,0.015,FALSE,250,203,scenario5_waning,realistic
LIC,1000000,Present,2,Oxford-AstraZeneca,0.8,9,5,1/1/2021,0.5,2,10,1,6,0.015,FALSE,150,204,scenario5_waning,realistic
LIC,1000000,Present,2,Oxford-AstraZeneca,0.8,9,5,1/1/2021,0.5,3,10,1,6,0.015,FALSE,250,205,scenario5_waning,realistic
LIC,1000000,Present,2,Oxford-AstraZeneca,0.8,9,5,1/1/2021,0.5,3,10,1,6,0.015,FALSE,150,206,scenario5_waning,realistic
LIC,1000000,Present,2,Oxford-AstraZeneca,0.8,9,5,1/1/2021,0.5,4,10,1,6,0.015,FALSE,250,207,scenario5_waning,realistic
LIC,1000000,Present,2,Oxford-AstraZeneca,0.8,9,5,1/1/2021,0.5,4,10,1,6,0.015,FALSE,150,208,scenario5_waning,realistic
LIC,1000000,Present,2,Oxford-AstraZeneca,0.8,9,5,1/1/2021,0.5,5,10,1,6,0.015,FALSE,250,209,scenario5_waning,realistic
LIC,1000000,Present,2,Oxford-AstraZeneca,0.8,9,5,1/1/2021,0.5,5,10,1,6,0.015,FALSE,150,210,scenario5_waning,realistic
LIC,1000000,Present,2,Oxford-AstraZeneca,0.8,9,5,1/1/2021,0.5,6,10,1,6,0.015,FALSE,250,211,scenario5_waning,realistic
LIC,1000000,Present,2,Oxford-AstraZeneca,0.8,9,5,1/1/2021,0.5,6,10,1,6,0.015,FALSE,150,212,scenario5_waning,realistic
LIC,1000000,Present,2,Oxford-AstraZeneca,0.8,9,5,1/1/2021,0.5,7,10,1,6,0.015,FALSE,250,213,scenario5_waning,realistic
LIC,1000000,Present,2,Oxford-AstraZeneca,0.8,9,5,1/1/2021,0.5,7,10,1,6,0.015,FALSE,150,214,scenario5_waning,realistic
LIC,1000000,Present,2,Oxford-AstraZeneca,0.8,9,5,1/1/2021,0.5,8,10,1,6,0.015,FALSE,250,215,scenario5_waning,realistic
LIC,1000000,Present,2,Oxford-AstraZeneca,0.8,9,5,1/1/2021,0.5,8,10,1,6,0.015,FALSE,150,216,scenario5_waning,realistic
LIC,1000000,Present,2,Oxford-AstraZeneca,0.8,9,5,1/1/2021,0.5,9,10,1,6,0.015,FALSE,250,217,scenario5_waning,realistic
LIC,1000000,Present,2,Oxford-AstraZeneca,0.8,9,5,1/1/2021,0.5,9,10,1,6,0.015,FALSE,150,218,scenario5_waning,realistic
LIC,1000000,Present,2,Oxford-AstraZeneca,0.8,9,5,1/1/2021,0.5,10,10,1,6,0.015,FALSE,250,219,scenario5_waning,realistic
LIC,1000000,Present,2,Oxford-AstraZeneca,0.8,9,5,1/1/2021,0.5,10,10,1,6,0.015,FALSE,150,220,scenario5_waning,realistic
LIC,1000000,Present,2,Oxford-AstraZeneca,0.8,9,5,1/1/2021,0.5,11,10,1,6,0.015,FALSE,250,221,scenario5_waning,realistic
LIC,1000000,Present,2,Oxford-AstraZeneca,0.8,9,5,1/1/2021,0.5,11,10,1,6,0.015,FALSE,150,222,scenario5_waning,realistic
LIC,1000000,Present,2,Oxford-AstraZeneca,0.8,9,5,1/1/2021,0.5,12,10,1,6,0.015,FALSE,250,223,scenario5_waning,realistic
LIC,1000000,Present,2,Oxford-AstraZeneca,0.8,9,5,1/1/2021,0.5,12,10,1,6,0.015,FALSE,150,224,scenario5_waning,realistic
LIC,1000000,Present,2,Oxford-AstraZeneca,0.8,9,5,1/1/2021,0.5,13,10,1,6,0.015,FALSE,250,225,scenario5_waning,realistic
LIC,1000000,Present,2,Oxford-AstraZeneca,0.8,9,5,1/1/2021,0.5,13,10,1,6,0.015,FALSE,150,226,scenario5_waning,realistic
LIC,1000000,Present,2,Oxford-AstraZeneca,0.8,9,5,1/1/2021,0.5,14,10,1,6,0.015,FALSE,250,227,scenario5_waning,realistic
LIC,1000000,Present,2,Oxford-AstraZeneca,0.8,9,5,1/1/2021,0.5,14,10,1,6,0.015,FALSE,150,228,scenario5_waning,realistic
LIC,1000000,Present,2,Oxford-AstraZeneca,0.8,9,5,1/1/2021,0.5,15,10,1,6,0.015,FALSE,250,229,scenario5_waning,realistic
LIC,1000000,Present,2,Oxford-AstraZeneca,0.8,9,5,1/1/2021,0.5,15,10,1,6,0.015,FALSE,150,230,scenario5_waning,realistic
LIC,1000000,Present,2,Oxford-AstraZeneca,0.8,9,5,1/1/2021,0.5,16,10,1,6,0.015,FALSE,250,231,scenario5_waning,realistic
LIC,1000000,Present,2,Oxford-AstraZeneca,0.8,9,5,1/1/2021,0.5,16,10,1,6,0.015,FALSE,150,232,scenario5_waning,realistic
LIC,1000000,Present,2,Oxford-AstraZeneca,0.8,9,5,1/1/2021,0.5,17,10,1,6,0.015,FALSE,250,233,scenario5_waning,realistic
LIC,1000000,Present,2,Oxford-AstraZeneca,0.8,9,5,1/1/2021,0.5,17,10,1,6,0.015,FALSE,150,234,scenario5_waning,realistic
LIC,1000000,Present,2,Oxford-AstraZeneca,0.8,9,5,1/1/2021,0.5,18,10,1,6,0.015,FALSE,250,235,scenario5_waning,realistic
LIC,1000000,Present,2,Oxford-AstraZeneca,0.8,9,5,1/1/2021,0.5,18,10,1,6,0.015,FALSE,150,236,scenario5_waning,realistic
LIC,1000000,Present,2,Oxford-AstraZeneca,0.8,9,5,1/1/2021,0.5,19,10,1,6,0.015,FALSE,250,237,scenario5_waning,realistic
LIC,1000000,Present,2,Oxford-AstraZeneca,0.8,9,5,1/1/2021,0.5,19,10,1,6,0.015,FALSE,150,238,scenario5_waning,realistic
LIC,1000000,Present,2,Oxford-AstraZeneca,0.8,9,5,1/1/2021,0.5,20,10,1,6,0.015,FALSE,250,239,scenario5_waning,realistic
LIC,1000000,Present,2,Oxford-AstraZeneca,0.8,9,5,1/1/2021,0.5,20,10,1,6,0.015,FALSE,150,240,scenario5_waning,realistic
LIC,1000000,Present,3,Oxford-AstraZeneca,0.8,9,9,1/1/2021,0.5,1,10,1,6,0.015,FALSE,250,241,scenario5_waning,realistic
LIC,1000000,Present,3,Oxford-AstraZeneca,0.8,9,9,1/1/2021,0.5,1,10,1,6,0.015,FALSE,150,242,scenario5_waning,realistic
LIC,1000000,Present,3,Oxford-AstraZeneca,0.8,9,9,1/1/2021,0.5,2,10,1,6,0.015,FALSE,250,243,scenario5_waning,realistic
LIC,1000000,Present,3,Oxford-AstraZeneca,0.8,9,9,1/1/2021,0.5,2,10,1,6,0.015,FALSE,150,244,scenario5_waning,realistic
LIC,1000000,Present,3,Oxford-AstraZeneca,0.8,9,9,1/1/2021,0.5,3,10,1,6,0.015,FALSE,250,245,scenario5_waning,realistic
LIC,1000000,Present,3,Oxford-AstraZeneca,0.8,9,9,1/1/2021,0.5,3,10,1,6,0.015,FALSE,150,246,scenario5_waning,realistic
LIC,1000000,Present,3,Oxford-AstraZeneca,0.8,9,9,1/1/2021,0.5,4,10,1,6,0.015,FALSE,250,247,scenario5_waning,realistic
LIC,1000000,Present,3,Oxford-AstraZeneca,0.8,9,9,1/1/2021,0.5,4,10,1,6,0.015,FALSE,150,248,scenario5_waning,realistic
LIC,1000000,Present,3,Oxford-AstraZeneca,0.8,9,9,1/1/2021,0.5,5,10,1,6,0.015,FALSE,250,249,scenario5_waning,realistic
LIC,1000000,Present,3,Oxford-AstraZeneca,0.8,9,9,1/1/2021,0.5,5,10,1,6,0.015,FALSE,150,250,scenario5_waning,realistic
LIC,1000000,Present,3,Oxford-AstraZeneca,0.8,9,9,1/1/2021,0.5,6,10,1,6,0.015,FALSE,250,251,scenario5_waning,realistic
LIC,1000000,Present,3,Oxford-AstraZeneca,0.8,9,9,1/1/2021,0.5,6,10,1,6,0.015,FALSE,150,252,scenario5_waning,realistic
LIC,1000000,Present,3,Oxford-AstraZeneca,0.8,9,9,1/1/2021,0.5,7,10,1,6,0.015,FALSE,250,253,scenario5_waning,realistic
LIC,1000000,Present,3,Oxford-AstraZeneca,0.8,9,9,1/1/2021,0.5,7,10,1,6,0.015,FALSE,150,254,scenario5_waning,realistic
LIC,1000000,Present,3,Oxford-AstraZeneca,0.8,9,9,1/1/2021,0.5,8,10,1,6,0.015,FALSE,250,255,scenario5_waning,realistic
LIC,1000000,Present,3,Oxford-AstraZeneca,0.8,9,9,1/1/2021,0.5,8,10,1,6,0.015,FALSE,150,256,scenario5_waning,realistic
LIC,1000000,Present,3,Oxford-AstraZeneca,0.8,9,9,1/1/2021,0.5,9,10,1,6,0.015,FALSE,250,257,scenario5_waning,realistic
LIC,1000000,Present,3,Oxford-AstraZeneca,0.8,9,9,1/1/2021,0.5,9,10,1,6,0.015,FALSE,150,258,scenario5_waning,realistic
LIC,1000000,Present,3,Oxford-AstraZeneca,0.8,9,9,1/1/2021,0.5,10,10,1,6,0.015,FALSE,250,259,scenario5_waning,realistic
LIC,1000000,Present,3,Oxford-AstraZeneca,0.8,9,9,1/1/2021,0.5,10,10,1,6,0.015,FALSE,150,260,scenario5_waning,realistic
LIC,1000000,Present,3,Oxford-AstraZeneca,0.8,9,9,1/1/2021,0.5,11,10,1,6,0.015,FALSE,250,261,scenario5_waning,realistic
LIC,1000000,Present,3,Oxford-AstraZeneca,0.8,9,9,1/1/2021,0.5,11,10,1,6,0.015,FALSE,150,262,scenario5_waning,realistic
LIC,1000000,Present,3,Oxford-AstraZeneca,0.8,9,9,1/1/2021,0.5,12,10,1,6,0.015,FALSE,250,263,scenario5_waning,realistic
LIC,1000000,Present,3,Oxford-AstraZeneca,0.8,9,9,1/1/2021,0.5,12,10,1,6,0.015,FALSE,150,264,scenario5_waning,realistic
LIC,1000000,Present,3,Oxford-AstraZeneca,0.8,9,9,1/1/2021,0.5,13,10,1,6,0.015,FALSE,250,265,scenario5_waning,realistic
LIC,1000000,Present,3,Oxford-AstraZeneca,0.8,9,9,1/1/2021,0.5,13,10,1,6,0.015,FALSE,150,266,scenario5_waning,realistic
LIC,1000000,Present,3,Oxford-AstraZeneca,0.8,9,9,1/1/2021,0.5,14,10,1,6,0.015,FALSE,250,267,scenario5_waning,realistic
LIC,1000000,Present,3,Oxford-AstraZeneca,0.8,9,9,1/1/2021,0.5,14,10,1,6,0.015,FALSE,150,268,scenario5_waning,realistic
LIC,1000000,Present,3,Oxford-AstraZeneca,0.8,9,9,1/1/2021,0.5,15,10,1,6,0.015,FALSE,250,269,scenario5_waning,realistic
LIC,1000000,Present,3,Oxford-AstraZeneca,0.8,9,9,1/1/2021,0.5,15,10,1,6,0.015,FALSE,150,270,scenario5_waning,realistic
LIC,1000000,Present,3,Oxford-AstraZeneca,0.8,9,9,1/1/2021,0.5,16,10,1,6,0.015,FALSE,250,271,scenario5_waning,realistic
LIC,1000000,Present,3,Oxford-AstraZeneca,0.8,9,9,1/1/2021,0.5,16,10,1,6,0.015,FALSE,150,272,scenario5_waning,realistic
LIC,1000000,Present,3,Oxford-AstraZeneca,0.8,9,9,1/1/2021,0.5,17,10,1,6,0.015,FALSE,250,273,scenario5_waning,realistic
LIC,1000000,Present,3,Oxford-AstraZeneca,0.8,9,9,1/1/2021,0.5,17,10,1,6,0.015,FALSE,150,274,scenario5_waning,realistic
LIC,1000000,Present,3,Oxford-AstraZeneca,0.8,9,9,1/1/2021,0.5,18,10,1,6,0.015,FALSE,250,275,scenario5_waning,realistic
LIC,1000000,Present,3,Oxford-AstraZeneca,0.8,9,9,1/1/2021,0.5,18,10,1,6,0.015,FALSE,150,276,scenario5_waning,realistic
LIC,1000000,Present,3,Oxford-AstraZeneca,0.8,9,9,1/1/2021,0.5,19,10,1,6,0.015,FALSE,250,277,scenario5_waning,realistic
LIC,1000000,Present,3,Oxford-AstraZeneca,0.8,9,9,1/1/2021,0.5,19,10,1,6,0.015,FALSE,150,278,scenario5_waning,realistic
LIC,1000000,Present,3,Oxford-AstraZeneca,0.8,9,9,1/1/2021,0.5,20,10,1,6,0.015,FALSE,250,279,scenario5_waning,realistic
LIC,1000000,Present,3,Oxford-AstraZeneca,0.8,9,9,1/1/2021,0.5,20,10,1,6,0.015,FALSE,150,280,scenario5_waning,realistic
LIC,1000000,Present,3,Oxford-AstraZeneca,0.8,9,5,1/1/2021,0.5,1,10,1,6,0.015,FALSE,250,281,scenario5_waning,realistic
LIC,1000000,Present,3,Oxford-AstraZeneca,0.8,9,5,1/1/2021,0.5,1,10,1,6,0.015,FALSE,150,282,scenario5_waning,realistic
LIC,1000000,Present,3,Oxford-AstraZeneca,0.8,9,5,1/1/2021,0.5,2,10,1,6,0.015,FALSE,250,283,scenario5_waning,realistic
LIC,1000000,Present,3,Oxford-AstraZeneca,0.8,9,5,1/1/2021,0.5,2,10,1,6,0.015,FALSE,150,284,scenario5_waning,realistic
LIC,1000000,Present,3,Oxford-AstraZeneca,0.8,9,5,1/1/2021,0.5,3,10,1,6,0.015,FALSE,250,285,scenario5_waning,realistic
LIC,1000000,Present,3,Oxford-AstraZeneca,0.8,9,5,1/1/2021,0.5,3,10,1,6,0.015,FALSE,150,286,scenario5_waning,realistic
LIC,1000000,Present,3,Oxford-AstraZeneca,0.8,9,5,1/1/2021,0.5,4,10,1,6,0.015,FALSE,250,287,scenario5_waning,realistic
LIC,1000000,Present,3,Oxford-AstraZeneca,0.8,9,5,1/1/2021,0.5,4,10,1,6,0.015,FALSE,150,288,scenario5_waning,realistic
LIC,1000000,Present,3,Oxford-AstraZeneca,0.8,9,5,1/1/2021,0.5,5,10,1,6,0.015,FALSE,250,289,scenario5_waning,realistic
LIC,1000000,Present,3,Oxford-AstraZeneca,0.8,9,5,1/1/2021,0.5,5,10,1,6,0.015,FALSE,150,290,scenario5_waning,realistic
LIC,1000000,Present,3,Oxford-AstraZeneca,0.8,9,5,1/1/2021,0.5,6,10,1,6,0.015,FALSE,250,291,scenario5_waning,realistic
LIC,1000000,Present,3,Oxford-AstraZeneca,0.8,9,5,1/1/2021,0.5,6,10,1,6,0.015,FALSE,150,292,scenario5_waning,realistic
LIC,1000000,Present,3,Oxford-AstraZeneca,0.8,9,5,1/1/2021,0.5,7,10,1,6,0.015,FALSE,250,293,scenario5_waning,realistic
LIC,1000000,Present,3,Oxford-AstraZeneca,0.8,9,5,1/1/2021,0.5,7,10,1,6,0.015,FALSE,150,294,scenario5_waning,realistic
LIC,1000000,Present,3,Oxford-AstraZeneca,0.8,9,5,1/1/2021,0.5,8,10,1,6,0.015,FALSE,250,295,scenario5_waning,realistic
LIC,1000000,Present,3,Oxford-AstraZeneca,0.8,9,5,1/1/2021,0.5,8,10,1,6,0.015,FALSE,150,296,scenario5_waning,realistic
LIC,1000000,Present,3,Oxford-AstraZeneca,0.8,9,5,1/1/2021,0.5,9,10,1,6,0.015,FALSE,250,297,scenario5_waning,realistic
LIC,1000000,Present,3,Oxford-AstraZeneca,0.8,9,5,1/1/2021,0.5,9,10,1,6,0.015,FALSE,150,298,scenario5_waning,realistic
LIC,1000000,Present,3,Oxford-AstraZeneca,0.8,9,5,1/1/2021,0.5,10,10,1,6,0.015,FALSE,250,299,scenario5_waning,realistic
LIC,1000000,Present,3,Oxford-AstraZeneca,0.8,9,5,1/1/2021,0.5,10,10,1,6,0.015,FALSE,150,300,scenario5_waning,realistic
LIC,1000000,Present,3,Oxford-AstraZeneca,0.8,9,5,1/1/2021,0.5,11,10,1,6,0.015,FALSE,250,301,scenario5_waning,realistic
LIC,1000000,Present,3,Oxford-AstraZeneca,0.8,9,5,1/1/2021,0.5,11,10,1,6,0.015,FALSE,150,302,scenario5_waning,realistic
LIC,1000000,Present,3,Oxford-AstraZeneca,0.8,9,5,1/1/2021,0.5,12,10,1,6,0.015,FALSE,250,303,scenario5_waning,realistic
LIC,1000000,Present,3,Oxford-AstraZeneca,0.8,9,5,1/1/2021,0.5,12,10,1,6,0.015,FALSE,150,304,scenario5_waning,realistic
LIC,1000000,Present,3,Oxford-AstraZeneca,0.8,9,5,1/1/2021,0.5,13,10,1,6,0.015,FALSE,250,305,scenario5_waning,realistic
LIC,1000000,Present,3,Oxford-AstraZeneca,0.8,9,5,1/1/2021,0.5,13,10,1,6,0.015,FALSE,150,306,scenario5_waning,realistic
LIC,1000000,Present,3,Oxford-AstraZeneca,0.8,9,5,1/1/2021,0.5,14,10,1,6,0.015,FALSE,250,307,scenario5_waning,realistic
LIC,1000000,Present,3,Oxford-AstraZeneca,0.8,9,5,1/1/2021,0.5,14,10,1,6,0.015,FALSE,150,308,scenario5_waning,realistic
LIC,1000000,Present,3,Oxford-AstraZeneca,0.8,9,5,1/1/2021,0.5,15,10,1,6,0.015,FALSE,250,309,scenario5_waning,realistic
LIC,1000000,Present,3,Oxford-AstraZeneca,0.8,9,5,1/1/2021,0.5,15,10,1,6,0.015,FALSE,150,310,scenario5_waning,realistic
LIC,1000000,Present,3,Oxford-AstraZeneca,0.8,9,5,1/1/2021,0.5,16,10,1,6,0.015,FALSE,250,311,scenario5_waning,realistic
LIC,1000000,Present,3,Oxford-AstraZeneca,0.8,9,5,1/1/2021,0.5,16,10,1,6,0.015,FALSE,150,312,scenario5_waning,realistic
LIC,1000000,Present,3,Oxford-AstraZeneca,0.8,9,5,1/1/2021,0.5,17,10,1,6,0.015,FALSE,250,313,scenario5_waning,realistic
LIC,1000000,Present,3,Oxford-AstraZeneca,0.8,9,5,1/1/2021,0.5,17,10,1,6,0.015,FALSE,150,314,scenario5_waning,realistic
LIC,1000000,Present,3,Oxford-AstraZeneca,0.8,9,5,1/1/2021,0.5,18,10,1,6,0.015,FALSE,250,315,scenario5_waning,realistic
LIC,1000000,Present,3,Oxford-AstraZeneca,0.8,9,5,1/1/2021,0.5,18,10,1,6,0.015,FALSE,150,316,scenario5_waning,realistic
LIC,1000000,Present,3,Oxford-AstraZeneca,0.8,9,5,1/1/2021,0.5,19,10,1,6,0.015,FALSE,250,317,scenario5_waning,realistic
LIC,1000000,Present,3,Oxford-AstraZeneca,0.8,9,5,1/1/2021,0.5,19,10,1,6,0.015,FALSE,150,318,scenario5_waning,realistic
LIC,1000000,Present,3,Oxford-AstraZeneca,0.8,9,5,1/1/2021,0.5,20,10,1,6,0.015,FALSE,250,319,scenario5_waning,realistic
LIC,1000000,Present,3,Oxford-AstraZeneca,0.8,9,5,1/1/2021,0.5,20,10,1,6,0.015,FALSE,150,320,scenario5_waning,realistic
LMIC,1000000,Present,2,Oxford-AstraZeneca,0,9,9,1/1/2021,0.5,1,10,1,6,0.015,FALSE,250,321,scenario5_waning,realistic
LMIC,1000000,Present,2,Oxford-AstraZeneca,0,9,9,1/1/2021,0.5,2,10,1,6,0.015,FALSE,250,322,scenario5_waning,realistic
LMIC,1000000,Present,2,Oxford-AstraZeneca,0,9,9,1/1/2021,0.5,3,10,1,6,0.015,FALSE,250,323,scenario5_waning,realistic
LMIC,1000000,Present,2,Oxford-AstraZeneca,0,9,9,1/1/2021,0.5,4,10,1,6,0.015,FALSE,250,324,scenario5_waning,realistic
LMIC,1000000,Present,2,Oxford-AstraZeneca,0,9,9,1/1/2021,0.5,5,10,1,6,0.015,FALSE,250,325,scenario5_waning,realistic
LMIC,1000000,Present,2,Oxford-AstraZeneca,0,9,9,1/1/2021,0.5,6,10,1,6,0.015,FALSE,250,326,scenario5_waning,realistic
LMIC,1000000,Present,2,Oxford-AstraZeneca,0,9,9,1/1/2021,0.5,7,10,1,6,0.015,FALSE,250,327,scenario5_waning,realistic
LMIC,1000000,Present,2,Oxford-AstraZeneca,0,9,9,1/1/2021,0.5,8,10,1,6,0.015,FALSE,250,328,scenario5_waning,realistic
LMIC,1000000,Present,2,Oxford-AstraZeneca,0,9,9,1/1/2021,0.5,9,10,1,6,0.015,FALSE,250,329,scenario5_waning,realistic
LMIC,1000000,Present,2,Oxford-AstraZeneca,0,9,9,1/1/2021,0.5,10,10,1,6,0.015,FALSE,250,330,scenario5_waning,realistic
LMIC,1000000,Present,2,Oxford-AstraZeneca,0,9,9,1/1/2021,0.5,11,10,1,6,0.015,FALSE,250,331,scenario5_waning,realistic
LMIC,1000000,Present,2,Oxford-AstraZeneca,0,9,9,1/1/2021,0.5,12,10,1,6,0.015,FALSE,250,332,scenario5_waning,realistic
LMIC,1000000,Present,2,Oxford-AstraZeneca,0,9,9,1/1/2021,0.5,13,10,1,6,0.015,FALSE,250,333,scenario5_waning,realistic
LMIC,1000000,Present,2,Oxford-AstraZeneca,0,9,9,1/1/2021,0.5,14,10,1,6,0.015,FALSE,250,334,scenario5_waning,realistic
LMIC,1000000,Present,2,Oxford-AstraZeneca,0,9,9,1/1/2021,0.5,15,10,1,6,0.015,FALSE,250,335,scenario5_waning,realistic
LMIC,1000000,Present,2,Oxford-AstraZeneca,0,9,9,1/1/2021,0.5,16,10,1,6,0.015,FALSE,250,336,scenario5_waning,realistic
LMIC,1000000,Present,2,Oxford-AstraZeneca,0,9,9,1/1/2021,0.5,17,10,1,6,0.015,FALSE,250,337,scenario5_waning,realistic
LMIC,1000000,Present,2,Oxford-AstraZeneca,0,9,9,1/1/2021,0.5,18,10,1,6,0.015,FALSE,250,338,scenario5_waning,realistic
LMIC,1000000,Present,2,Oxford-AstraZeneca,0,9,9,1/1/2021,0.5,19,10,1,6,0.015,FALSE,250,339,scenario5_waning,realistic
LMIC,1000000,Present,2,Oxford-AstraZeneca,0,9,9,1/1/2021,0.5,20,10,1,6,0.015,FALSE,250,340,scenario5_waning,realistic
LIC,1000000,Present,2,Oxford-AstraZeneca,0,9,9,1/1/2021,0.5,1,10,1,6,0.015,FALSE,250,341,scenario5_waning,realistic
LIC,1000000,Present,2,Oxford-AstraZeneca,0,9,9,1/1/2021,0.5,2,10,1,6,0.015,FALSE,250,342,scenario5_waning,realistic
LIC,1000000,Present,2,Oxford-AstraZeneca,0,9,9,1/1/2021,0.5,3,10,1,6,0.015,FALSE,250,343,scenario5_waning,realistic
LIC,1000000,Present,2,Oxford-AstraZeneca,0,9,9,1/1/2021,0.5,4,10,1,6,0.015,FALSE,250,344,scenario5_waning,realistic
LIC,1000000,Present,2,Oxford-AstraZeneca,0,9,9,1/1/2021,0.5,5,10,1,6,0.015,FALSE,250,345,scenario5_waning,realistic
LIC,1000000,Present,2,Oxford-AstraZeneca,0,9,9,1/1/2021,0.5,6,10,1,6,0.015,FALSE,250,346,scenario5_waning,realistic
LIC,1000000,Present,2,Oxford-AstraZeneca,0,9,9,1/1/2021,0.5,7,10,1,6,0.015,FALSE,250,347,scenario5_waning,realistic
LIC,1000000,Present,2,Oxford-AstraZeneca,0,9,9,1/1/2021,0.5,8,10,1,6,0.015,FALSE,250,348,scenario5_waning,realistic
LIC,1000000,Present,2,Oxford-AstraZeneca,0,9,9,1/1/2021,0.5,9,10,1,6,0.015,FALSE,250,349,scenario5_waning,realistic
LIC,1000000,Present,2,Oxford-AstraZeneca,0,9,9,1/1/2021,0.5,10,10,1,6,0.015,FALSE,250,350,scenario5_waning,realistic
LIC,1000000,Present,2,Oxford-AstraZeneca,0,9,9,1/1/2021,0.5,11,10,1,6,0.015,FALSE,250,351,scenario5_waning,realistic
LIC,1000000,Present,2,Oxford-AstraZeneca,0,9,9,1/1/2021,0.5,12,10,1,6,0.015,FALSE,250,352,scenario5_waning,realistic
LIC,1000000,Present,2,Oxford-AstraZeneca,0,9,9,1/1/2021,0.5,13,10,1,6,0.015,FALSE,250,353,scenario5_waning,realistic
LIC,1000000,Present,2,Oxford-AstraZeneca,0,9,9,1/1/2021,0.5,14,10,1,6,0.015,FALSE,250,354,scenario5_waning,realistic
LIC,1000000,Present,2,Oxford-AstraZeneca,0,9,9,1/1/2021,0.5,15,10,1,6,0.015,FALSE,250,355,scenario5_waning,realistic
LIC,1000000,Present,2,Oxford-AstraZeneca,0,9,9,1/1/2021,0.5,16,10,1,6,0.015,FALSE,250,356,scenario5_waning,realistic
LIC,1000000,Present,2,Oxford-AstraZeneca,0,9,9,1/1/2021,0.5,17,10,1,6,0.015,FALSE,250,357,scenario5_waning,realistic
LIC,1000000,Present,2,Oxford-AstraZeneca,0,9,9,1/1/2021,0.5,18,10,1,6,0.015,FALSE,250,358,scenario5_waning,realistic
LIC,1000000,Present,2,Oxford-AstraZeneca,0,9,9,1/1/2021,0.5,19,10,1,6,0.015,FALSE,250,359,scenario5_waning,realistic
LIC,1000000,Present,2,Oxford-AstraZeneca,0,9,9,1/1/2021,0.5,20,10,1,6,0.015,FALSE,250,360,scenario5_waning,realistic
