income_group,target_pop,hs_constraints,vaccine_doses,vaccine,max_coverage,age_groups_covered,vacc_start,dt,repetition,seeding_cases,variant_fold_reduction,dose_3_fold_increase,vacc_per_week,ab_model_infection,period_s,t_period_l,scenario,name,strategy
LMIC,1000000,Present,2,Oxford-AstraZeneca,0.8,5,1/1/2021,0.5,1,10,1,6,0.015,FALSE,250,365,1,rq2_lmic,same_doses
LMIC,1000000,Present,2,Oxford-AstraZeneca,0.8,5,1/1/2021,0.5,1,10,1,6,0.015,FALSE,150,200,2,rq2_lmic,same_doses
LMIC,1000000,Present,2,Oxford-AstraZeneca,0.8,5,1/1/2021,0.5,1,10,1,6,0.01,FALSE,250,365,3,rq2_lmic,same_doses
LMIC,1000000,Present,2,Oxford-AstraZeneca,0.8,5,1/1/2021,0.5,1,10,1,6,0.01,FALSE,150,200,4,rq2_lmic,same_doses
LMIC,1000000,Present,2,Oxford-AstraZeneca,0.8,5,1/1/2021,0.5,2,10,1,6,0.015,FALSE,250,365,5,rq2_lmic,same_doses
LMIC,1000000,Present,2,Oxford-AstraZeneca,0.8,5,1/1/2021,0.5,2,10,1,6,0.015,FALSE,150,200,6,rq2_lmic,same_doses
LMIC,1000000,Present,2,Oxford-AstraZeneca,0.8,5,1/1/2021,0.5,2,10,1,6,0.01,FALSE,250,365,7,rq2_lmic,same_doses
LMIC,1000000,Present,2,Oxford-AstraZeneca,0.8,5,1/1/2021,0.5,2,10,1,6,0.01,FALSE,150,200,8,rq2_lmic,same_doses
LMIC,1000000,Present,2,Oxford-AstraZeneca,0.8,5,1/1/2021,0.5,3,10,1,6,0.015,FALSE,250,365,9,rq2_lmic,same_doses
LMIC,1000000,Present,2,Oxford-AstraZeneca,0.8,5,1/1/2021,0.5,3,10,1,6,0.015,FALSE,150,200,10,rq2_lmic,same_doses
LMIC,1000000,Present,2,Oxford-AstraZeneca,0.8,5,1/1/2021,0.5,3,10,1,6,0.01,FALSE,250,365,11,rq2_lmic,same_doses
LMIC,1000000,Present,2,Oxford-AstraZeneca,0.8,5,1/1/2021,0.5,3,10,1,6,0.01,FALSE,150,200,12,rq2_lmic,same_doses
LMIC,1000000,Present,2,Oxford-AstraZeneca,0.8,5,1/1/2021,0.5,4,10,1,6,0.015,FALSE,250,365,13,rq2_lmic,same_doses
LMIC,1000000,Present,2,Oxford-AstraZeneca,0.8,5,1/1/2021,0.5,4,10,1,6,0.015,FALSE,150,200,14,rq2_lmic,same_doses
LMIC,1000000,Present,2,Oxford-AstraZeneca,0.8,5,1/1/2021,0.5,4,10,1,6,0.01,FALSE,250,365,15,rq2_lmic,same_doses
LMIC,1000000,Present,2,Oxford-AstraZeneca,0.8,5,1/1/2021,0.5,4,10,1,6,0.01,FALSE,150,200,16,rq2_lmic,same_doses
LMIC,1000000,Present,2,Oxford-AstraZeneca,0.8,5,1/1/2021,0.5,5,10,1,6,0.015,FALSE,250,365,17,rq2_lmic,same_doses
LMIC,1000000,Present,2,Oxford-AstraZeneca,0.8,5,1/1/2021,0.5,5,10,1,6,0.015,FALSE,150,200,18,rq2_lmic,same_doses
LMIC,1000000,Present,2,Oxford-AstraZeneca,0.8,5,1/1/2021,0.5,5,10,1,6,0.01,FALSE,250,365,19,rq2_lmic,same_doses
LMIC,1000000,Present,2,Oxford-AstraZeneca,0.8,5,1/1/2021,0.5,5,10,1,6,0.01,FALSE,150,200,20,rq2_lmic,same_doses
LMIC,1000000,Present,2,Oxford-AstraZeneca,0.8,5,1/1/2021,0.5,6,10,1,6,0.015,FALSE,250,365,21,rq2_lmic,same_doses
LMIC,1000000,Present,2,Oxford-AstraZeneca,0.8,5,1/1/2021,0.5,6,10,1,6,0.015,FALSE,150,200,22,rq2_lmic,same_doses
LMIC,1000000,Present,2,Oxford-AstraZeneca,0.8,5,1/1/2021,0.5,6,10,1,6,0.01,FALSE,250,365,23,rq2_lmic,same_doses
LMIC,1000000,Present,2,Oxford-AstraZeneca,0.8,5,1/1/2021,0.5,6,10,1,6,0.01,FALSE,150,200,24,rq2_lmic,same_doses
LMIC,1000000,Present,2,Oxford-AstraZeneca,0.8,5,1/1/2021,0.5,7,10,1,6,0.015,FALSE,250,365,25,rq2_lmic,same_doses
LMIC,1000000,Present,2,Oxford-AstraZeneca,0.8,5,1/1/2021,0.5,7,10,1,6,0.015,FALSE,150,200,26,rq2_lmic,same_doses
LMIC,1000000,Present,2,Oxford-AstraZeneca,0.8,5,1/1/2021,0.5,7,10,1,6,0.01,FALSE,250,365,27,rq2_lmic,same_doses
LMIC,1000000,Present,2,Oxford-AstraZeneca,0.8,5,1/1/2021,0.5,7,10,1,6,0.01,FALSE,150,200,28,rq2_lmic,same_doses
LMIC,1000000,Present,2,Oxford-AstraZeneca,0.8,5,1/1/2021,0.5,8,10,1,6,0.015,FALSE,250,365,29,rq2_lmic,same_doses
LMIC,1000000,Present,2,Oxford-AstraZeneca,0.8,5,1/1/2021,0.5,8,10,1,6,0.015,FALSE,150,200,30,rq2_lmic,same_doses
LMIC,1000000,Present,2,Oxford-AstraZeneca,0.8,5,1/1/2021,0.5,8,10,1,6,0.01,FALSE,250,365,31,rq2_lmic,same_doses
LMIC,1000000,Present,2,Oxford-AstraZeneca,0.8,5,1/1/2021,0.5,8,10,1,6,0.01,FALSE,150,200,32,rq2_lmic,same_doses
LMIC,1000000,Present,2,Oxford-AstraZeneca,0.8,5,1/1/2021,0.5,9,10,1,6,0.015,FALSE,250,365,33,rq2_lmic,same_doses
LMIC,1000000,Present,2,Oxford-AstraZeneca,0.8,5,1/1/2021,0.5,9,10,1,6,0.015,FALSE,150,200,34,rq2_lmic,same_doses
LMIC,1000000,Present,2,Oxford-AstraZeneca,0.8,5,1/1/2021,0.5,9,10,1,6,0.01,FALSE,250,365,35,rq2_lmic,same_doses
LMIC,1000000,Present,2,Oxford-AstraZeneca,0.8,5,1/1/2021,0.5,9,10,1,6,0.01,FALSE,150,200,36,rq2_lmic,same_doses
LMIC,1000000,Present,2,Oxford-AstraZeneca,0.8,5,1/1/2021,0.5,10,10,1,6,0.015,FALSE,250,365,37,rq2_lmic,same_doses
LMIC,1000000,Present,2,Oxford-AstraZeneca,0.8,5,1/1/2021,0.5,10,10,1,6,0.015,FALSE,150,200,38,rq2_lmic,same_doses
LMIC,1000000,Present,2,Oxford-AstraZeneca,0.8,5,1/1/2021,0.5,10,10,1,6,0.01,FALSE,250,365,39,rq2_lmic,same_doses
LMIC,1000000,Present,2,Oxford-AstraZeneca,0.8,5,1/1/2021,0.5,10,10,1,6,0.01,FALSE,150,200,40,rq2_lmic,same_doses
LMIC,1000000,Present,2,Oxford-AstraZeneca,0.8,5,1/1/2021,0.5,11,10,1,6,0.015,FALSE,250,365,41,rq2_lmic,same_doses
LMIC,1000000,Present,2,Oxford-AstraZeneca,0.8,5,1/1/2021,0.5,11,10,1,6,0.015,FALSE,150,200,42,rq2_lmic,same_doses
LMIC,1000000,Present,2,Oxford-AstraZeneca,0.8,5,1/1/2021,0.5,11,10,1,6,0.01,FALSE,250,365,43,rq2_lmic,same_doses
LMIC,1000000,Present,2,Oxford-AstraZeneca,0.8,5,1/1/2021,0.5,11,10,1,6,0.01,FALSE,150,200,44,rq2_lmic,same_doses
LMIC,1000000,Present,2,Oxford-AstraZeneca,0.8,5,1/1/2021,0.5,12,10,1,6,0.015,FALSE,250,365,45,rq2_lmic,same_doses
LMIC,1000000,Present,2,Oxford-AstraZeneca,0.8,5,1/1/2021,0.5,12,10,1,6,0.015,FALSE,150,200,46,rq2_lmic,same_doses
LMIC,1000000,Present,2,Oxford-AstraZeneca,0.8,5,1/1/2021,0.5,12,10,1,6,0.01,FALSE,250,365,47,rq2_lmic,same_doses
LMIC,1000000,Present,2,Oxford-AstraZeneca,0.8,5,1/1/2021,0.5,12,10,1,6,0.01,FALSE,150,200,48,rq2_lmic,same_doses
LMIC,1000000,Present,2,Oxford-AstraZeneca,0.8,5,1/1/2021,0.5,13,10,1,6,0.015,FALSE,250,365,49,rq2_lmic,same_doses
LMIC,1000000,Present,2,Oxford-AstraZeneca,0.8,5,1/1/2021,0.5,13,10,1,6,0.015,FALSE,150,200,50,rq2_lmic,same_doses
LMIC,1000000,Present,2,Oxford-AstraZeneca,0.8,5,1/1/2021,0.5,13,10,1,6,0.01,FALSE,250,365,51,rq2_lmic,same_doses
LMIC,1000000,Present,2,Oxford-AstraZeneca,0.8,5,1/1/2021,0.5,13,10,1,6,0.01,FALSE,150,200,52,rq2_lmic,same_doses
LMIC,1000000,Present,2,Oxford-AstraZeneca,0.8,5,1/1/2021,0.5,14,10,1,6,0.015,FALSE,250,365,53,rq2_lmic,same_doses
LMIC,1000000,Present,2,Oxford-AstraZeneca,0.8,5,1/1/2021,0.5,14,10,1,6,0.015,FALSE,150,200,54,rq2_lmic,same_doses
LMIC,1000000,Present,2,Oxford-AstraZeneca,0.8,5,1/1/2021,0.5,14,10,1,6,0.01,FALSE,250,365,55,rq2_lmic,same_doses
LMIC,1000000,Present,2,Oxford-AstraZeneca,0.8,5,1/1/2021,0.5,14,10,1,6,0.01,FALSE,150,200,56,rq2_lmic,same_doses
LMIC,1000000,Present,2,Oxford-AstraZeneca,0.8,5,1/1/2021,0.5,15,10,1,6,0.015,FALSE,250,365,57,rq2_lmic,same_doses
LMIC,1000000,Present,2,Oxford-AstraZeneca,0.8,5,1/1/2021,0.5,15,10,1,6,0.015,FALSE,150,200,58,rq2_lmic,same_doses
LMIC,1000000,Present,2,Oxford-AstraZeneca,0.8,5,1/1/2021,0.5,15,10,1,6,0.01,FALSE,250,365,59,rq2_lmic,same_doses
LMIC,1000000,Present,2,Oxford-AstraZeneca,0.8,5,1/1/2021,0.5,15,10,1,6,0.01,FALSE,150,200,60,rq2_lmic,same_doses
LMIC,1000000,Present,2,Oxford-AstraZeneca,0.8,5,1/1/2021,0.5,16,10,1,6,0.015,FALSE,250,365,61,rq2_lmic,same_doses
LMIC,1000000,Present,2,Oxford-AstraZeneca,0.8,5,1/1/2021,0.5,16,10,1,6,0.015,FALSE,150,200,62,rq2_lmic,same_doses
LMIC,1000000,Present,2,Oxford-AstraZeneca,0.8,5,1/1/2021,0.5,16,10,1,6,0.01,FALSE,250,365,63,rq2_lmic,same_doses
LMIC,1000000,Present,2,Oxford-AstraZeneca,0.8,5,1/1/2021,0.5,16,10,1,6,0.01,FALSE,150,200,64,rq2_lmic,same_doses
LMIC,1000000,Present,2,Oxford-AstraZeneca,0.8,5,1/1/2021,0.5,17,10,1,6,0.015,FALSE,250,365,65,rq2_lmic,same_doses
LMIC,1000000,Present,2,Oxford-AstraZeneca,0.8,5,1/1/2021,0.5,17,10,1,6,0.015,FALSE,150,200,66,rq2_lmic,same_doses
LMIC,1000000,Present,2,Oxford-AstraZeneca,0.8,5,1/1/2021,0.5,17,10,1,6,0.01,FALSE,250,365,67,rq2_lmic,same_doses
LMIC,1000000,Present,2,Oxford-AstraZeneca,0.8,5,1/1/2021,0.5,17,10,1,6,0.01,FALSE,150,200,68,rq2_lmic,same_doses
LMIC,1000000,Present,2,Oxford-AstraZeneca,0.8,5,1/1/2021,0.5,18,10,1,6,0.015,FALSE,250,365,69,rq2_lmic,same_doses
LMIC,1000000,Present,2,Oxford-AstraZeneca,0.8,5,1/1/2021,0.5,18,10,1,6,0.015,FALSE,150,200,70,rq2_lmic,same_doses
LMIC,1000000,Present,2,Oxford-AstraZeneca,0.8,5,1/1/2021,0.5,18,10,1,6,0.01,FALSE,250,365,71,rq2_lmic,same_doses
LMIC,1000000,Present,2,Oxford-AstraZeneca,0.8,5,1/1/2021,0.5,18,10,1,6,0.01,FALSE,150,200,72,rq2_lmic,same_doses
LMIC,1000000,Present,2,Oxford-AstraZeneca,0.8,5,1/1/2021,0.5,19,10,1,6,0.015,FALSE,250,365,73,rq2_lmic,same_doses
LMIC,1000000,Present,2,Oxford-AstraZeneca,0.8,5,1/1/2021,0.5,19,10,1,6,0.015,FALSE,150,200,74,rq2_lmic,same_doses
LMIC,1000000,Present,2,Oxford-AstraZeneca,0.8,5,1/1/2021,0.5,19,10,1,6,0.01,FALSE,250,365,75,rq2_lmic,same_doses
LMIC,1000000,Present,2,Oxford-AstraZeneca,0.8,5,1/1/2021,0.5,19,10,1,6,0.01,FALSE,150,200,76,rq2_lmic,same_doses
LMIC,1000000,Present,2,Oxford-AstraZeneca,0.8,5,1/1/2021,0.5,20,10,1,6,0.015,FALSE,250,365,77,rq2_lmic,same_doses
LMIC,1000000,Present,2,Oxford-AstraZeneca,0.8,5,1/1/2021,0.5,20,10,1,6,0.015,FALSE,150,200,78,rq2_lmic,same_doses
LMIC,1000000,Present,2,Oxford-AstraZeneca,0.8,5,1/1/2021,0.5,20,10,1,6,0.01,FALSE,250,365,79,rq2_lmic,same_doses
LMIC,1000000,Present,2,Oxford-AstraZeneca,0.8,5,1/1/2021,0.5,20,10,1,6,0.01,FALSE,150,200,80,rq2_lmic,same_doses
LMIC,1000000,Present,2,Oxford-AstraZeneca,0.8,9,1/1/2021,0.5,1,10,1,6,0.015,FALSE,250,365,81,rq2_lmic,same_doses
LMIC,1000000,Present,2,Oxford-AstraZeneca,0.8,9,1/1/2021,0.5,1,10,1,6,0.015,FALSE,150,200,82,rq2_lmic,same_doses
LMIC,1000000,Present,2,Oxford-AstraZeneca,0.8,9,1/1/2021,0.5,1,10,1,6,0.01,FALSE,250,365,83,rq2_lmic,same_doses
LMIC,1000000,Present,2,Oxford-AstraZeneca,0.8,9,1/1/2021,0.5,1,10,1,6,0.01,FALSE,150,200,84,rq2_lmic,same_doses
LMIC,1000000,Present,2,Oxford-AstraZeneca,0.8,9,1/1/2021,0.5,2,10,1,6,0.015,FALSE,250,365,85,rq2_lmic,same_doses
LMIC,1000000,Present,2,Oxford-AstraZeneca,0.8,9,1/1/2021,0.5,2,10,1,6,0.015,FALSE,150,200,86,rq2_lmic,same_doses
LMIC,1000000,Present,2,Oxford-AstraZeneca,0.8,9,1/1/2021,0.5,2,10,1,6,0.01,FALSE,250,365,87,rq2_lmic,same_doses
LMIC,1000000,Present,2,Oxford-AstraZeneca,0.8,9,1/1/2021,0.5,2,10,1,6,0.01,FALSE,150,200,88,rq2_lmic,same_doses
LMIC,1000000,Present,2,Oxford-AstraZeneca,0.8,9,1/1/2021,0.5,3,10,1,6,0.015,FALSE,250,365,89,rq2_lmic,same_doses
LMIC,1000000,Present,2,Oxford-AstraZeneca,0.8,9,1/1/2021,0.5,3,10,1,6,0.015,FALSE,150,200,90,rq2_lmic,same_doses
LMIC,1000000,Present,2,Oxford-AstraZeneca,0.8,9,1/1/2021,0.5,3,10,1,6,0.01,FALSE,250,365,91,rq2_lmic,same_doses
LMIC,1000000,Present,2,Oxford-AstraZeneca,0.8,9,1/1/2021,0.5,3,10,1,6,0.01,FALSE,150,200,92,rq2_lmic,same_doses
LMIC,1000000,Present,2,Oxford-AstraZeneca,0.8,9,1/1/2021,0.5,4,10,1,6,0.015,FALSE,250,365,93,rq2_lmic,same_doses
LMIC,1000000,Present,2,Oxford-AstraZeneca,0.8,9,1/1/2021,0.5,4,10,1,6,0.015,FALSE,150,200,94,rq2_lmic,same_doses
LMIC,1000000,Present,2,Oxford-AstraZeneca,0.8,9,1/1/2021,0.5,4,10,1,6,0.01,FALSE,250,365,95,rq2_lmic,same_doses
LMIC,1000000,Present,2,Oxford-AstraZeneca,0.8,9,1/1/2021,0.5,4,10,1,6,0.01,FALSE,150,200,96,rq2_lmic,same_doses
LMIC,1000000,Present,2,Oxford-AstraZeneca,0.8,9,1/1/2021,0.5,5,10,1,6,0.015,FALSE,250,365,97,rq2_lmic,same_doses
LMIC,1000000,Present,2,Oxford-AstraZeneca,0.8,9,1/1/2021,0.5,5,10,1,6,0.015,FALSE,150,200,98,rq2_lmic,same_doses
LMIC,1000000,Present,2,Oxford-AstraZeneca,0.8,9,1/1/2021,0.5,5,10,1,6,0.01,FALSE,250,365,99,rq2_lmic,same_doses
LMIC,1000000,Present,2,Oxford-AstraZeneca,0.8,9,1/1/2021,0.5,5,10,1,6,0.01,FALSE,150,200,100,rq2_lmic,same_doses
LMIC,1000000,Present,2,Oxford-AstraZeneca,0.8,9,1/1/2021,0.5,6,10,1,6,0.015,FALSE,250,365,101,rq2_lmic,same_doses
LMIC,1000000,Present,2,Oxford-AstraZeneca,0.8,9,1/1/2021,0.5,6,10,1,6,0.015,FALSE,150,200,102,rq2_lmic,same_doses
LMIC,1000000,Present,2,Oxford-AstraZeneca,0.8,9,1/1/2021,0.5,6,10,1,6,0.01,FALSE,250,365,103,rq2_lmic,same_doses
LMIC,1000000,Present,2,Oxford-AstraZeneca,0.8,9,1/1/2021,0.5,6,10,1,6,0.01,FALSE,150,200,104,rq2_lmic,same_doses
LMIC,1000000,Present,2,Oxford-AstraZeneca,0.8,9,1/1/2021,0.5,7,10,1,6,0.015,FALSE,250,365,105,rq2_lmic,same_doses
LMIC,1000000,Present,2,Oxford-AstraZeneca,0.8,9,1/1/2021,0.5,7,10,1,6,0.015,FALSE,150,200,106,rq2_lmic,same_doses
LMIC,1000000,Present,2,Oxford-AstraZeneca,0.8,9,1/1/2021,0.5,7,10,1,6,0.01,FALSE,250,365,107,rq2_lmic,same_doses
LMIC,1000000,Present,2,Oxford-AstraZeneca,0.8,9,1/1/2021,0.5,7,10,1,6,0.01,FALSE,150,200,108,rq2_lmic,same_doses
LMIC,1000000,Present,2,Oxford-AstraZeneca,0.8,9,1/1/2021,0.5,8,10,1,6,0.015,FALSE,250,365,109,rq2_lmic,same_doses
LMIC,1000000,Present,2,Oxford-AstraZeneca,0.8,9,1/1/2021,0.5,8,10,1,6,0.015,FALSE,150,200,110,rq2_lmic,same_doses
LMIC,1000000,Present,2,Oxford-AstraZeneca,0.8,9,1/1/2021,0.5,8,10,1,6,0.01,FALSE,250,365,111,rq2_lmic,same_doses
LMIC,1000000,Present,2,Oxford-AstraZeneca,0.8,9,1/1/2021,0.5,8,10,1,6,0.01,FALSE,150,200,112,rq2_lmic,same_doses
LMIC,1000000,Present,2,Oxford-AstraZeneca,0.8,9,1/1/2021,0.5,9,10,1,6,0.015,FALSE,250,365,113,rq2_lmic,same_doses
LMIC,1000000,Present,2,Oxford-AstraZeneca,0.8,9,1/1/2021,0.5,9,10,1,6,0.015,FALSE,150,200,114,rq2_lmic,same_doses
LMIC,1000000,Present,2,Oxford-AstraZeneca,0.8,9,1/1/2021,0.5,9,10,1,6,0.01,FALSE,250,365,115,rq2_lmic,same_doses
LMIC,1000000,Present,2,Oxford-AstraZeneca,0.8,9,1/1/2021,0.5,9,10,1,6,0.01,FALSE,150,200,116,rq2_lmic,same_doses
LMIC,1000000,Present,2,Oxford-AstraZeneca,0.8,9,1/1/2021,0.5,10,10,1,6,0.015,FALSE,250,365,117,rq2_lmic,same_doses
LMIC,1000000,Present,2,Oxford-AstraZeneca,0.8,9,1/1/2021,0.5,10,10,1,6,0.015,FALSE,150,200,118,rq2_lmic,same_doses
LMIC,1000000,Present,2,Oxford-AstraZeneca,0.8,9,1/1/2021,0.5,10,10,1,6,0.01,FALSE,250,365,119,rq2_lmic,same_doses
LMIC,1000000,Present,2,Oxford-AstraZeneca,0.8,9,1/1/2021,0.5,10,10,1,6,0.01,FALSE,150,200,120,rq2_lmic,same_doses
LMIC,1000000,Present,2,Oxford-AstraZeneca,0.8,9,1/1/2021,0.5,11,10,1,6,0.015,FALSE,250,365,121,rq2_lmic,same_doses
LMIC,1000000,Present,2,Oxford-AstraZeneca,0.8,9,1/1/2021,0.5,11,10,1,6,0.015,FALSE,150,200,122,rq2_lmic,same_doses
LMIC,1000000,Present,2,Oxford-AstraZeneca,0.8,9,1/1/2021,0.5,11,10,1,6,0.01,FALSE,250,365,123,rq2_lmic,same_doses
LMIC,1000000,Present,2,Oxford-AstraZeneca,0.8,9,1/1/2021,0.5,11,10,1,6,0.01,FALSE,150,200,124,rq2_lmic,same_doses
LMIC,1000000,Present,2,Oxford-AstraZeneca,0.8,9,1/1/2021,0.5,12,10,1,6,0.015,FALSE,250,365,125,rq2_lmic,same_doses
LMIC,1000000,Present,2,Oxford-AstraZeneca,0.8,9,1/1/2021,0.5,12,10,1,6,0.015,FALSE,150,200,126,rq2_lmic,same_doses
LMIC,1000000,Present,2,Oxford-AstraZeneca,0.8,9,1/1/2021,0.5,12,10,1,6,0.01,FALSE,250,365,127,rq2_lmic,same_doses
LMIC,1000000,Present,2,Oxford-AstraZeneca,0.8,9,1/1/2021,0.5,12,10,1,6,0.01,FALSE,150,200,128,rq2_lmic,same_doses
LMIC,1000000,Present,2,Oxford-AstraZeneca,0.8,9,1/1/2021,0.5,13,10,1,6,0.015,FALSE,250,365,129,rq2_lmic,same_doses
LMIC,1000000,Present,2,Oxford-AstraZeneca,0.8,9,1/1/2021,0.5,13,10,1,6,0.015,FALSE,150,200,130,rq2_lmic,same_doses
LMIC,1000000,Present,2,Oxford-AstraZeneca,0.8,9,1/1/2021,0.5,13,10,1,6,0.01,FALSE,250,365,131,rq2_lmic,same_doses
LMIC,1000000,Present,2,Oxford-AstraZeneca,0.8,9,1/1/2021,0.5,13,10,1,6,0.01,FALSE,150,200,132,rq2_lmic,same_doses
LMIC,1000000,Present,2,Oxford-AstraZeneca,0.8,9,1/1/2021,0.5,14,10,1,6,0.015,FALSE,250,365,133,rq2_lmic,same_doses
LMIC,1000000,Present,2,Oxford-AstraZeneca,0.8,9,1/1/2021,0.5,14,10,1,6,0.015,FALSE,150,200,134,rq2_lmic,same_doses
LMIC,1000000,Present,2,Oxford-AstraZeneca,0.8,9,1/1/2021,0.5,14,10,1,6,0.01,FALSE,250,365,135,rq2_lmic,same_doses
LMIC,1000000,Present,2,Oxford-AstraZeneca,0.8,9,1/1/2021,0.5,14,10,1,6,0.01,FALSE,150,200,136,rq2_lmic,same_doses
LMIC,1000000,Present,2,Oxford-AstraZeneca,0.8,9,1/1/2021,0.5,15,10,1,6,0.015,FALSE,250,365,137,rq2_lmic,same_doses
LMIC,1000000,Present,2,Oxford-AstraZeneca,0.8,9,1/1/2021,0.5,15,10,1,6,0.015,FALSE,150,200,138,rq2_lmic,same_doses
LMIC,1000000,Present,2,Oxford-AstraZeneca,0.8,9,1/1/2021,0.5,15,10,1,6,0.01,FALSE,250,365,139,rq2_lmic,same_doses
LMIC,1000000,Present,2,Oxford-AstraZeneca,0.8,9,1/1/2021,0.5,15,10,1,6,0.01,FALSE,150,200,140,rq2_lmic,same_doses
LMIC,1000000,Present,2,Oxford-AstraZeneca,0.8,9,1/1/2021,0.5,16,10,1,6,0.015,FALSE,250,365,141,rq2_lmic,same_doses
LMIC,1000000,Present,2,Oxford-AstraZeneca,0.8,9,1/1/2021,0.5,16,10,1,6,0.015,FALSE,150,200,142,rq2_lmic,same_doses
LMIC,1000000,Present,2,Oxford-AstraZeneca,0.8,9,1/1/2021,0.5,16,10,1,6,0.01,FALSE,250,365,143,rq2_lmic,same_doses
LMIC,1000000,Present,2,Oxford-AstraZeneca,0.8,9,1/1/2021,0.5,16,10,1,6,0.01,FALSE,150,200,144,rq2_lmic,same_doses
LMIC,1000000,Present,2,Oxford-AstraZeneca,0.8,9,1/1/2021,0.5,17,10,1,6,0.015,FALSE,250,365,145,rq2_lmic,same_doses
LMIC,1000000,Present,2,Oxford-AstraZeneca,0.8,9,1/1/2021,0.5,17,10,1,6,0.015,FALSE,150,200,146,rq2_lmic,same_doses
LMIC,1000000,Present,2,Oxford-AstraZeneca,0.8,9,1/1/2021,0.5,17,10,1,6,0.01,FALSE,250,365,147,rq2_lmic,same_doses
LMIC,1000000,Present,2,Oxford-AstraZeneca,0.8,9,1/1/2021,0.5,17,10,1,6,0.01,FALSE,150,200,148,rq2_lmic,same_doses
LMIC,1000000,Present,2,Oxford-AstraZeneca,0.8,9,1/1/2021,0.5,18,10,1,6,0.015,FALSE,250,365,149,rq2_lmic,same_doses
LMIC,1000000,Present,2,Oxford-AstraZeneca,0.8,9,1/1/2021,0.5,18,10,1,6,0.015,FALSE,150,200,150,rq2_lmic,same_doses
LMIC,1000000,Present,2,Oxford-AstraZeneca,0.8,9,1/1/2021,0.5,18,10,1,6,0.01,FALSE,250,365,151,rq2_lmic,same_doses
LMIC,1000000,Present,2,Oxford-AstraZeneca,0.8,9,1/1/2021,0.5,18,10,1,6,0.01,FALSE,150,200,152,rq2_lmic,same_doses
LMIC,1000000,Present,2,Oxford-AstraZeneca,0.8,9,1/1/2021,0.5,19,10,1,6,0.015,FALSE,250,365,153,rq2_lmic,same_doses
LMIC,1000000,Present,2,Oxford-AstraZeneca,0.8,9,1/1/2021,0.5,19,10,1,6,0.015,FALSE,150,200,154,rq2_lmic,same_doses
LMIC,1000000,Present,2,Oxford-AstraZeneca,0.8,9,1/1/2021,0.5,19,10,1,6,0.01,FALSE,250,365,155,rq2_lmic,same_doses
LMIC,1000000,Present,2,Oxford-AstraZeneca,0.8,9,1/1/2021,0.5,19,10,1,6,0.01,FALSE,150,200,156,rq2_lmic,same_doses
LMIC,1000000,Present,2,Oxford-AstraZeneca,0.8,9,1/1/2021,0.5,20,10,1,6,0.015,FALSE,250,365,157,rq2_lmic,same_doses
LMIC,1000000,Present,2,Oxford-AstraZeneca,0.8,9,1/1/2021,0.5,20,10,1,6,0.015,FALSE,150,200,158,rq2_lmic,same_doses
LMIC,1000000,Present,2,Oxford-AstraZeneca,0.8,9,1/1/2021,0.5,20,10,1,6,0.01,FALSE,250,365,159,rq2_lmic,same_doses
LMIC,1000000,Present,2,Oxford-AstraZeneca,0.8,9,1/1/2021,0.5,20,10,1,6,0.01,FALSE,150,200,160,rq2_lmic,same_doses
LMIC,1000000,Present,3,Oxford-AstraZeneca,0.8,5,1/1/2021,0.5,1,10,1,6,0.015,FALSE,250,365,161,rq2_lmic,same_doses
LMIC,1000000,Present,3,Oxford-AstraZeneca,0.8,5,1/1/2021,0.5,1,10,1,6,0.015,FALSE,150,200,162,rq2_lmic,same_doses
LMIC,1000000,Present,3,Oxford-AstraZeneca,0.8,5,1/1/2021,0.5,1,10,1,6,0.01,FALSE,250,365,163,rq2_lmic,same_doses
LMIC,1000000,Present,3,Oxford-AstraZeneca,0.8,5,1/1/2021,0.5,1,10,1,6,0.01,FALSE,150,200,164,rq2_lmic,same_doses
LMIC,1000000,Present,3,Oxford-AstraZeneca,0.8,5,1/1/2021,0.5,2,10,1,6,0.015,FALSE,250,365,165,rq2_lmic,same_doses
LMIC,1000000,Present,3,Oxford-AstraZeneca,0.8,5,1/1/2021,0.5,2,10,1,6,0.015,FALSE,150,200,166,rq2_lmic,same_doses
LMIC,1000000,Present,3,Oxford-AstraZeneca,0.8,5,1/1/2021,0.5,2,10,1,6,0.01,FALSE,250,365,167,rq2_lmic,same_doses
LMIC,1000000,Present,3,Oxford-AstraZeneca,0.8,5,1/1/2021,0.5,2,10,1,6,0.01,FALSE,150,200,168,rq2_lmic,same_doses
LMIC,1000000,Present,3,Oxford-AstraZeneca,0.8,5,1/1/2021,0.5,3,10,1,6,0.015,FALSE,250,365,169,rq2_lmic,same_doses
LMIC,1000000,Present,3,Oxford-AstraZeneca,0.8,5,1/1/2021,0.5,3,10,1,6,0.015,FALSE,150,200,170,rq2_lmic,same_doses
LMIC,1000000,Present,3,Oxford-AstraZeneca,0.8,5,1/1/2021,0.5,3,10,1,6,0.01,FALSE,250,365,171,rq2_lmic,same_doses
LMIC,1000000,Present,3,Oxford-AstraZeneca,0.8,5,1/1/2021,0.5,3,10,1,6,0.01,FALSE,150,200,172,rq2_lmic,same_doses
LMIC,1000000,Present,3,Oxford-AstraZeneca,0.8,5,1/1/2021,0.5,4,10,1,6,0.015,FALSE,250,365,173,rq2_lmic,same_doses
LMIC,1000000,Present,3,Oxford-AstraZeneca,0.8,5,1/1/2021,0.5,4,10,1,6,0.015,FALSE,150,200,174,rq2_lmic,same_doses
LMIC,1000000,Present,3,Oxford-AstraZeneca,0.8,5,1/1/2021,0.5,4,10,1,6,0.01,FALSE,250,365,175,rq2_lmic,same_doses
LMIC,1000000,Present,3,Oxford-AstraZeneca,0.8,5,1/1/2021,0.5,4,10,1,6,0.01,FALSE,150,200,176,rq2_lmic,same_doses
LMIC,1000000,Present,3,Oxford-AstraZeneca,0.8,5,1/1/2021,0.5,5,10,1,6,0.015,FALSE,250,365,177,rq2_lmic,same_doses
LMIC,1000000,Present,3,Oxford-AstraZeneca,0.8,5,1/1/2021,0.5,5,10,1,6,0.015,FALSE,150,200,178,rq2_lmic,same_doses
LMIC,1000000,Present,3,Oxford-AstraZeneca,0.8,5,1/1/2021,0.5,5,10,1,6,0.01,FALSE,250,365,179,rq2_lmic,same_doses
LMIC,1000000,Present,3,Oxford-AstraZeneca,0.8,5,1/1/2021,0.5,5,10,1,6,0.01,FALSE,150,200,180,rq2_lmic,same_doses
LMIC,1000000,Present,3,Oxford-AstraZeneca,0.8,5,1/1/2021,0.5,6,10,1,6,0.015,FALSE,250,365,181,rq2_lmic,same_doses
LMIC,1000000,Present,3,Oxford-AstraZeneca,0.8,5,1/1/2021,0.5,6,10,1,6,0.015,FALSE,150,200,182,rq2_lmic,same_doses
LMIC,1000000,Present,3,Oxford-AstraZeneca,0.8,5,1/1/2021,0.5,6,10,1,6,0.01,FALSE,250,365,183,rq2_lmic,same_doses
LMIC,1000000,Present,3,Oxford-AstraZeneca,0.8,5,1/1/2021,0.5,6,10,1,6,0.01,FALSE,150,200,184,rq2_lmic,same_doses
LMIC,1000000,Present,3,Oxford-AstraZeneca,0.8,5,1/1/2021,0.5,7,10,1,6,0.015,FALSE,250,365,185,rq2_lmic,same_doses
LMIC,1000000,Present,3,Oxford-AstraZeneca,0.8,5,1/1/2021,0.5,7,10,1,6,0.015,FALSE,150,200,186,rq2_lmic,same_doses
LMIC,1000000,Present,3,Oxford-AstraZeneca,0.8,5,1/1/2021,0.5,7,10,1,6,0.01,FALSE,250,365,187,rq2_lmic,same_doses
LMIC,1000000,Present,3,Oxford-AstraZeneca,0.8,5,1/1/2021,0.5,7,10,1,6,0.01,FALSE,150,200,188,rq2_lmic,same_doses
LMIC,1000000,Present,3,Oxford-AstraZeneca,0.8,5,1/1/2021,0.5,8,10,1,6,0.015,FALSE,250,365,189,rq2_lmic,same_doses
LMIC,1000000,Present,3,Oxford-AstraZeneca,0.8,5,1/1/2021,0.5,8,10,1,6,0.015,FALSE,150,200,190,rq2_lmic,same_doses
LMIC,1000000,Present,3,Oxford-AstraZeneca,0.8,5,1/1/2021,0.5,8,10,1,6,0.01,FALSE,250,365,191,rq2_lmic,same_doses
LMIC,1000000,Present,3,Oxford-AstraZeneca,0.8,5,1/1/2021,0.5,8,10,1,6,0.01,FALSE,150,200,192,rq2_lmic,same_doses
LMIC,1000000,Present,3,Oxford-AstraZeneca,0.8,5,1/1/2021,0.5,9,10,1,6,0.015,FALSE,250,365,193,rq2_lmic,same_doses
LMIC,1000000,Present,3,Oxford-AstraZeneca,0.8,5,1/1/2021,0.5,9,10,1,6,0.015,FALSE,150,200,194,rq2_lmic,same_doses
LMIC,1000000,Present,3,Oxford-AstraZeneca,0.8,5,1/1/2021,0.5,9,10,1,6,0.01,FALSE,250,365,195,rq2_lmic,same_doses
LMIC,1000000,Present,3,Oxford-AstraZeneca,0.8,5,1/1/2021,0.5,9,10,1,6,0.01,FALSE,150,200,196,rq2_lmic,same_doses
LMIC,1000000,Present,3,Oxford-AstraZeneca,0.8,5,1/1/2021,0.5,10,10,1,6,0.015,FALSE,250,365,197,rq2_lmic,same_doses
LMIC,1000000,Present,3,Oxford-AstraZeneca,0.8,5,1/1/2021,0.5,10,10,1,6,0.015,FALSE,150,200,198,rq2_lmic,same_doses
LMIC,1000000,Present,3,Oxford-AstraZeneca,0.8,5,1/1/2021,0.5,10,10,1,6,0.01,FALSE,250,365,199,rq2_lmic,same_doses
LMIC,1000000,Present,3,Oxford-AstraZeneca,0.8,5,1/1/2021,0.5,10,10,1,6,0.01,FALSE,150,200,200,rq2_lmic,same_doses
LMIC,1000000,Present,3,Oxford-AstraZeneca,0.8,5,1/1/2021,0.5,11,10,1,6,0.015,FALSE,250,365,201,rq2_lmic,same_doses
LMIC,1000000,Present,3,Oxford-AstraZeneca,0.8,5,1/1/2021,0.5,11,10,1,6,0.015,FALSE,150,200,202,rq2_lmic,same_doses
LMIC,1000000,Present,3,Oxford-AstraZeneca,0.8,5,1/1/2021,0.5,11,10,1,6,0.01,FALSE,250,365,203,rq2_lmic,same_doses
LMIC,1000000,Present,3,Oxford-AstraZeneca,0.8,5,1/1/2021,0.5,11,10,1,6,0.01,FALSE,150,200,204,rq2_lmic,same_doses
LMIC,1000000,Present,3,Oxford-AstraZeneca,0.8,5,1/1/2021,0.5,12,10,1,6,0.015,FALSE,250,365,205,rq2_lmic,same_doses
LMIC,1000000,Present,3,Oxford-AstraZeneca,0.8,5,1/1/2021,0.5,12,10,1,6,0.015,FALSE,150,200,206,rq2_lmic,same_doses
LMIC,1000000,Present,3,Oxford-AstraZeneca,0.8,5,1/1/2021,0.5,12,10,1,6,0.01,FALSE,250,365,207,rq2_lmic,same_doses
LMIC,1000000,Present,3,Oxford-AstraZeneca,0.8,5,1/1/2021,0.5,12,10,1,6,0.01,FALSE,150,200,208,rq2_lmic,same_doses
LMIC,1000000,Present,3,Oxford-AstraZeneca,0.8,5,1/1/2021,0.5,13,10,1,6,0.015,FALSE,250,365,209,rq2_lmic,same_doses
LMIC,1000000,Present,3,Oxford-AstraZeneca,0.8,5,1/1/2021,0.5,13,10,1,6,0.015,FALSE,150,200,210,rq2_lmic,same_doses
LMIC,1000000,Present,3,Oxford-AstraZeneca,0.8,5,1/1/2021,0.5,13,10,1,6,0.01,FALSE,250,365,211,rq2_lmic,same_doses
LMIC,1000000,Present,3,Oxford-AstraZeneca,0.8,5,1/1/2021,0.5,13,10,1,6,0.01,FALSE,150,200,212,rq2_lmic,same_doses
LMIC,1000000,Present,3,Oxford-AstraZeneca,0.8,5,1/1/2021,0.5,14,10,1,6,0.015,FALSE,250,365,213,rq2_lmic,same_doses
LMIC,1000000,Present,3,Oxford-AstraZeneca,0.8,5,1/1/2021,0.5,14,10,1,6,0.015,FALSE,150,200,214,rq2_lmic,same_doses
LMIC,1000000,Present,3,Oxford-AstraZeneca,0.8,5,1/1/2021,0.5,14,10,1,6,0.01,FALSE,250,365,215,rq2_lmic,same_doses
LMIC,1000000,Present,3,Oxford-AstraZeneca,0.8,5,1/1/2021,0.5,14,10,1,6,0.01,FALSE,150,200,216,rq2_lmic,same_doses
LMIC,1000000,Present,3,Oxford-AstraZeneca,0.8,5,1/1/2021,0.5,15,10,1,6,0.015,FALSE,250,365,217,rq2_lmic,same_doses
LMIC,1000000,Present,3,Oxford-AstraZeneca,0.8,5,1/1/2021,0.5,15,10,1,6,0.015,FALSE,150,200,218,rq2_lmic,same_doses
LMIC,1000000,Present,3,Oxford-AstraZeneca,0.8,5,1/1/2021,0.5,15,10,1,6,0.01,FALSE,250,365,219,rq2_lmic,same_doses
LMIC,1000000,Present,3,Oxford-AstraZeneca,0.8,5,1/1/2021,0.5,15,10,1,6,0.01,FALSE,150,200,220,rq2_lmic,same_doses
LMIC,1000000,Present,3,Oxford-AstraZeneca,0.8,5,1/1/2021,0.5,16,10,1,6,0.015,FALSE,250,365,221,rq2_lmic,same_doses
LMIC,1000000,Present,3,Oxford-AstraZeneca,0.8,5,1/1/2021,0.5,16,10,1,6,0.015,FALSE,150,200,222,rq2_lmic,same_doses
LMIC,1000000,Present,3,Oxford-AstraZeneca,0.8,5,1/1/2021,0.5,16,10,1,6,0.01,FALSE,250,365,223,rq2_lmic,same_doses
LMIC,1000000,Present,3,Oxford-AstraZeneca,0.8,5,1/1/2021,0.5,16,10,1,6,0.01,FALSE,150,200,224,rq2_lmic,same_doses
LMIC,1000000,Present,3,Oxford-AstraZeneca,0.8,5,1/1/2021,0.5,17,10,1,6,0.015,FALSE,250,365,225,rq2_lmic,same_doses
LMIC,1000000,Present,3,Oxford-AstraZeneca,0.8,5,1/1/2021,0.5,17,10,1,6,0.015,FALSE,150,200,226,rq2_lmic,same_doses
LMIC,1000000,Present,3,Oxford-AstraZeneca,0.8,5,1/1/2021,0.5,17,10,1,6,0.01,FALSE,250,365,227,rq2_lmic,same_doses
LMIC,1000000,Present,3,Oxford-AstraZeneca,0.8,5,1/1/2021,0.5,17,10,1,6,0.01,FALSE,150,200,228,rq2_lmic,same_doses
LMIC,1000000,Present,3,Oxford-AstraZeneca,0.8,5,1/1/2021,0.5,18,10,1,6,0.015,FALSE,250,365,229,rq2_lmic,same_doses
LMIC,1000000,Present,3,Oxford-AstraZeneca,0.8,5,1/1/2021,0.5,18,10,1,6,0.015,FALSE,150,200,230,rq2_lmic,same_doses
LMIC,1000000,Present,3,Oxford-AstraZeneca,0.8,5,1/1/2021,0.5,18,10,1,6,0.01,FALSE,250,365,231,rq2_lmic,same_doses
LMIC,1000000,Present,3,Oxford-AstraZeneca,0.8,5,1/1/2021,0.5,18,10,1,6,0.01,FALSE,150,200,232,rq2_lmic,same_doses
LMIC,1000000,Present,3,Oxford-AstraZeneca,0.8,5,1/1/2021,0.5,19,10,1,6,0.015,FALSE,250,365,233,rq2_lmic,same_doses
LMIC,1000000,Present,3,Oxford-AstraZeneca,0.8,5,1/1/2021,0.5,19,10,1,6,0.015,FALSE,150,200,234,rq2_lmic,same_doses
LMIC,1000000,Present,3,Oxford-AstraZeneca,0.8,5,1/1/2021,0.5,19,10,1,6,0.01,FALSE,250,365,235,rq2_lmic,same_doses
LMIC,1000000,Present,3,Oxford-AstraZeneca,0.8,5,1/1/2021,0.5,19,10,1,6,0.01,FALSE,150,200,236,rq2_lmic,same_doses
LMIC,1000000,Present,3,Oxford-AstraZeneca,0.8,5,1/1/2021,0.5,20,10,1,6,0.015,FALSE,250,365,237,rq2_lmic,same_doses
LMIC,1000000,Present,3,Oxford-AstraZeneca,0.8,5,1/1/2021,0.5,20,10,1,6,0.015,FALSE,150,200,238,rq2_lmic,same_doses
LMIC,1000000,Present,3,Oxford-AstraZeneca,0.8,5,1/1/2021,0.5,20,10,1,6,0.01,FALSE,250,365,239,rq2_lmic,same_doses
LMIC,1000000,Present,3,Oxford-AstraZeneca,0.8,5,1/1/2021,0.5,20,10,1,6,0.01,FALSE,150,200,240,rq2_lmic,same_doses
LMIC,1000000,Present,3,Oxford-AstraZeneca,0.8,9,1/1/2021,0.5,1,10,1,6,0.015,FALSE,250,365,241,rq2_lmic,same_doses
LMIC,1000000,Present,3,Oxford-AstraZeneca,0.8,9,1/1/2021,0.5,1,10,1,6,0.015,FALSE,150,200,242,rq2_lmic,same_doses
LMIC,1000000,Present,3,Oxford-AstraZeneca,0.8,9,1/1/2021,0.5,1,10,1,6,0.01,FALSE,250,365,243,rq2_lmic,same_doses
LMIC,1000000,Present,3,Oxford-AstraZeneca,0.8,9,1/1/2021,0.5,1,10,1,6,0.01,FALSE,150,200,244,rq2_lmic,same_doses
LMIC,1000000,Present,3,Oxford-AstraZeneca,0.8,9,1/1/2021,0.5,2,10,1,6,0.015,FALSE,250,365,245,rq2_lmic,same_doses
LMIC,1000000,Present,3,Oxford-AstraZeneca,0.8,9,1/1/2021,0.5,2,10,1,6,0.015,FALSE,150,200,246,rq2_lmic,same_doses
LMIC,1000000,Present,3,Oxford-AstraZeneca,0.8,9,1/1/2021,0.5,2,10,1,6,0.01,FALSE,250,365,247,rq2_lmic,same_doses
LMIC,1000000,Present,3,Oxford-AstraZeneca,0.8,9,1/1/2021,0.5,2,10,1,6,0.01,FALSE,150,200,248,rq2_lmic,same_doses
LMIC,1000000,Present,3,Oxford-AstraZeneca,0.8,9,1/1/2021,0.5,3,10,1,6,0.015,FALSE,250,365,249,rq2_lmic,same_doses
LMIC,1000000,Present,3,Oxford-AstraZeneca,0.8,9,1/1/2021,0.5,3,10,1,6,0.015,FALSE,150,200,250,rq2_lmic,same_doses
LMIC,1000000,Present,3,Oxford-AstraZeneca,0.8,9,1/1/2021,0.5,3,10,1,6,0.01,FALSE,250,365,251,rq2_lmic,same_doses
LMIC,1000000,Present,3,Oxford-AstraZeneca,0.8,9,1/1/2021,0.5,3,10,1,6,0.01,FALSE,150,200,252,rq2_lmic,same_doses
LMIC,1000000,Present,3,Oxford-AstraZeneca,0.8,9,1/1/2021,0.5,4,10,1,6,0.015,FALSE,250,365,253,rq2_lmic,same_doses
LMIC,1000000,Present,3,Oxford-AstraZeneca,0.8,9,1/1/2021,0.5,4,10,1,6,0.015,FALSE,150,200,254,rq2_lmic,same_doses
LMIC,1000000,Present,3,Oxford-AstraZeneca,0.8,9,1/1/2021,0.5,4,10,1,6,0.01,FALSE,250,365,255,rq2_lmic,same_doses
LMIC,1000000,Present,3,Oxford-AstraZeneca,0.8,9,1/1/2021,0.5,4,10,1,6,0.01,FALSE,150,200,256,rq2_lmic,same_doses
LMIC,1000000,Present,3,Oxford-AstraZeneca,0.8,9,1/1/2021,0.5,5,10,1,6,0.015,FALSE,250,365,257,rq2_lmic,same_doses
LMIC,1000000,Present,3,Oxford-AstraZeneca,0.8,9,1/1/2021,0.5,5,10,1,6,0.015,FALSE,150,200,258,rq2_lmic,same_doses
LMIC,1000000,Present,3,Oxford-AstraZeneca,0.8,9,1/1/2021,0.5,5,10,1,6,0.01,FALSE,250,365,259,rq2_lmic,same_doses
LMIC,1000000,Present,3,Oxford-AstraZeneca,0.8,9,1/1/2021,0.5,5,10,1,6,0.01,FALSE,150,200,260,rq2_lmic,same_doses
LMIC,1000000,Present,3,Oxford-AstraZeneca,0.8,9,1/1/2021,0.5,6,10,1,6,0.015,FALSE,250,365,261,rq2_lmic,same_doses
LMIC,1000000,Present,3,Oxford-AstraZeneca,0.8,9,1/1/2021,0.5,6,10,1,6,0.015,FALSE,150,200,262,rq2_lmic,same_doses
LMIC,1000000,Present,3,Oxford-AstraZeneca,0.8,9,1/1/2021,0.5,6,10,1,6,0.01,FALSE,250,365,263,rq2_lmic,same_doses
LMIC,1000000,Present,3,Oxford-AstraZeneca,0.8,9,1/1/2021,0.5,6,10,1,6,0.01,FALSE,150,200,264,rq2_lmic,same_doses
LMIC,1000000,Present,3,Oxford-AstraZeneca,0.8,9,1/1/2021,0.5,7,10,1,6,0.015,FALSE,250,365,265,rq2_lmic,same_doses
LMIC,1000000,Present,3,Oxford-AstraZeneca,0.8,9,1/1/2021,0.5,7,10,1,6,0.015,FALSE,150,200,266,rq2_lmic,same_doses
LMIC,1000000,Present,3,Oxford-AstraZeneca,0.8,9,1/1/2021,0.5,7,10,1,6,0.01,FALSE,250,365,267,rq2_lmic,same_doses
LMIC,1000000,Present,3,Oxford-AstraZeneca,0.8,9,1/1/2021,0.5,7,10,1,6,0.01,FALSE,150,200,268,rq2_lmic,same_doses
LMIC,1000000,Present,3,Oxford-AstraZeneca,0.8,9,1/1/2021,0.5,8,10,1,6,0.015,FALSE,250,365,269,rq2_lmic,same_doses
LMIC,1000000,Present,3,Oxford-AstraZeneca,0.8,9,1/1/2021,0.5,8,10,1,6,0.015,FALSE,150,200,270,rq2_lmic,same_doses
LMIC,1000000,Present,3,Oxford-AstraZeneca,0.8,9,1/1/2021,0.5,8,10,1,6,0.01,FALSE,250,365,271,rq2_lmic,same_doses
LMIC,1000000,Present,3,Oxford-AstraZeneca,0.8,9,1/1/2021,0.5,8,10,1,6,0.01,FALSE,150,200,272,rq2_lmic,same_doses
LMIC,1000000,Present,3,Oxford-AstraZeneca,0.8,9,1/1/2021,0.5,9,10,1,6,0.015,FALSE,250,365,273,rq2_lmic,same_doses
LMIC,1000000,Present,3,Oxford-AstraZeneca,0.8,9,1/1/2021,0.5,9,10,1,6,0.015,FALSE,150,200,274,rq2_lmic,same_doses
LMIC,1000000,Present,3,Oxford-AstraZeneca,0.8,9,1/1/2021,0.5,9,10,1,6,0.01,FALSE,250,365,275,rq2_lmic,same_doses
LMIC,1000000,Present,3,Oxford-AstraZeneca,0.8,9,1/1/2021,0.5,9,10,1,6,0.01,FALSE,150,200,276,rq2_lmic,same_doses
LMIC,1000000,Present,3,Oxford-AstraZeneca,0.8,9,1/1/2021,0.5,10,10,1,6,0.015,FALSE,250,365,277,rq2_lmic,same_doses
LMIC,1000000,Present,3,Oxford-AstraZeneca,0.8,9,1/1/2021,0.5,10,10,1,6,0.015,FALSE,150,200,278,rq2_lmic,same_doses
LMIC,1000000,Present,3,Oxford-AstraZeneca,0.8,9,1/1/2021,0.5,10,10,1,6,0.01,FALSE,250,365,279,rq2_lmic,same_doses
LMIC,1000000,Present,3,Oxford-AstraZeneca,0.8,9,1/1/2021,0.5,10,10,1,6,0.01,FALSE,150,200,280,rq2_lmic,same_doses
LMIC,1000000,Present,3,Oxford-AstraZeneca,0.8,9,1/1/2021,0.5,11,10,1,6,0.015,FALSE,250,365,281,rq2_lmic,same_doses
LMIC,1000000,Present,3,Oxford-AstraZeneca,0.8,9,1/1/2021,0.5,11,10,1,6,0.015,FALSE,150,200,282,rq2_lmic,same_doses
LMIC,1000000,Present,3,Oxford-AstraZeneca,0.8,9,1/1/2021,0.5,11,10,1,6,0.01,FALSE,250,365,283,rq2_lmic,same_doses
LMIC,1000000,Present,3,Oxford-AstraZeneca,0.8,9,1/1/2021,0.5,11,10,1,6,0.01,FALSE,150,200,284,rq2_lmic,same_doses
LMIC,1000000,Present,3,Oxford-AstraZeneca,0.8,9,1/1/2021,0.5,12,10,1,6,0.015,FALSE,250,365,285,rq2_lmic,same_doses
LMIC,1000000,Present,3,Oxford-AstraZeneca,0.8,9,1/1/2021,0.5,12,10,1,6,0.015,FALSE,150,200,286,rq2_lmic,same_doses
LMIC,1000000,Present,3,Oxford-AstraZeneca,0.8,9,1/1/2021,0.5,12,10,1,6,0.01,FALSE,250,365,287,rq2_lmic,same_doses
LMIC,1000000,Present,3,Oxford-AstraZeneca,0.8,9,1/1/2021,0.5,12,10,1,6,0.01,FALSE,150,200,288,rq2_lmic,same_doses
LMIC,1000000,Present,3,Oxford-AstraZeneca,0.8,9,1/1/2021,0.5,13,10,1,6,0.015,FALSE,250,365,289,rq2_lmic,same_doses
LMIC,1000000,Present,3,Oxford-AstraZeneca,0.8,9,1/1/2021,0.5,13,10,1,6,0.015,FALSE,150,200,290,rq2_lmic,same_doses
LMIC,1000000,Present,3,Oxford-AstraZeneca,0.8,9,1/1/2021,0.5,13,10,1,6,0.01,FALSE,250,365,291,rq2_lmic,same_doses
LMIC,1000000,Present,3,Oxford-AstraZeneca,0.8,9,1/1/2021,0.5,13,10,1,6,0.01,FALSE,150,200,292,rq2_lmic,same_doses
LMIC,1000000,Present,3,Oxford-AstraZeneca,0.8,9,1/1/2021,0.5,14,10,1,6,0.015,FALSE,250,365,293,rq2_lmic,same_doses
LMIC,1000000,Present,3,Oxford-AstraZeneca,0.8,9,1/1/2021,0.5,14,10,1,6,0.015,FALSE,150,200,294,rq2_lmic,same_doses
LMIC,1000000,Present,3,Oxford-AstraZeneca,0.8,9,1/1/2021,0.5,14,10,1,6,0.01,FALSE,250,365,295,rq2_lmic,same_doses
LMIC,1000000,Present,3,Oxford-AstraZeneca,0.8,9,1/1/2021,0.5,14,10,1,6,0.01,FALSE,150,200,296,rq2_lmic,same_doses
LMIC,1000000,Present,3,Oxford-AstraZeneca,0.8,9,1/1/2021,0.5,15,10,1,6,0.015,FALSE,250,365,297,rq2_lmic,same_doses
LMIC,1000000,Present,3,Oxford-AstraZeneca,0.8,9,1/1/2021,0.5,15,10,1,6,0.015,FALSE,150,200,298,rq2_lmic,same_doses
LMIC,1000000,Present,3,Oxford-AstraZeneca,0.8,9,1/1/2021,0.5,15,10,1,6,0.01,FALSE,250,365,299,rq2_lmic,same_doses
LMIC,1000000,Present,3,Oxford-AstraZeneca,0.8,9,1/1/2021,0.5,15,10,1,6,0.01,FALSE,150,200,300,rq2_lmic,same_doses
LMIC,1000000,Present,3,Oxford-AstraZeneca,0.8,9,1/1/2021,0.5,16,10,1,6,0.015,FALSE,250,365,301,rq2_lmic,same_doses
LMIC,1000000,Present,3,Oxford-AstraZeneca,0.8,9,1/1/2021,0.5,16,10,1,6,0.015,FALSE,150,200,302,rq2_lmic,same_doses
LMIC,1000000,Present,3,Oxford-AstraZeneca,0.8,9,1/1/2021,0.5,16,10,1,6,0.01,FALSE,250,365,303,rq2_lmic,same_doses
LMIC,1000000,Present,3,Oxford-AstraZeneca,0.8,9,1/1/2021,0.5,16,10,1,6,0.01,FALSE,150,200,304,rq2_lmic,same_doses
LMIC,1000000,Present,3,Oxford-AstraZeneca,0.8,9,1/1/2021,0.5,17,10,1,6,0.015,FALSE,250,365,305,rq2_lmic,same_doses
LMIC,1000000,Present,3,Oxford-AstraZeneca,0.8,9,1/1/2021,0.5,17,10,1,6,0.015,FALSE,150,200,306,rq2_lmic,same_doses
LMIC,1000000,Present,3,Oxford-AstraZeneca,0.8,9,1/1/2021,0.5,17,10,1,6,0.01,FALSE,250,365,307,rq2_lmic,same_doses
LMIC,1000000,Present,3,Oxford-AstraZeneca,0.8,9,1/1/2021,0.5,17,10,1,6,0.01,FALSE,150,200,308,rq2_lmic,same_doses
LMIC,1000000,Present,3,Oxford-AstraZeneca,0.8,9,1/1/2021,0.5,18,10,1,6,0.015,FALSE,250,365,309,rq2_lmic,same_doses
LMIC,1000000,Present,3,Oxford-AstraZeneca,0.8,9,1/1/2021,0.5,18,10,1,6,0.015,FALSE,150,200,310,rq2_lmic,same_doses
LMIC,1000000,Present,3,Oxford-AstraZeneca,0.8,9,1/1/2021,0.5,18,10,1,6,0.01,FALSE,250,365,311,rq2_lmic,same_doses
LMIC,1000000,Present,3,Oxford-AstraZeneca,0.8,9,1/1/2021,0.5,18,10,1,6,0.01,FALSE,150,200,312,rq2_lmic,same_doses
LMIC,1000000,Present,3,Oxford-AstraZeneca,0.8,9,1/1/2021,0.5,19,10,1,6,0.015,FALSE,250,365,313,rq2_lmic,same_doses
LMIC,1000000,Present,3,Oxford-AstraZeneca,0.8,9,1/1/2021,0.5,19,10,1,6,0.015,FALSE,150,200,314,rq2_lmic,same_doses
LMIC,1000000,Present,3,Oxford-AstraZeneca,0.8,9,1/1/2021,0.5,19,10,1,6,0.01,FALSE,250,365,315,rq2_lmic,same_doses
LMIC,1000000,Present,3,Oxford-AstraZeneca,0.8,9,1/1/2021,0.5,19,10,1,6,0.01,FALSE,150,200,316,rq2_lmic,same_doses
LMIC,1000000,Present,3,Oxford-AstraZeneca,0.8,9,1/1/2021,0.5,20,10,1,6,0.015,FALSE,250,365,317,rq2_lmic,same_doses
LMIC,1000000,Present,3,Oxford-AstraZeneca,0.8,9,1/1/2021,0.5,20,10,1,6,0.015,FALSE,150,200,318,rq2_lmic,same_doses
LMIC,1000000,Present,3,Oxford-AstraZeneca,0.8,9,1/1/2021,0.5,20,10,1,6,0.01,FALSE,250,365,319,rq2_lmic,same_doses
LMIC,1000000,Present,3,Oxford-AstraZeneca,0.8,9,1/1/2021,0.5,20,10,1,6,0.01,FALSE,150,200,320,rq2_lmic,same_doses
