income_group,target_pop,hs_constraints,vaccine_doses,vaccine,max_coverage,age_groups_covered,vacc_start,dt,repetition,seeding_cases,variant_fold_reduction,dose_3_fold_increase,vacc_per_week,ab_model_infection,period_s,t_period_l,dur_R,scenario,name,strategy
LMIC,1000000,Present,2,Oxford-AstraZeneca,0.8,5,1/1/2021,0.5,1,10,1,6,0.015,FALSE,250,365,730,1,rq2_lmic_dur_R,same_doses
LMIC,1000000,Present,2,Oxford-AstraZeneca,0.8,5,1/1/2021,0.5,1,10,1,6,0.015,FALSE,150,200,730,2,rq2_lmic_dur_R,same_doses
LMIC,1000000,Present,2,Oxford-AstraZeneca,0.8,5,1/1/2021,0.5,1,10,1,6,0.01,FALSE,250,365,730,3,rq2_lmic_dur_R,same_doses
LMIC,1000000,Present,2,Oxford-AstraZeneca,0.8,5,1/1/2021,0.5,1,10,1,6,0.01,FALSE,150,200,730,4,rq2_lmic_dur_R,same_doses
LMIC,1000000,Present,2,Oxford-AstraZeneca,0.8,5,1/1/2021,0.5,2,10,1,6,0.015,FALSE,250,365,730,5,rq2_lmic_dur_R,same_doses
LMIC,1000000,Present,2,Oxford-AstraZeneca,0.8,5,1/1/2021,0.5,2,10,1,6,0.015,FALSE,150,200,730,6,rq2_lmic_dur_R,same_doses
LMIC,1000000,Present,2,Oxford-AstraZeneca,0.8,5,1/1/2021,0.5,2,10,1,6,0.01,FALSE,250,365,730,7,rq2_lmic_dur_R,same_doses
LMIC,1000000,Present,2,Oxford-AstraZeneca,0.8,5,1/1/2021,0.5,2,10,1,6,0.01,FALSE,150,200,730,8,rq2_lmic_dur_R,same_doses
LMIC,1000000,Present,2,Oxford-AstraZeneca,0.8,5,1/1/2021,0.5,3,10,1,6,0.015,FALSE,250,365,730,9,rq2_lmic_dur_R,same_doses
LMIC,1000000,Present,2,Oxford-AstraZeneca,0.8,5,1/1/2021,0.5,3,10,1,6,0.015,FALSE,150,200,730,10,rq2_lmic_dur_R,same_doses
LMIC,1000000,Present,2,Oxford-AstraZeneca,0.8,5,1/1/2021,0.5,3,10,1,6,0.01,FALSE,250,365,730,11,rq2_lmic_dur_R,same_doses
LMIC,1000000,Present,2,Oxford-AstraZeneca,0.8,5,1/1/2021,0.5,3,10,1,6,0.01,FALSE,150,200,730,12,rq2_lmic_dur_R,same_doses
LMIC,1000000,Present,2,Oxford-AstraZeneca,0.8,5,1/1/2021,0.5,4,10,1,6,0.015,FALSE,250,365,730,13,rq2_lmic_dur_R,same_doses
LMIC,1000000,Present,2,Oxford-AstraZeneca,0.8,5,1/1/2021,0.5,4,10,1,6,0.015,FALSE,150,200,730,14,rq2_lmic_dur_R,same_doses
LMIC,1000000,Present,2,Oxford-AstraZeneca,0.8,5,1/1/2021,0.5,4,10,1,6,0.01,FALSE,250,365,730,15,rq2_lmic_dur_R,same_doses
LMIC,1000000,Present,2,Oxford-AstraZeneca,0.8,5,1/1/2021,0.5,4,10,1,6,0.01,FALSE,150,200,730,16,rq2_lmic_dur_R,same_doses
LMIC,1000000,Present,2,Oxford-AstraZeneca,0.8,5,1/1/2021,0.5,5,10,1,6,0.015,FALSE,250,365,730,17,rq2_lmic_dur_R,same_doses
LMIC,1000000,Present,2,Oxford-AstraZeneca,0.8,5,1/1/2021,0.5,5,10,1,6,0.015,FALSE,150,200,730,18,rq2_lmic_dur_R,same_doses
LMIC,1000000,Present,2,Oxford-AstraZeneca,0.8,5,1/1/2021,0.5,5,10,1,6,0.01,FALSE,250,365,730,19,rq2_lmic_dur_R,same_doses
LMIC,1000000,Present,2,Oxford-AstraZeneca,0.8,5,1/1/2021,0.5,5,10,1,6,0.01,FALSE,150,200,730,20,rq2_lmic_dur_R,same_doses
LMIC,1000000,Present,2,Oxford-AstraZeneca,0.8,5,1/1/2021,0.5,6,10,1,6,0.015,FALSE,250,365,730,21,rq2_lmic_dur_R,same_doses
LMIC,1000000,Present,2,Oxford-AstraZeneca,0.8,5,1/1/2021,0.5,6,10,1,6,0.015,FALSE,150,200,730,22,rq2_lmic_dur_R,same_doses
LMIC,1000000,Present,2,Oxford-AstraZeneca,0.8,5,1/1/2021,0.5,6,10,1,6,0.01,FALSE,250,365,730,23,rq2_lmic_dur_R,same_doses
LMIC,1000000,Present,2,Oxford-AstraZeneca,0.8,5,1/1/2021,0.5,6,10,1,6,0.01,FALSE,150,200,730,24,rq2_lmic_dur_R,same_doses
LMIC,1000000,Present,2,Oxford-AstraZeneca,0.8,5,1/1/2021,0.5,7,10,1,6,0.015,FALSE,250,365,730,25,rq2_lmic_dur_R,same_doses
LMIC,1000000,Present,2,Oxford-AstraZeneca,0.8,5,1/1/2021,0.5,7,10,1,6,0.015,FALSE,150,200,730,26,rq2_lmic_dur_R,same_doses
LMIC,1000000,Present,2,Oxford-AstraZeneca,0.8,5,1/1/2021,0.5,7,10,1,6,0.01,FALSE,250,365,730,27,rq2_lmic_dur_R,same_doses
LMIC,1000000,Present,2,Oxford-AstraZeneca,0.8,5,1/1/2021,0.5,7,10,1,6,0.01,FALSE,150,200,730,28,rq2_lmic_dur_R,same_doses
LMIC,1000000,Present,2,Oxford-AstraZeneca,0.8,5,1/1/2021,0.5,8,10,1,6,0.015,FALSE,250,365,730,29,rq2_lmic_dur_R,same_doses
LMIC,1000000,Present,2,Oxford-AstraZeneca,0.8,5,1/1/2021,0.5,8,10,1,6,0.015,FALSE,150,200,730,30,rq2_lmic_dur_R,same_doses
LMIC,1000000,Present,2,Oxford-AstraZeneca,0.8,5,1/1/2021,0.5,8,10,1,6,0.01,FALSE,250,365,730,31,rq2_lmic_dur_R,same_doses
LMIC,1000000,Present,2,Oxford-AstraZeneca,0.8,5,1/1/2021,0.5,8,10,1,6,0.01,FALSE,150,200,730,32,rq2_lmic_dur_R,same_doses
LMIC,1000000,Present,2,Oxford-AstraZeneca,0.8,5,1/1/2021,0.5,9,10,1,6,0.015,FALSE,250,365,730,33,rq2_lmic_dur_R,same_doses
LMIC,1000000,Present,2,Oxford-AstraZeneca,0.8,5,1/1/2021,0.5,9,10,1,6,0.015,FALSE,150,200,730,34,rq2_lmic_dur_R,same_doses
LMIC,1000000,Present,2,Oxford-AstraZeneca,0.8,5,1/1/2021,0.5,9,10,1,6,0.01,FALSE,250,365,730,35,rq2_lmic_dur_R,same_doses
LMIC,1000000,Present,2,Oxford-AstraZeneca,0.8,5,1/1/2021,0.5,9,10,1,6,0.01,FALSE,150,200,730,36,rq2_lmic_dur_R,same_doses
LMIC,1000000,Present,2,Oxford-AstraZeneca,0.8,5,1/1/2021,0.5,10,10,1,6,0.015,FALSE,250,365,730,37,rq2_lmic_dur_R,same_doses
LMIC,1000000,Present,2,Oxford-AstraZeneca,0.8,5,1/1/2021,0.5,10,10,1,6,0.015,FALSE,150,200,730,38,rq2_lmic_dur_R,same_doses
LMIC,1000000,Present,2,Oxford-AstraZeneca,0.8,5,1/1/2021,0.5,10,10,1,6,0.01,FALSE,250,365,730,39,rq2_lmic_dur_R,same_doses
LMIC,1000000,Present,2,Oxford-AstraZeneca,0.8,5,1/1/2021,0.5,10,10,1,6,0.01,FALSE,150,200,730,40,rq2_lmic_dur_R,same_doses
LMIC,1000000,Present,2,Oxford-AstraZeneca,0.8,5,1/1/2021,0.5,11,10,1,6,0.015,FALSE,250,365,730,41,rq2_lmic_dur_R,same_doses
LMIC,1000000,Present,2,Oxford-AstraZeneca,0.8,5,1/1/2021,0.5,11,10,1,6,0.015,FALSE,150,200,730,42,rq2_lmic_dur_R,same_doses
LMIC,1000000,Present,2,Oxford-AstraZeneca,0.8,5,1/1/2021,0.5,11,10,1,6,0.01,FALSE,250,365,730,43,rq2_lmic_dur_R,same_doses
LMIC,1000000,Present,2,Oxford-AstraZeneca,0.8,5,1/1/2021,0.5,11,10,1,6,0.01,FALSE,150,200,730,44,rq2_lmic_dur_R,same_doses
LMIC,1000000,Present,2,Oxford-AstraZeneca,0.8,5,1/1/2021,0.5,12,10,1,6,0.015,FALSE,250,365,730,45,rq2_lmic_dur_R,same_doses
LMIC,1000000,Present,2,Oxford-AstraZeneca,0.8,5,1/1/2021,0.5,12,10,1,6,0.015,FALSE,150,200,730,46,rq2_lmic_dur_R,same_doses
LMIC,1000000,Present,2,Oxford-AstraZeneca,0.8,5,1/1/2021,0.5,12,10,1,6,0.01,FALSE,250,365,730,47,rq2_lmic_dur_R,same_doses
LMIC,1000000,Present,2,Oxford-AstraZeneca,0.8,5,1/1/2021,0.5,12,10,1,6,0.01,FALSE,150,200,730,48,rq2_lmic_dur_R,same_doses
LMIC,1000000,Present,2,Oxford-AstraZeneca,0.8,5,1/1/2021,0.5,13,10,1,6,0.015,FALSE,250,365,730,49,rq2_lmic_dur_R,same_doses
LMIC,1000000,Present,2,Oxford-AstraZeneca,0.8,5,1/1/2021,0.5,13,10,1,6,0.015,FALSE,150,200,730,50,rq2_lmic_dur_R,same_doses
LMIC,1000000,Present,2,Oxford-AstraZeneca,0.8,5,1/1/2021,0.5,13,10,1,6,0.01,FALSE,250,365,730,51,rq2_lmic_dur_R,same_doses
LMIC,1000000,Present,2,Oxford-AstraZeneca,0.8,5,1/1/2021,0.5,13,10,1,6,0.01,FALSE,150,200,730,52,rq2_lmic_dur_R,same_doses
LMIC,1000000,Present,2,Oxford-AstraZeneca,0.8,5,1/1/2021,0.5,14,10,1,6,0.015,FALSE,250,365,730,53,rq2_lmic_dur_R,same_doses
LMIC,1000000,Present,2,Oxford-AstraZeneca,0.8,5,1/1/2021,0.5,14,10,1,6,0.015,FALSE,150,200,730,54,rq2_lmic_dur_R,same_doses
LMIC,1000000,Present,2,Oxford-AstraZeneca,0.8,5,1/1/2021,0.5,14,10,1,6,0.01,FALSE,250,365,730,55,rq2_lmic_dur_R,same_doses
LMIC,1000000,Present,2,Oxford-AstraZeneca,0.8,5,1/1/2021,0.5,14,10,1,6,0.01,FALSE,150,200,730,56,rq2_lmic_dur_R,same_doses
LMIC,1000000,Present,2,Oxford-AstraZeneca,0.8,5,1/1/2021,0.5,15,10,1,6,0.015,FALSE,250,365,730,57,rq2_lmic_dur_R,same_doses
LMIC,1000000,Present,2,Oxford-AstraZeneca,0.8,5,1/1/2021,0.5,15,10,1,6,0.015,FALSE,150,200,730,58,rq2_lmic_dur_R,same_doses
LMIC,1000000,Present,2,Oxford-AstraZeneca,0.8,5,1/1/2021,0.5,15,10,1,6,0.01,FALSE,250,365,730,59,rq2_lmic_dur_R,same_doses
LMIC,1000000,Present,2,Oxford-AstraZeneca,0.8,5,1/1/2021,0.5,15,10,1,6,0.01,FALSE,150,200,730,60,rq2_lmic_dur_R,same_doses
LMIC,1000000,Present,2,Oxford-AstraZeneca,0.8,5,1/1/2021,0.5,16,10,1,6,0.015,FALSE,250,365,730,61,rq2_lmic_dur_R,same_doses
LMIC,1000000,Present,2,Oxford-AstraZeneca,0.8,5,1/1/2021,0.5,16,10,1,6,0.015,FALSE,150,200,730,62,rq2_lmic_dur_R,same_doses
LMIC,1000000,Present,2,Oxford-AstraZeneca,0.8,5,1/1/2021,0.5,16,10,1,6,0.01,FALSE,250,365,730,63,rq2_lmic_dur_R,same_doses
LMIC,1000000,Present,2,Oxford-AstraZeneca,0.8,5,1/1/2021,0.5,16,10,1,6,0.01,FALSE,150,200,730,64,rq2_lmic_dur_R,same_doses
LMIC,1000000,Present,2,Oxford-AstraZeneca,0.8,5,1/1/2021,0.5,17,10,1,6,0.015,FALSE,250,365,730,65,rq2_lmic_dur_R,same_doses
LMIC,1000000,Present,2,Oxford-AstraZeneca,0.8,5,1/1/2021,0.5,17,10,1,6,0.015,FALSE,150,200,730,66,rq2_lmic_dur_R,same_doses
LMIC,1000000,Present,2,Oxford-AstraZeneca,0.8,5,1/1/2021,0.5,17,10,1,6,0.01,FALSE,250,365,730,67,rq2_lmic_dur_R,same_doses
LMIC,1000000,Present,2,Oxford-AstraZeneca,0.8,5,1/1/2021,0.5,17,10,1,6,0.01,FALSE,150,200,730,68,rq2_lmic_dur_R,same_doses
LMIC,1000000,Present,2,Oxford-AstraZeneca,0.8,5,1/1/2021,0.5,18,10,1,6,0.015,FALSE,250,365,730,69,rq2_lmic_dur_R,same_doses
LMIC,1000000,Present,2,Oxford-AstraZeneca,0.8,5,1/1/2021,0.5,18,10,1,6,0.015,FALSE,150,200,730,70,rq2_lmic_dur_R,same_doses
LMIC,1000000,Present,2,Oxford-AstraZeneca,0.8,5,1/1/2021,0.5,18,10,1,6,0.01,FALSE,250,365,730,71,rq2_lmic_dur_R,same_doses
LMIC,1000000,Present,2,Oxford-AstraZeneca,0.8,5,1/1/2021,0.5,18,10,1,6,0.01,FALSE,150,200,730,72,rq2_lmic_dur_R,same_doses
LMIC,1000000,Present,2,Oxford-AstraZeneca,0.8,5,1/1/2021,0.5,19,10,1,6,0.015,FALSE,250,365,730,73,rq2_lmic_dur_R,same_doses
LMIC,1000000,Present,2,Oxford-AstraZeneca,0.8,5,1/1/2021,0.5,19,10,1,6,0.015,FALSE,150,200,730,74,rq2_lmic_dur_R,same_doses
LMIC,1000000,Present,2,Oxford-AstraZeneca,0.8,5,1/1/2021,0.5,19,10,1,6,0.01,FALSE,250,365,730,75,rq2_lmic_dur_R,same_doses
LMIC,1000000,Present,2,Oxford-AstraZeneca,0.8,5,1/1/2021,0.5,19,10,1,6,0.01,FALSE,150,200,730,76,rq2_lmic_dur_R,same_doses
LMIC,1000000,Present,2,Oxford-AstraZeneca,0.8,5,1/1/2021,0.5,20,10,1,6,0.015,FALSE,250,365,730,77,rq2_lmic_dur_R,same_doses
LMIC,1000000,Present,2,Oxford-AstraZeneca,0.8,5,1/1/2021,0.5,20,10,1,6,0.015,FALSE,150,200,730,78,rq2_lmic_dur_R,same_doses
LMIC,1000000,Present,2,Oxford-AstraZeneca,0.8,5,1/1/2021,0.5,20,10,1,6,0.01,FALSE,250,365,730,79,rq2_lmic_dur_R,same_doses
LMIC,1000000,Present,2,Oxford-AstraZeneca,0.8,5,1/1/2021,0.5,20,10,1,6,0.01,FALSE,150,200,730,80,rq2_lmic_dur_R,same_doses
LMIC,1000000,Present,2,Oxford-AstraZeneca,0.8,9,1/1/2021,0.5,1,10,1,6,0.015,FALSE,250,365,730,81,rq2_lmic_dur_R,same_doses
LMIC,1000000,Present,2,Oxford-AstraZeneca,0.8,9,1/1/2021,0.5,1,10,1,6,0.015,FALSE,150,200,730,82,rq2_lmic_dur_R,same_doses
LMIC,1000000,Present,2,Oxford-AstraZeneca,0.8,9,1/1/2021,0.5,1,10,1,6,0.01,FALSE,250,365,730,83,rq2_lmic_dur_R,same_doses
LMIC,1000000,Present,2,Oxford-AstraZeneca,0.8,9,1/1/2021,0.5,1,10,1,6,0.01,FALSE,150,200,730,84,rq2_lmic_dur_R,same_doses
LMIC,1000000,Present,2,Oxford-AstraZeneca,0.8,9,1/1/2021,0.5,2,10,1,6,0.015,FALSE,250,365,730,85,rq2_lmic_dur_R,same_doses
LMIC,1000000,Present,2,Oxford-AstraZeneca,0.8,9,1/1/2021,0.5,2,10,1,6,0.015,FALSE,150,200,730,86,rq2_lmic_dur_R,same_doses
LMIC,1000000,Present,2,Oxford-AstraZeneca,0.8,9,1/1/2021,0.5,2,10,1,6,0.01,FALSE,250,365,730,87,rq2_lmic_dur_R,same_doses
LMIC,1000000,Present,2,Oxford-AstraZeneca,0.8,9,1/1/2021,0.5,2,10,1,6,0.01,FALSE,150,200,730,88,rq2_lmic_dur_R,same_doses
LMIC,1000000,Present,2,Oxford-AstraZeneca,0.8,9,1/1/2021,0.5,3,10,1,6,0.015,FALSE,250,365,730,89,rq2_lmic_dur_R,same_doses
LMIC,1000000,Present,2,Oxford-AstraZeneca,0.8,9,1/1/2021,0.5,3,10,1,6,0.015,FALSE,150,200,730,90,rq2_lmic_dur_R,same_doses
LMIC,1000000,Present,2,Oxford-AstraZeneca,0.8,9,1/1/2021,0.5,3,10,1,6,0.01,FALSE,250,365,730,91,rq2_lmic_dur_R,same_doses
LMIC,1000000,Present,2,Oxford-AstraZeneca,0.8,9,1/1/2021,0.5,3,10,1,6,0.01,FALSE,150,200,730,92,rq2_lmic_dur_R,same_doses
LMIC,1000000,Present,2,Oxford-AstraZeneca,0.8,9,1/1/2021,0.5,4,10,1,6,0.015,FALSE,250,365,730,93,rq2_lmic_dur_R,same_doses
LMIC,1000000,Present,2,Oxford-AstraZeneca,0.8,9,1/1/2021,0.5,4,10,1,6,0.015,FALSE,150,200,730,94,rq2_lmic_dur_R,same_doses
LMIC,1000000,Present,2,Oxford-AstraZeneca,0.8,9,1/1/2021,0.5,4,10,1,6,0.01,FALSE,250,365,730,95,rq2_lmic_dur_R,same_doses
LMIC,1000000,Present,2,Oxford-AstraZeneca,0.8,9,1/1/2021,0.5,4,10,1,6,0.01,FALSE,150,200,730,96,rq2_lmic_dur_R,same_doses
LMIC,1000000,Present,2,Oxford-AstraZeneca,0.8,9,1/1/2021,0.5,5,10,1,6,0.015,FALSE,250,365,730,97,rq2_lmic_dur_R,same_doses
LMIC,1000000,Present,2,Oxford-AstraZeneca,0.8,9,1/1/2021,0.5,5,10,1,6,0.015,FALSE,150,200,730,98,rq2_lmic_dur_R,same_doses
LMIC,1000000,Present,2,Oxford-AstraZeneca,0.8,9,1/1/2021,0.5,5,10,1,6,0.01,FALSE,250,365,730,99,rq2_lmic_dur_R,same_doses
LMIC,1000000,Present,2,Oxford-AstraZeneca,0.8,9,1/1/2021,0.5,5,10,1,6,0.01,FALSE,150,200,730,100,rq2_lmic_dur_R,same_doses
LMIC,1000000,Present,2,Oxford-AstraZeneca,0.8,9,1/1/2021,0.5,6,10,1,6,0.015,FALSE,250,365,730,101,rq2_lmic_dur_R,same_doses
LMIC,1000000,Present,2,Oxford-AstraZeneca,0.8,9,1/1/2021,0.5,6,10,1,6,0.015,FALSE,150,200,730,102,rq2_lmic_dur_R,same_doses
LMIC,1000000,Present,2,Oxford-AstraZeneca,0.8,9,1/1/2021,0.5,6,10,1,6,0.01,FALSE,250,365,730,103,rq2_lmic_dur_R,same_doses
LMIC,1000000,Present,2,Oxford-AstraZeneca,0.8,9,1/1/2021,0.5,6,10,1,6,0.01,FALSE,150,200,730,104,rq2_lmic_dur_R,same_doses
LMIC,1000000,Present,2,Oxford-AstraZeneca,0.8,9,1/1/2021,0.5,7,10,1,6,0.015,FALSE,250,365,730,105,rq2_lmic_dur_R,same_doses
LMIC,1000000,Present,2,Oxford-AstraZeneca,0.8,9,1/1/2021,0.5,7,10,1,6,0.015,FALSE,150,200,730,106,rq2_lmic_dur_R,same_doses
LMIC,1000000,Present,2,Oxford-AstraZeneca,0.8,9,1/1/2021,0.5,7,10,1,6,0.01,FALSE,250,365,730,107,rq2_lmic_dur_R,same_doses
LMIC,1000000,Present,2,Oxford-AstraZeneca,0.8,9,1/1/2021,0.5,7,10,1,6,0.01,FALSE,150,200,730,108,rq2_lmic_dur_R,same_doses
LMIC,1000000,Present,2,Oxford-AstraZeneca,0.8,9,1/1/2021,0.5,8,10,1,6,0.015,FALSE,250,365,730,109,rq2_lmic_dur_R,same_doses
LMIC,1000000,Present,2,Oxford-AstraZeneca,0.8,9,1/1/2021,0.5,8,10,1,6,0.015,FALSE,150,200,730,110,rq2_lmic_dur_R,same_doses
LMIC,1000000,Present,2,Oxford-AstraZeneca,0.8,9,1/1/2021,0.5,8,10,1,6,0.01,FALSE,250,365,730,111,rq2_lmic_dur_R,same_doses
LMIC,1000000,Present,2,Oxford-AstraZeneca,0.8,9,1/1/2021,0.5,8,10,1,6,0.01,FALSE,150,200,730,112,rq2_lmic_dur_R,same_doses
LMIC,1000000,Present,2,Oxford-AstraZeneca,0.8,9,1/1/2021,0.5,9,10,1,6,0.015,FALSE,250,365,730,113,rq2_lmic_dur_R,same_doses
LMIC,1000000,Present,2,Oxford-AstraZeneca,0.8,9,1/1/2021,0.5,9,10,1,6,0.015,FALSE,150,200,730,114,rq2_lmic_dur_R,same_doses
LMIC,1000000,Present,2,Oxford-AstraZeneca,0.8,9,1/1/2021,0.5,9,10,1,6,0.01,FALSE,250,365,730,115,rq2_lmic_dur_R,same_doses
LMIC,1000000,Present,2,Oxford-AstraZeneca,0.8,9,1/1/2021,0.5,9,10,1,6,0.01,FALSE,150,200,730,116,rq2_lmic_dur_R,same_doses
LMIC,1000000,Present,2,Oxford-AstraZeneca,0.8,9,1/1/2021,0.5,10,10,1,6,0.015,FALSE,250,365,730,117,rq2_lmic_dur_R,same_doses
LMIC,1000000,Present,2,Oxford-AstraZeneca,0.8,9,1/1/2021,0.5,10,10,1,6,0.015,FALSE,150,200,730,118,rq2_lmic_dur_R,same_doses
LMIC,1000000,Present,2,Oxford-AstraZeneca,0.8,9,1/1/2021,0.5,10,10,1,6,0.01,FALSE,250,365,730,119,rq2_lmic_dur_R,same_doses
LMIC,1000000,Present,2,Oxford-AstraZeneca,0.8,9,1/1/2021,0.5,10,10,1,6,0.01,FALSE,150,200,730,120,rq2_lmic_dur_R,same_doses
LMIC,1000000,Present,2,Oxford-AstraZeneca,0.8,9,1/1/2021,0.5,11,10,1,6,0.015,FALSE,250,365,730,121,rq2_lmic_dur_R,same_doses
LMIC,1000000,Present,2,Oxford-AstraZeneca,0.8,9,1/1/2021,0.5,11,10,1,6,0.015,FALSE,150,200,730,122,rq2_lmic_dur_R,same_doses
LMIC,1000000,Present,2,Oxford-AstraZeneca,0.8,9,1/1/2021,0.5,11,10,1,6,0.01,FALSE,250,365,730,123,rq2_lmic_dur_R,same_doses
LMIC,1000000,Present,2,Oxford-AstraZeneca,0.8,9,1/1/2021,0.5,11,10,1,6,0.01,FALSE,150,200,730,124,rq2_lmic_dur_R,same_doses
LMIC,1000000,Present,2,Oxford-AstraZeneca,0.8,9,1/1/2021,0.5,12,10,1,6,0.015,FALSE,250,365,730,125,rq2_lmic_dur_R,same_doses
LMIC,1000000,Present,2,Oxford-AstraZeneca,0.8,9,1/1/2021,0.5,12,10,1,6,0.015,FALSE,150,200,730,126,rq2_lmic_dur_R,same_doses
LMIC,1000000,Present,2,Oxford-AstraZeneca,0.8,9,1/1/2021,0.5,12,10,1,6,0.01,FALSE,250,365,730,127,rq2_lmic_dur_R,same_doses
LMIC,1000000,Present,2,Oxford-AstraZeneca,0.8,9,1/1/2021,0.5,12,10,1,6,0.01,FALSE,150,200,730,128,rq2_lmic_dur_R,same_doses
LMIC,1000000,Present,2,Oxford-AstraZeneca,0.8,9,1/1/2021,0.5,13,10,1,6,0.015,FALSE,250,365,730,129,rq2_lmic_dur_R,same_doses
LMIC,1000000,Present,2,Oxford-AstraZeneca,0.8,9,1/1/2021,0.5,13,10,1,6,0.015,FALSE,150,200,730,130,rq2_lmic_dur_R,same_doses
LMIC,1000000,Present,2,Oxford-AstraZeneca,0.8,9,1/1/2021,0.5,13,10,1,6,0.01,FALSE,250,365,730,131,rq2_lmic_dur_R,same_doses
LMIC,1000000,Present,2,Oxford-AstraZeneca,0.8,9,1/1/2021,0.5,13,10,1,6,0.01,FALSE,150,200,730,132,rq2_lmic_dur_R,same_doses
LMIC,1000000,Present,2,Oxford-AstraZeneca,0.8,9,1/1/2021,0.5,14,10,1,6,0.015,FALSE,250,365,730,133,rq2_lmic_dur_R,same_doses
LMIC,1000000,Present,2,Oxford-AstraZeneca,0.8,9,1/1/2021,0.5,14,10,1,6,0.015,FALSE,150,200,730,134,rq2_lmic_dur_R,same_doses
LMIC,1000000,Present,2,Oxford-AstraZeneca,0.8,9,1/1/2021,0.5,14,10,1,6,0.01,FALSE,250,365,730,135,rq2_lmic_dur_R,same_doses
LMIC,1000000,Present,2,Oxford-AstraZeneca,0.8,9,1/1/2021,0.5,14,10,1,6,0.01,FALSE,150,200,730,136,rq2_lmic_dur_R,same_doses
LMIC,1000000,Present,2,Oxford-AstraZeneca,0.8,9,1/1/2021,0.5,15,10,1,6,0.015,FALSE,250,365,730,137,rq2_lmic_dur_R,same_doses
LMIC,1000000,Present,2,Oxford-AstraZeneca,0.8,9,1/1/2021,0.5,15,10,1,6,0.015,FALSE,150,200,730,138,rq2_lmic_dur_R,same_doses
LMIC,1000000,Present,2,Oxford-AstraZeneca,0.8,9,1/1/2021,0.5,15,10,1,6,0.01,FALSE,250,365,730,139,rq2_lmic_dur_R,same_doses
LMIC,1000000,Present,2,Oxford-AstraZeneca,0.8,9,1/1/2021,0.5,15,10,1,6,0.01,FALSE,150,200,730,140,rq2_lmic_dur_R,same_doses
LMIC,1000000,Present,2,Oxford-AstraZeneca,0.8,9,1/1/2021,0.5,16,10,1,6,0.015,FALSE,250,365,730,141,rq2_lmic_dur_R,same_doses
LMIC,1000000,Present,2,Oxford-AstraZeneca,0.8,9,1/1/2021,0.5,16,10,1,6,0.015,FALSE,150,200,730,142,rq2_lmic_dur_R,same_doses
LMIC,1000000,Present,2,Oxford-AstraZeneca,0.8,9,1/1/2021,0.5,16,10,1,6,0.01,FALSE,250,365,730,143,rq2_lmic_dur_R,same_doses
LMIC,1000000,Present,2,Oxford-AstraZeneca,0.8,9,1/1/2021,0.5,16,10,1,6,0.01,FALSE,150,200,730,144,rq2_lmic_dur_R,same_doses
LMIC,1000000,Present,2,Oxford-AstraZeneca,0.8,9,1/1/2021,0.5,17,10,1,6,0.015,FALSE,250,365,730,145,rq2_lmic_dur_R,same_doses
LMIC,1000000,Present,2,Oxford-AstraZeneca,0.8,9,1/1/2021,0.5,17,10,1,6,0.015,FALSE,150,200,730,146,rq2_lmic_dur_R,same_doses
LMIC,1000000,Present,2,Oxford-AstraZeneca,0.8,9,1/1/2021,0.5,17,10,1,6,0.01,FALSE,250,365,730,147,rq2_lmic_dur_R,same_doses
LMIC,1000000,Present,2,Oxford-AstraZeneca,0.8,9,1/1/2021,0.5,17,10,1,6,0.01,FALSE,150,200,730,148,rq2_lmic_dur_R,same_doses
LMIC,1000000,Present,2,Oxford-AstraZeneca,0.8,9,1/1/2021,0.5,18,10,1,6,0.015,FALSE,250,365,730,149,rq2_lmic_dur_R,same_doses
LMIC,1000000,Present,2,Oxford-AstraZeneca,0.8,9,1/1/2021,0.5,18,10,1,6,0.015,FALSE,150,200,730,150,rq2_lmic_dur_R,same_doses
LMIC,1000000,Present,2,Oxford-AstraZeneca,0.8,9,1/1/2021,0.5,18,10,1,6,0.01,FALSE,250,365,730,151,rq2_lmic_dur_R,same_doses
LMIC,1000000,Present,2,Oxford-AstraZeneca,0.8,9,1/1/2021,0.5,18,10,1,6,0.01,FALSE,150,200,730,152,rq2_lmic_dur_R,same_doses
LMIC,1000000,Present,2,Oxford-AstraZeneca,0.8,9,1/1/2021,0.5,19,10,1,6,0.015,FALSE,250,365,730,153,rq2_lmic_dur_R,same_doses
LMIC,1000000,Present,2,Oxford-AstraZeneca,0.8,9,1/1/2021,0.5,19,10,1,6,0.015,FALSE,150,200,730,154,rq2_lmic_dur_R,same_doses
LMIC,1000000,Present,2,Oxford-AstraZeneca,0.8,9,1/1/2021,0.5,19,10,1,6,0.01,FALSE,250,365,730,155,rq2_lmic_dur_R,same_doses
LMIC,1000000,Present,2,Oxford-AstraZeneca,0.8,9,1/1/2021,0.5,19,10,1,6,0.01,FALSE,150,200,730,156,rq2_lmic_dur_R,same_doses
LMIC,1000000,Present,2,Oxford-AstraZeneca,0.8,9,1/1/2021,0.5,20,10,1,6,0.015,FALSE,250,365,730,157,rq2_lmic_dur_R,same_doses
LMIC,1000000,Present,2,Oxford-AstraZeneca,0.8,9,1/1/2021,0.5,20,10,1,6,0.015,FALSE,150,200,730,158,rq2_lmic_dur_R,same_doses
LMIC,1000000,Present,2,Oxford-AstraZeneca,0.8,9,1/1/2021,0.5,20,10,1,6,0.01,FALSE,250,365,730,159,rq2_lmic_dur_R,same_doses
LMIC,1000000,Present,2,Oxford-AstraZeneca,0.8,9,1/1/2021,0.5,20,10,1,6,0.01,FALSE,150,200,730,160,rq2_lmic_dur_R,same_doses
LMIC,1000000,Present,3,Oxford-AstraZeneca,0.8,5,1/1/2021,0.5,1,10,1,6,0.015,FALSE,250,365,730,161,rq2_lmic_dur_R,same_doses
LMIC,1000000,Present,3,Oxford-AstraZeneca,0.8,5,1/1/2021,0.5,1,10,1,6,0.015,FALSE,150,200,730,162,rq2_lmic_dur_R,same_doses
LMIC,1000000,Present,3,Oxford-AstraZeneca,0.8,5,1/1/2021,0.5,1,10,1,6,0.01,FALSE,250,365,730,163,rq2_lmic_dur_R,same_doses
LMIC,1000000,Present,3,Oxford-AstraZeneca,0.8,5,1/1/2021,0.5,1,10,1,6,0.01,FALSE,150,200,730,164,rq2_lmic_dur_R,same_doses
LMIC,1000000,Present,3,Oxford-AstraZeneca,0.8,5,1/1/2021,0.5,2,10,1,6,0.015,FALSE,250,365,730,165,rq2_lmic_dur_R,same_doses
LMIC,1000000,Present,3,Oxford-AstraZeneca,0.8,5,1/1/2021,0.5,2,10,1,6,0.015,FALSE,150,200,730,166,rq2_lmic_dur_R,same_doses
LMIC,1000000,Present,3,Oxford-AstraZeneca,0.8,5,1/1/2021,0.5,2,10,1,6,0.01,FALSE,250,365,730,167,rq2_lmic_dur_R,same_doses
LMIC,1000000,Present,3,Oxford-AstraZeneca,0.8,5,1/1/2021,0.5,2,10,1,6,0.01,FALSE,150,200,730,168,rq2_lmic_dur_R,same_doses
LMIC,1000000,Present,3,Oxford-AstraZeneca,0.8,5,1/1/2021,0.5,3,10,1,6,0.015,FALSE,250,365,730,169,rq2_lmic_dur_R,same_doses
LMIC,1000000,Present,3,Oxford-AstraZeneca,0.8,5,1/1/2021,0.5,3,10,1,6,0.015,FALSE,150,200,730,170,rq2_lmic_dur_R,same_doses
LMIC,1000000,Present,3,Oxford-AstraZeneca,0.8,5,1/1/2021,0.5,3,10,1,6,0.01,FALSE,250,365,730,171,rq2_lmic_dur_R,same_doses
LMIC,1000000,Present,3,Oxford-AstraZeneca,0.8,5,1/1/2021,0.5,3,10,1,6,0.01,FALSE,150,200,730,172,rq2_lmic_dur_R,same_doses
LMIC,1000000,Present,3,Oxford-AstraZeneca,0.8,5,1/1/2021,0.5,4,10,1,6,0.015,FALSE,250,365,730,173,rq2_lmic_dur_R,same_doses
LMIC,1000000,Present,3,Oxford-AstraZeneca,0.8,5,1/1/2021,0.5,4,10,1,6,0.015,FALSE,150,200,730,174,rq2_lmic_dur_R,same_doses
LMIC,1000000,Present,3,Oxford-AstraZeneca,0.8,5,1/1/2021,0.5,4,10,1,6,0.01,FALSE,250,365,730,175,rq2_lmic_dur_R,same_doses
LMIC,1000000,Present,3,Oxford-AstraZeneca,0.8,5,1/1/2021,0.5,4,10,1,6,0.01,FALSE,150,200,730,176,rq2_lmic_dur_R,same_doses
LMIC,1000000,Present,3,Oxford-AstraZeneca,0.8,5,1/1/2021,0.5,5,10,1,6,0.015,FALSE,250,365,730,177,rq2_lmic_dur_R,same_doses
LMIC,1000000,Present,3,Oxford-AstraZeneca,0.8,5,1/1/2021,0.5,5,10,1,6,0.015,FALSE,150,200,730,178,rq2_lmic_dur_R,same_doses
LMIC,1000000,Present,3,Oxford-AstraZeneca,0.8,5,1/1/2021,0.5,5,10,1,6,0.01,FALSE,250,365,730,179,rq2_lmic_dur_R,same_doses
LMIC,1000000,Present,3,Oxford-AstraZeneca,0.8,5,1/1/2021,0.5,5,10,1,6,0.01,FALSE,150,200,730,180,rq2_lmic_dur_R,same_doses
LMIC,1000000,Present,3,Oxford-AstraZeneca,0.8,5,1/1/2021,0.5,6,10,1,6,0.015,FALSE,250,365,730,181,rq2_lmic_dur_R,same_doses
LMIC,1000000,Present,3,Oxford-AstraZeneca,0.8,5,1/1/2021,0.5,6,10,1,6,0.015,FALSE,150,200,730,182,rq2_lmic_dur_R,same_doses
LMIC,1000000,Present,3,Oxford-AstraZeneca,0.8,5,1/1/2021,0.5,6,10,1,6,0.01,FALSE,250,365,730,183,rq2_lmic_dur_R,same_doses
LMIC,1000000,Present,3,Oxford-AstraZeneca,0.8,5,1/1/2021,0.5,6,10,1,6,0.01,FALSE,150,200,730,184,rq2_lmic_dur_R,same_doses
LMIC,1000000,Present,3,Oxford-AstraZeneca,0.8,5,1/1/2021,0.5,7,10,1,6,0.015,FALSE,250,365,730,185,rq2_lmic_dur_R,same_doses
LMIC,1000000,Present,3,Oxford-AstraZeneca,0.8,5,1/1/2021,0.5,7,10,1,6,0.015,FALSE,150,200,730,186,rq2_lmic_dur_R,same_doses
LMIC,1000000,Present,3,Oxford-AstraZeneca,0.8,5,1/1/2021,0.5,7,10,1,6,0.01,FALSE,250,365,730,187,rq2_lmic_dur_R,same_doses
LMIC,1000000,Present,3,Oxford-AstraZeneca,0.8,5,1/1/2021,0.5,7,10,1,6,0.01,FALSE,150,200,730,188,rq2_lmic_dur_R,same_doses
LMIC,1000000,Present,3,Oxford-AstraZeneca,0.8,5,1/1/2021,0.5,8,10,1,6,0.015,FALSE,250,365,730,189,rq2_lmic_dur_R,same_doses
LMIC,1000000,Present,3,Oxford-AstraZeneca,0.8,5,1/1/2021,0.5,8,10,1,6,0.015,FALSE,150,200,730,190,rq2_lmic_dur_R,same_doses
LMIC,1000000,Present,3,Oxford-AstraZeneca,0.8,5,1/1/2021,0.5,8,10,1,6,0.01,FALSE,250,365,730,191,rq2_lmic_dur_R,same_doses
LMIC,1000000,Present,3,Oxford-AstraZeneca,0.8,5,1/1/2021,0.5,8,10,1,6,0.01,FALSE,150,200,730,192,rq2_lmic_dur_R,same_doses
LMIC,1000000,Present,3,Oxford-AstraZeneca,0.8,5,1/1/2021,0.5,9,10,1,6,0.015,FALSE,250,365,730,193,rq2_lmic_dur_R,same_doses
LMIC,1000000,Present,3,Oxford-AstraZeneca,0.8,5,1/1/2021,0.5,9,10,1,6,0.015,FALSE,150,200,730,194,rq2_lmic_dur_R,same_doses
LMIC,1000000,Present,3,Oxford-AstraZeneca,0.8,5,1/1/2021,0.5,9,10,1,6,0.01,FALSE,250,365,730,195,rq2_lmic_dur_R,same_doses
LMIC,1000000,Present,3,Oxford-AstraZeneca,0.8,5,1/1/2021,0.5,9,10,1,6,0.01,FALSE,150,200,730,196,rq2_lmic_dur_R,same_doses
LMIC,1000000,Present,3,Oxford-AstraZeneca,0.8,5,1/1/2021,0.5,10,10,1,6,0.015,FALSE,250,365,730,197,rq2_lmic_dur_R,same_doses
LMIC,1000000,Present,3,Oxford-AstraZeneca,0.8,5,1/1/2021,0.5,10,10,1,6,0.015,FALSE,150,200,730,198,rq2_lmic_dur_R,same_doses
LMIC,1000000,Present,3,Oxford-AstraZeneca,0.8,5,1/1/2021,0.5,10,10,1,6,0.01,FALSE,250,365,730,199,rq2_lmic_dur_R,same_doses
LMIC,1000000,Present,3,Oxford-AstraZeneca,0.8,5,1/1/2021,0.5,10,10,1,6,0.01,FALSE,150,200,730,200,rq2_lmic_dur_R,same_doses
LMIC,1000000,Present,3,Oxford-AstraZeneca,0.8,5,1/1/2021,0.5,11,10,1,6,0.015,FALSE,250,365,730,201,rq2_lmic_dur_R,same_doses
LMIC,1000000,Present,3,Oxford-AstraZeneca,0.8,5,1/1/2021,0.5,11,10,1,6,0.015,FALSE,150,200,730,202,rq2_lmic_dur_R,same_doses
LMIC,1000000,Present,3,Oxford-AstraZeneca,0.8,5,1/1/2021,0.5,11,10,1,6,0.01,FALSE,250,365,730,203,rq2_lmic_dur_R,same_doses
LMIC,1000000,Present,3,Oxford-AstraZeneca,0.8,5,1/1/2021,0.5,11,10,1,6,0.01,FALSE,150,200,730,204,rq2_lmic_dur_R,same_doses
LMIC,1000000,Present,3,Oxford-AstraZeneca,0.8,5,1/1/2021,0.5,12,10,1,6,0.015,FALSE,250,365,730,205,rq2_lmic_dur_R,same_doses
LMIC,1000000,Present,3,Oxford-AstraZeneca,0.8,5,1/1/2021,0.5,12,10,1,6,0.015,FALSE,150,200,730,206,rq2_lmic_dur_R,same_doses
LMIC,1000000,Present,3,Oxford-AstraZeneca,0.8,5,1/1/2021,0.5,12,10,1,6,0.01,FALSE,250,365,730,207,rq2_lmic_dur_R,same_doses
LMIC,1000000,Present,3,Oxford-AstraZeneca,0.8,5,1/1/2021,0.5,12,10,1,6,0.01,FALSE,150,200,730,208,rq2_lmic_dur_R,same_doses
LMIC,1000000,Present,3,Oxford-AstraZeneca,0.8,5,1/1/2021,0.5,13,10,1,6,0.015,FALSE,250,365,730,209,rq2_lmic_dur_R,same_doses
LMIC,1000000,Present,3,Oxford-AstraZeneca,0.8,5,1/1/2021,0.5,13,10,1,6,0.015,FALSE,150,200,730,210,rq2_lmic_dur_R,same_doses
LMIC,1000000,Present,3,Oxford-AstraZeneca,0.8,5,1/1/2021,0.5,13,10,1,6,0.01,FALSE,250,365,730,211,rq2_lmic_dur_R,same_doses
LMIC,1000000,Present,3,Oxford-AstraZeneca,0.8,5,1/1/2021,0.5,13,10,1,6,0.01,FALSE,150,200,730,212,rq2_lmic_dur_R,same_doses
LMIC,1000000,Present,3,Oxford-AstraZeneca,0.8,5,1/1/2021,0.5,14,10,1,6,0.015,FALSE,250,365,730,213,rq2_lmic_dur_R,same_doses
LMIC,1000000,Present,3,Oxford-AstraZeneca,0.8,5,1/1/2021,0.5,14,10,1,6,0.015,FALSE,150,200,730,214,rq2_lmic_dur_R,same_doses
LMIC,1000000,Present,3,Oxford-AstraZeneca,0.8,5,1/1/2021,0.5,14,10,1,6,0.01,FALSE,250,365,730,215,rq2_lmic_dur_R,same_doses
LMIC,1000000,Present,3,Oxford-AstraZeneca,0.8,5,1/1/2021,0.5,14,10,1,6,0.01,FALSE,150,200,730,216,rq2_lmic_dur_R,same_doses
LMIC,1000000,Present,3,Oxford-AstraZeneca,0.8,5,1/1/2021,0.5,15,10,1,6,0.015,FALSE,250,365,730,217,rq2_lmic_dur_R,same_doses
LMIC,1000000,Present,3,Oxford-AstraZeneca,0.8,5,1/1/2021,0.5,15,10,1,6,0.015,FALSE,150,200,730,218,rq2_lmic_dur_R,same_doses
LMIC,1000000,Present,3,Oxford-AstraZeneca,0.8,5,1/1/2021,0.5,15,10,1,6,0.01,FALSE,250,365,730,219,rq2_lmic_dur_R,same_doses
LMIC,1000000,Present,3,Oxford-AstraZeneca,0.8,5,1/1/2021,0.5,15,10,1,6,0.01,FALSE,150,200,730,220,rq2_lmic_dur_R,same_doses
LMIC,1000000,Present,3,Oxford-AstraZeneca,0.8,5,1/1/2021,0.5,16,10,1,6,0.015,FALSE,250,365,730,221,rq2_lmic_dur_R,same_doses
LMIC,1000000,Present,3,Oxford-AstraZeneca,0.8,5,1/1/2021,0.5,16,10,1,6,0.015,FALSE,150,200,730,222,rq2_lmic_dur_R,same_doses
LMIC,1000000,Present,3,Oxford-AstraZeneca,0.8,5,1/1/2021,0.5,16,10,1,6,0.01,FALSE,250,365,730,223,rq2_lmic_dur_R,same_doses
LMIC,1000000,Present,3,Oxford-AstraZeneca,0.8,5,1/1/2021,0.5,16,10,1,6,0.01,FALSE,150,200,730,224,rq2_lmic_dur_R,same_doses
LMIC,1000000,Present,3,Oxford-AstraZeneca,0.8,5,1/1/2021,0.5,17,10,1,6,0.015,FALSE,250,365,730,225,rq2_lmic_dur_R,same_doses
LMIC,1000000,Present,3,Oxford-AstraZeneca,0.8,5,1/1/2021,0.5,17,10,1,6,0.015,FALSE,150,200,730,226,rq2_lmic_dur_R,same_doses
LMIC,1000000,Present,3,Oxford-AstraZeneca,0.8,5,1/1/2021,0.5,17,10,1,6,0.01,FALSE,250,365,730,227,rq2_lmic_dur_R,same_doses
LMIC,1000000,Present,3,Oxford-AstraZeneca,0.8,5,1/1/2021,0.5,17,10,1,6,0.01,FALSE,150,200,730,228,rq2_lmic_dur_R,same_doses
LMIC,1000000,Present,3,Oxford-AstraZeneca,0.8,5,1/1/2021,0.5,18,10,1,6,0.015,FALSE,250,365,730,229,rq2_lmic_dur_R,same_doses
LMIC,1000000,Present,3,Oxford-AstraZeneca,0.8,5,1/1/2021,0.5,18,10,1,6,0.015,FALSE,150,200,730,230,rq2_lmic_dur_R,same_doses
LMIC,1000000,Present,3,Oxford-AstraZeneca,0.8,5,1/1/2021,0.5,18,10,1,6,0.01,FALSE,250,365,730,231,rq2_lmic_dur_R,same_doses
LMIC,1000000,Present,3,Oxford-AstraZeneca,0.8,5,1/1/2021,0.5,18,10,1,6,0.01,FALSE,150,200,730,232,rq2_lmic_dur_R,same_doses
LMIC,1000000,Present,3,Oxford-AstraZeneca,0.8,5,1/1/2021,0.5,19,10,1,6,0.015,FALSE,250,365,730,233,rq2_lmic_dur_R,same_doses
LMIC,1000000,Present,3,Oxford-AstraZeneca,0.8,5,1/1/2021,0.5,19,10,1,6,0.015,FALSE,150,200,730,234,rq2_lmic_dur_R,same_doses
LMIC,1000000,Present,3,Oxford-AstraZeneca,0.8,5,1/1/2021,0.5,19,10,1,6,0.01,FALSE,250,365,730,235,rq2_lmic_dur_R,same_doses
LMIC,1000000,Present,3,Oxford-AstraZeneca,0.8,5,1/1/2021,0.5,19,10,1,6,0.01,FALSE,150,200,730,236,rq2_lmic_dur_R,same_doses
LMIC,1000000,Present,3,Oxford-AstraZeneca,0.8,5,1/1/2021,0.5,20,10,1,6,0.015,FALSE,250,365,730,237,rq2_lmic_dur_R,same_doses
LMIC,1000000,Present,3,Oxford-AstraZeneca,0.8,5,1/1/2021,0.5,20,10,1,6,0.015,FALSE,150,200,730,238,rq2_lmic_dur_R,same_doses
LMIC,1000000,Present,3,Oxford-AstraZeneca,0.8,5,1/1/2021,0.5,20,10,1,6,0.01,FALSE,250,365,730,239,rq2_lmic_dur_R,same_doses
LMIC,1000000,Present,3,Oxford-AstraZeneca,0.8,5,1/1/2021,0.5,20,10,1,6,0.01,FALSE,150,200,730,240,rq2_lmic_dur_R,same_doses
LMIC,1000000,Present,3,Oxford-AstraZeneca,0.8,9,1/1/2021,0.5,1,10,1,6,0.015,FALSE,250,365,730,241,rq2_lmic_dur_R,same_doses
LMIC,1000000,Present,3,Oxford-AstraZeneca,0.8,9,1/1/2021,0.5,1,10,1,6,0.015,FALSE,150,200,730,242,rq2_lmic_dur_R,same_doses
LMIC,1000000,Present,3,Oxford-AstraZeneca,0.8,9,1/1/2021,0.5,1,10,1,6,0.01,FALSE,250,365,730,243,rq2_lmic_dur_R,same_doses
LMIC,1000000,Present,3,Oxford-AstraZeneca,0.8,9,1/1/2021,0.5,1,10,1,6,0.01,FALSE,150,200,730,244,rq2_lmic_dur_R,same_doses
LMIC,1000000,Present,3,Oxford-AstraZeneca,0.8,9,1/1/2021,0.5,2,10,1,6,0.015,FALSE,250,365,730,245,rq2_lmic_dur_R,same_doses
LMIC,1000000,Present,3,Oxford-AstraZeneca,0.8,9,1/1/2021,0.5,2,10,1,6,0.015,FALSE,150,200,730,246,rq2_lmic_dur_R,same_doses
LMIC,1000000,Present,3,Oxford-AstraZeneca,0.8,9,1/1/2021,0.5,2,10,1,6,0.01,FALSE,250,365,730,247,rq2_lmic_dur_R,same_doses
LMIC,1000000,Present,3,Oxford-AstraZeneca,0.8,9,1/1/2021,0.5,2,10,1,6,0.01,FALSE,150,200,730,248,rq2_lmic_dur_R,same_doses
LMIC,1000000,Present,3,Oxford-AstraZeneca,0.8,9,1/1/2021,0.5,3,10,1,6,0.015,FALSE,250,365,730,249,rq2_lmic_dur_R,same_doses
LMIC,1000000,Present,3,Oxford-AstraZeneca,0.8,9,1/1/2021,0.5,3,10,1,6,0.015,FALSE,150,200,730,250,rq2_lmic_dur_R,same_doses
LMIC,1000000,Present,3,Oxford-AstraZeneca,0.8,9,1/1/2021,0.5,3,10,1,6,0.01,FALSE,250,365,730,251,rq2_lmic_dur_R,same_doses
LMIC,1000000,Present,3,Oxford-AstraZeneca,0.8,9,1/1/2021,0.5,3,10,1,6,0.01,FALSE,150,200,730,252,rq2_lmic_dur_R,same_doses
LMIC,1000000,Present,3,Oxford-AstraZeneca,0.8,9,1/1/2021,0.5,4,10,1,6,0.015,FALSE,250,365,730,253,rq2_lmic_dur_R,same_doses
LMIC,1000000,Present,3,Oxford-AstraZeneca,0.8,9,1/1/2021,0.5,4,10,1,6,0.015,FALSE,150,200,730,254,rq2_lmic_dur_R,same_doses
LMIC,1000000,Present,3,Oxford-AstraZeneca,0.8,9,1/1/2021,0.5,4,10,1,6,0.01,FALSE,250,365,730,255,rq2_lmic_dur_R,same_doses
LMIC,1000000,Present,3,Oxford-AstraZeneca,0.8,9,1/1/2021,0.5,4,10,1,6,0.01,FALSE,150,200,730,256,rq2_lmic_dur_R,same_doses
LMIC,1000000,Present,3,Oxford-AstraZeneca,0.8,9,1/1/2021,0.5,5,10,1,6,0.015,FALSE,250,365,730,257,rq2_lmic_dur_R,same_doses
LMIC,1000000,Present,3,Oxford-AstraZeneca,0.8,9,1/1/2021,0.5,5,10,1,6,0.015,FALSE,150,200,730,258,rq2_lmic_dur_R,same_doses
LMIC,1000000,Present,3,Oxford-AstraZeneca,0.8,9,1/1/2021,0.5,5,10,1,6,0.01,FALSE,250,365,730,259,rq2_lmic_dur_R,same_doses
LMIC,1000000,Present,3,Oxford-AstraZeneca,0.8,9,1/1/2021,0.5,5,10,1,6,0.01,FALSE,150,200,730,260,rq2_lmic_dur_R,same_doses
LMIC,1000000,Present,3,Oxford-AstraZeneca,0.8,9,1/1/2021,0.5,6,10,1,6,0.015,FALSE,250,365,730,261,rq2_lmic_dur_R,same_doses
LMIC,1000000,Present,3,Oxford-AstraZeneca,0.8,9,1/1/2021,0.5,6,10,1,6,0.015,FALSE,150,200,730,262,rq2_lmic_dur_R,same_doses
LMIC,1000000,Present,3,Oxford-AstraZeneca,0.8,9,1/1/2021,0.5,6,10,1,6,0.01,FALSE,250,365,730,263,rq2_lmic_dur_R,same_doses
LMIC,1000000,Present,3,Oxford-AstraZeneca,0.8,9,1/1/2021,0.5,6,10,1,6,0.01,FALSE,150,200,730,264,rq2_lmic_dur_R,same_doses
LMIC,1000000,Present,3,Oxford-AstraZeneca,0.8,9,1/1/2021,0.5,7,10,1,6,0.015,FALSE,250,365,730,265,rq2_lmic_dur_R,same_doses
LMIC,1000000,Present,3,Oxford-AstraZeneca,0.8,9,1/1/2021,0.5,7,10,1,6,0.015,FALSE,150,200,730,266,rq2_lmic_dur_R,same_doses
LMIC,1000000,Present,3,Oxford-AstraZeneca,0.8,9,1/1/2021,0.5,7,10,1,6,0.01,FALSE,250,365,730,267,rq2_lmic_dur_R,same_doses
LMIC,1000000,Present,3,Oxford-AstraZeneca,0.8,9,1/1/2021,0.5,7,10,1,6,0.01,FALSE,150,200,730,268,rq2_lmic_dur_R,same_doses
LMIC,1000000,Present,3,Oxford-AstraZeneca,0.8,9,1/1/2021,0.5,8,10,1,6,0.015,FALSE,250,365,730,269,rq2_lmic_dur_R,same_doses
LMIC,1000000,Present,3,Oxford-AstraZeneca,0.8,9,1/1/2021,0.5,8,10,1,6,0.015,FALSE,150,200,730,270,rq2_lmic_dur_R,same_doses
LMIC,1000000,Present,3,Oxford-AstraZeneca,0.8,9,1/1/2021,0.5,8,10,1,6,0.01,FALSE,250,365,730,271,rq2_lmic_dur_R,same_doses
LMIC,1000000,Present,3,Oxford-AstraZeneca,0.8,9,1/1/2021,0.5,8,10,1,6,0.01,FALSE,150,200,730,272,rq2_lmic_dur_R,same_doses
LMIC,1000000,Present,3,Oxford-AstraZeneca,0.8,9,1/1/2021,0.5,9,10,1,6,0.015,FALSE,250,365,730,273,rq2_lmic_dur_R,same_doses
LMIC,1000000,Present,3,Oxford-AstraZeneca,0.8,9,1/1/2021,0.5,9,10,1,6,0.015,FALSE,150,200,730,274,rq2_lmic_dur_R,same_doses
LMIC,1000000,Present,3,Oxford-AstraZeneca,0.8,9,1/1/2021,0.5,9,10,1,6,0.01,FALSE,250,365,730,275,rq2_lmic_dur_R,same_doses
LMIC,1000000,Present,3,Oxford-AstraZeneca,0.8,9,1/1/2021,0.5,9,10,1,6,0.01,FALSE,150,200,730,276,rq2_lmic_dur_R,same_doses
LMIC,1000000,Present,3,Oxford-AstraZeneca,0.8,9,1/1/2021,0.5,10,10,1,6,0.015,FALSE,250,365,730,277,rq2_lmic_dur_R,same_doses
LMIC,1000000,Present,3,Oxford-AstraZeneca,0.8,9,1/1/2021,0.5,10,10,1,6,0.015,FALSE,150,200,730,278,rq2_lmic_dur_R,same_doses
LMIC,1000000,Present,3,Oxford-AstraZeneca,0.8,9,1/1/2021,0.5,10,10,1,6,0.01,FALSE,250,365,730,279,rq2_lmic_dur_R,same_doses
LMIC,1000000,Present,3,Oxford-AstraZeneca,0.8,9,1/1/2021,0.5,10,10,1,6,0.01,FALSE,150,200,730,280,rq2_lmic_dur_R,same_doses
LMIC,1000000,Present,3,Oxford-AstraZeneca,0.8,9,1/1/2021,0.5,11,10,1,6,0.015,FALSE,250,365,730,281,rq2_lmic_dur_R,same_doses
LMIC,1000000,Present,3,Oxford-AstraZeneca,0.8,9,1/1/2021,0.5,11,10,1,6,0.015,FALSE,150,200,730,282,rq2_lmic_dur_R,same_doses
LMIC,1000000,Present,3,Oxford-AstraZeneca,0.8,9,1/1/2021,0.5,11,10,1,6,0.01,FALSE,250,365,730,283,rq2_lmic_dur_R,same_doses
LMIC,1000000,Present,3,Oxford-AstraZeneca,0.8,9,1/1/2021,0.5,11,10,1,6,0.01,FALSE,150,200,730,284,rq2_lmic_dur_R,same_doses
LMIC,1000000,Present,3,Oxford-AstraZeneca,0.8,9,1/1/2021,0.5,12,10,1,6,0.015,FALSE,250,365,730,285,rq2_lmic_dur_R,same_doses
LMIC,1000000,Present,3,Oxford-AstraZeneca,0.8,9,1/1/2021,0.5,12,10,1,6,0.015,FALSE,150,200,730,286,rq2_lmic_dur_R,same_doses
LMIC,1000000,Present,3,Oxford-AstraZeneca,0.8,9,1/1/2021,0.5,12,10,1,6,0.01,FALSE,250,365,730,287,rq2_lmic_dur_R,same_doses
LMIC,1000000,Present,3,Oxford-AstraZeneca,0.8,9,1/1/2021,0.5,12,10,1,6,0.01,FALSE,150,200,730,288,rq2_lmic_dur_R,same_doses
LMIC,1000000,Present,3,Oxford-AstraZeneca,0.8,9,1/1/2021,0.5,13,10,1,6,0.015,FALSE,250,365,730,289,rq2_lmic_dur_R,same_doses
LMIC,1000000,Present,3,Oxford-AstraZeneca,0.8,9,1/1/2021,0.5,13,10,1,6,0.015,FALSE,150,200,730,290,rq2_lmic_dur_R,same_doses
LMIC,1000000,Present,3,Oxford-AstraZeneca,0.8,9,1/1/2021,0.5,13,10,1,6,0.01,FALSE,250,365,730,291,rq2_lmic_dur_R,same_doses
LMIC,1000000,Present,3,Oxford-AstraZeneca,0.8,9,1/1/2021,0.5,13,10,1,6,0.01,FALSE,150,200,730,292,rq2_lmic_dur_R,same_doses
LMIC,1000000,Present,3,Oxford-AstraZeneca,0.8,9,1/1/2021,0.5,14,10,1,6,0.015,FALSE,250,365,730,293,rq2_lmic_dur_R,same_doses
LMIC,1000000,Present,3,Oxford-AstraZeneca,0.8,9,1/1/2021,0.5,14,10,1,6,0.015,FALSE,150,200,730,294,rq2_lmic_dur_R,same_doses
LMIC,1000000,Present,3,Oxford-AstraZeneca,0.8,9,1/1/2021,0.5,14,10,1,6,0.01,FALSE,250,365,730,295,rq2_lmic_dur_R,same_doses
LMIC,1000000,Present,3,Oxford-AstraZeneca,0.8,9,1/1/2021,0.5,14,10,1,6,0.01,FALSE,150,200,730,296,rq2_lmic_dur_R,same_doses
LMIC,1000000,Present,3,Oxford-AstraZeneca,0.8,9,1/1/2021,0.5,15,10,1,6,0.015,FALSE,250,365,730,297,rq2_lmic_dur_R,same_doses
LMIC,1000000,Present,3,Oxford-AstraZeneca,0.8,9,1/1/2021,0.5,15,10,1,6,0.015,FALSE,150,200,730,298,rq2_lmic_dur_R,same_doses
LMIC,1000000,Present,3,Oxford-AstraZeneca,0.8,9,1/1/2021,0.5,15,10,1,6,0.01,FALSE,250,365,730,299,rq2_lmic_dur_R,same_doses
LMIC,1000000,Present,3,Oxford-AstraZeneca,0.8,9,1/1/2021,0.5,15,10,1,6,0.01,FALSE,150,200,730,300,rq2_lmic_dur_R,same_doses
LMIC,1000000,Present,3,Oxford-AstraZeneca,0.8,9,1/1/2021,0.5,16,10,1,6,0.015,FALSE,250,365,730,301,rq2_lmic_dur_R,same_doses
LMIC,1000000,Present,3,Oxford-AstraZeneca,0.8,9,1/1/2021,0.5,16,10,1,6,0.015,FALSE,150,200,730,302,rq2_lmic_dur_R,same_doses
LMIC,1000000,Present,3,Oxford-AstraZeneca,0.8,9,1/1/2021,0.5,16,10,1,6,0.01,FALSE,250,365,730,303,rq2_lmic_dur_R,same_doses
LMIC,1000000,Present,3,Oxford-AstraZeneca,0.8,9,1/1/2021,0.5,16,10,1,6,0.01,FALSE,150,200,730,304,rq2_lmic_dur_R,same_doses
LMIC,1000000,Present,3,Oxford-AstraZeneca,0.8,9,1/1/2021,0.5,17,10,1,6,0.015,FALSE,250,365,730,305,rq2_lmic_dur_R,same_doses
LMIC,1000000,Present,3,Oxford-AstraZeneca,0.8,9,1/1/2021,0.5,17,10,1,6,0.015,FALSE,150,200,730,306,rq2_lmic_dur_R,same_doses
LMIC,1000000,Present,3,Oxford-AstraZeneca,0.8,9,1/1/2021,0.5,17,10,1,6,0.01,FALSE,250,365,730,307,rq2_lmic_dur_R,same_doses
LMIC,1000000,Present,3,Oxford-AstraZeneca,0.8,9,1/1/2021,0.5,17,10,1,6,0.01,FALSE,150,200,730,308,rq2_lmic_dur_R,same_doses
LMIC,1000000,Present,3,Oxford-AstraZeneca,0.8,9,1/1/2021,0.5,18,10,1,6,0.015,FALSE,250,365,730,309,rq2_lmic_dur_R,same_doses
LMIC,1000000,Present,3,Oxford-AstraZeneca,0.8,9,1/1/2021,0.5,18,10,1,6,0.015,FALSE,150,200,730,310,rq2_lmic_dur_R,same_doses
LMIC,1000000,Present,3,Oxford-AstraZeneca,0.8,9,1/1/2021,0.5,18,10,1,6,0.01,FALSE,250,365,730,311,rq2_lmic_dur_R,same_doses
LMIC,1000000,Present,3,Oxford-AstraZeneca,0.8,9,1/1/2021,0.5,18,10,1,6,0.01,FALSE,150,200,730,312,rq2_lmic_dur_R,same_doses
LMIC,1000000,Present,3,Oxford-AstraZeneca,0.8,9,1/1/2021,0.5,19,10,1,6,0.015,FALSE,250,365,730,313,rq2_lmic_dur_R,same_doses
LMIC,1000000,Present,3,Oxford-AstraZeneca,0.8,9,1/1/2021,0.5,19,10,1,6,0.015,FALSE,150,200,730,314,rq2_lmic_dur_R,same_doses
LMIC,1000000,Present,3,Oxford-AstraZeneca,0.8,9,1/1/2021,0.5,19,10,1,6,0.01,FALSE,250,365,730,315,rq2_lmic_dur_R,same_doses
LMIC,1000000,Present,3,Oxford-AstraZeneca,0.8,9,1/1/2021,0.5,19,10,1,6,0.01,FALSE,150,200,730,316,rq2_lmic_dur_R,same_doses
LMIC,1000000,Present,3,Oxford-AstraZeneca,0.8,9,1/1/2021,0.5,20,10,1,6,0.015,FALSE,250,365,730,317,rq2_lmic_dur_R,same_doses
LMIC,1000000,Present,3,Oxford-AstraZeneca,0.8,9,1/1/2021,0.5,20,10,1,6,0.015,FALSE,150,200,730,318,rq2_lmic_dur_R,same_doses
LMIC,1000000,Present,3,Oxford-AstraZeneca,0.8,9,1/1/2021,0.5,20,10,1,6,0.01,FALSE,250,365,730,319,rq2_lmic_dur_R,same_doses
LMIC,1000000,Present,3,Oxford-AstraZeneca,0.8,9,1/1/2021,0.5,20,10,1,6,0.01,FALSE,150,200,730,320,rq2_lmic_dur_R,same_doses
