income_group,target_pop,hs_constraints,vaccine_doses,vaccine,max_coverage,age_groups_covered,age_groups_covered_d3,vacc_start,dt,repetition,seeding_cases,variant_fold_reduction,dose_3_fold_increase,vacc_per_week,ab_model_infection,period_s,t_period_l,t_d3,mu_ab_infection,R0_t3_in,scenario,name,strategy
HIC,1000000,Absent,2,Pfizer,0.9,15,5,1/1/2021,0.5,1,10,1,6,0.05,TRUE,250,365,180,1,8/1/2021,1,rq3_hic_abmodel_zerocovid,realistic
HIC,1000000,Absent,2,Pfizer,0.9,15,5,1/1/2021,0.5,1,10,1,6,0.05,TRUE,250,365,180,1,10/1/2021,2,rq3_hic_abmodel_zerocovid,realistic
HIC,1000000,Absent,2,Pfizer,0.9,15,5,1/1/2021,0.5,1,10,1,6,0.05,TRUE,250,365,180,1,2/1/2022,3,rq3_hic_abmodel_zerocovid,realistic
HIC,1000000,Absent,2,Pfizer,0.9,15,5,1/1/2021,0.5,2,10,1,6,0.05,TRUE,250,365,180,1,8/1/2021,4,rq3_hic_abmodel_zerocovid,realistic
HIC,1000000,Absent,2,Pfizer,0.9,15,5,1/1/2021,0.5,2,10,1,6,0.05,TRUE,250,365,180,1,10/1/2021,5,rq3_hic_abmodel_zerocovid,realistic
HIC,1000000,Absent,2,Pfizer,0.9,15,5,1/1/2021,0.5,2,10,1,6,0.05,TRUE,250,365,180,1,2/1/2022,6,rq3_hic_abmodel_zerocovid,realistic
HIC,1000000,Absent,2,Pfizer,0.9,15,5,1/1/2021,0.5,3,10,1,6,0.05,TRUE,250,365,180,1,8/1/2021,7,rq3_hic_abmodel_zerocovid,realistic
HIC,1000000,Absent,2,Pfizer,0.9,15,5,1/1/2021,0.5,3,10,1,6,0.05,TRUE,250,365,180,1,10/1/2021,8,rq3_hic_abmodel_zerocovid,realistic
HIC,1000000,Absent,2,Pfizer,0.9,15,5,1/1/2021,0.5,3,10,1,6,0.05,TRUE,250,365,180,1,2/1/2022,9,rq3_hic_abmodel_zerocovid,realistic
HIC,1000000,Absent,2,Pfizer,0.9,15,5,1/1/2021,0.5,4,10,1,6,0.05,TRUE,250,365,180,1,8/1/2021,10,rq3_hic_abmodel_zerocovid,realistic
HIC,1000000,Absent,2,Pfizer,0.9,15,5,1/1/2021,0.5,4,10,1,6,0.05,TRUE,250,365,180,1,10/1/2021,11,rq3_hic_abmodel_zerocovid,realistic
HIC,1000000,Absent,2,Pfizer,0.9,15,5,1/1/2021,0.5,4,10,1,6,0.05,TRUE,250,365,180,1,2/1/2022,12,rq3_hic_abmodel_zerocovid,realistic
HIC,1000000,Absent,2,Pfizer,0.9,15,5,1/1/2021,0.5,5,10,1,6,0.05,TRUE,250,365,180,1,8/1/2021,13,rq3_hic_abmodel_zerocovid,realistic
HIC,1000000,Absent,2,Pfizer,0.9,15,5,1/1/2021,0.5,5,10,1,6,0.05,TRUE,250,365,180,1,10/1/2021,14,rq3_hic_abmodel_zerocovid,realistic
HIC,1000000,Absent,2,Pfizer,0.9,15,5,1/1/2021,0.5,5,10,1,6,0.05,TRUE,250,365,180,1,2/1/2022,15,rq3_hic_abmodel_zerocovid,realistic
HIC,1000000,Absent,2,Pfizer,0.9,15,5,1/1/2021,0.5,6,10,1,6,0.05,TRUE,250,365,180,1,8/1/2021,16,rq3_hic_abmodel_zerocovid,realistic
HIC,1000000,Absent,2,Pfizer,0.9,15,5,1/1/2021,0.5,6,10,1,6,0.05,TRUE,250,365,180,1,10/1/2021,17,rq3_hic_abmodel_zerocovid,realistic
HIC,1000000,Absent,2,Pfizer,0.9,15,5,1/1/2021,0.5,6,10,1,6,0.05,TRUE,250,365,180,1,2/1/2022,18,rq3_hic_abmodel_zerocovid,realistic
HIC,1000000,Absent,2,Pfizer,0.9,15,5,1/1/2021,0.5,7,10,1,6,0.05,TRUE,250,365,180,1,8/1/2021,19,rq3_hic_abmodel_zerocovid,realistic
HIC,1000000,Absent,2,Pfizer,0.9,15,5,1/1/2021,0.5,7,10,1,6,0.05,TRUE,250,365,180,1,10/1/2021,20,rq3_hic_abmodel_zerocovid,realistic
HIC,1000000,Absent,2,Pfizer,0.9,15,5,1/1/2021,0.5,7,10,1,6,0.05,TRUE,250,365,180,1,2/1/2022,21,rq3_hic_abmodel_zerocovid,realistic
HIC,1000000,Absent,2,Pfizer,0.9,15,5,1/1/2021,0.5,8,10,1,6,0.05,TRUE,250,365,180,1,8/1/2021,22,rq3_hic_abmodel_zerocovid,realistic
HIC,1000000,Absent,2,Pfizer,0.9,15,5,1/1/2021,0.5,8,10,1,6,0.05,TRUE,250,365,180,1,10/1/2021,23,rq3_hic_abmodel_zerocovid,realistic
HIC,1000000,Absent,2,Pfizer,0.9,15,5,1/1/2021,0.5,8,10,1,6,0.05,TRUE,250,365,180,1,2/1/2022,24,rq3_hic_abmodel_zerocovid,realistic
HIC,1000000,Absent,2,Pfizer,0.9,15,5,1/1/2021,0.5,9,10,1,6,0.05,TRUE,250,365,180,1,8/1/2021,25,rq3_hic_abmodel_zerocovid,realistic
HIC,1000000,Absent,2,Pfizer,0.9,15,5,1/1/2021,0.5,9,10,1,6,0.05,TRUE,250,365,180,1,10/1/2021,26,rq3_hic_abmodel_zerocovid,realistic
HIC,1000000,Absent,2,Pfizer,0.9,15,5,1/1/2021,0.5,9,10,1,6,0.05,TRUE,250,365,180,1,2/1/2022,27,rq3_hic_abmodel_zerocovid,realistic
HIC,1000000,Absent,2,Pfizer,0.9,15,5,1/1/2021,0.5,10,10,1,6,0.05,TRUE,250,365,180,1,8/1/2021,28,rq3_hic_abmodel_zerocovid,realistic
HIC,1000000,Absent,2,Pfizer,0.9,15,5,1/1/2021,0.5,10,10,1,6,0.05,TRUE,250,365,180,1,10/1/2021,29,rq3_hic_abmodel_zerocovid,realistic
HIC,1000000,Absent,2,Pfizer,0.9,15,5,1/1/2021,0.5,10,10,1,6,0.05,TRUE,250,365,180,1,2/1/2022,30,rq3_hic_abmodel_zerocovid,realistic
HIC,1000000,Absent,3,Pfizer,0.9,15,5,1/1/2021,0.5,1,10,1,6,0.05,TRUE,250,365,180,1,8/1/2021,31,rq3_hic_abmodel_zerocovid,realistic
HIC,1000000,Absent,3,Pfizer,0.9,15,5,1/1/2021,0.5,1,10,1,6,0.05,TRUE,250,365,180,1,10/1/2021,32,rq3_hic_abmodel_zerocovid,realistic
HIC,1000000,Absent,3,Pfizer,0.9,15,5,1/1/2021,0.5,1,10,1,6,0.05,TRUE,250,365,180,1,2/1/2022,33,rq3_hic_abmodel_zerocovid,realistic
HIC,1000000,Absent,3,Pfizer,0.9,15,5,1/1/2021,0.5,2,10,1,6,0.05,TRUE,250,365,180,1,8/1/2021,34,rq3_hic_abmodel_zerocovid,realistic
HIC,1000000,Absent,3,Pfizer,0.9,15,5,1/1/2021,0.5,2,10,1,6,0.05,TRUE,250,365,180,1,10/1/2021,35,rq3_hic_abmodel_zerocovid,realistic
HIC,1000000,Absent,3,Pfizer,0.9,15,5,1/1/2021,0.5,2,10,1,6,0.05,TRUE,250,365,180,1,2/1/2022,36,rq3_hic_abmodel_zerocovid,realistic
HIC,1000000,Absent,3,Pfizer,0.9,15,5,1/1/2021,0.5,3,10,1,6,0.05,TRUE,250,365,180,1,8/1/2021,37,rq3_hic_abmodel_zerocovid,realistic
HIC,1000000,Absent,3,Pfizer,0.9,15,5,1/1/2021,0.5,3,10,1,6,0.05,TRUE,250,365,180,1,10/1/2021,38,rq3_hic_abmodel_zerocovid,realistic
HIC,1000000,Absent,3,Pfizer,0.9,15,5,1/1/2021,0.5,3,10,1,6,0.05,TRUE,250,365,180,1,2/1/2022,39,rq3_hic_abmodel_zerocovid,realistic
HIC,1000000,Absent,3,Pfizer,0.9,15,5,1/1/2021,0.5,4,10,1,6,0.05,TRUE,250,365,180,1,8/1/2021,40,rq3_hic_abmodel_zerocovid,realistic
HIC,1000000,Absent,3,Pfizer,0.9,15,5,1/1/2021,0.5,4,10,1,6,0.05,TRUE,250,365,180,1,10/1/2021,41,rq3_hic_abmodel_zerocovid,realistic
HIC,1000000,Absent,3,Pfizer,0.9,15,5,1/1/2021,0.5,4,10,1,6,0.05,TRUE,250,365,180,1,2/1/2022,42,rq3_hic_abmodel_zerocovid,realistic
HIC,1000000,Absent,3,Pfizer,0.9,15,5,1/1/2021,0.5,5,10,1,6,0.05,TRUE,250,365,180,1,8/1/2021,43,rq3_hic_abmodel_zerocovid,realistic
HIC,1000000,Absent,3,Pfizer,0.9,15,5,1/1/2021,0.5,5,10,1,6,0.05,TRUE,250,365,180,1,10/1/2021,44,rq3_hic_abmodel_zerocovid,realistic
HIC,1000000,Absent,3,Pfizer,0.9,15,5,1/1/2021,0.5,5,10,1,6,0.05,TRUE,250,365,180,1,2/1/2022,45,rq3_hic_abmodel_zerocovid,realistic
HIC,1000000,Absent,3,Pfizer,0.9,15,5,1/1/2021,0.5,6,10,1,6,0.05,TRUE,250,365,180,1,8/1/2021,46,rq3_hic_abmodel_zerocovid,realistic
HIC,1000000,Absent,3,Pfizer,0.9,15,5,1/1/2021,0.5,6,10,1,6,0.05,TRUE,250,365,180,1,10/1/2021,47,rq3_hic_abmodel_zerocovid,realistic
HIC,1000000,Absent,3,Pfizer,0.9,15,5,1/1/2021,0.5,6,10,1,6,0.05,TRUE,250,365,180,1,2/1/2022,48,rq3_hic_abmodel_zerocovid,realistic
HIC,1000000,Absent,3,Pfizer,0.9,15,5,1/1/2021,0.5,7,10,1,6,0.05,TRUE,250,365,180,1,8/1/2021,49,rq3_hic_abmodel_zerocovid,realistic
HIC,1000000,Absent,3,Pfizer,0.9,15,5,1/1/2021,0.5,7,10,1,6,0.05,TRUE,250,365,180,1,10/1/2021,50,rq3_hic_abmodel_zerocovid,realistic
HIC,1000000,Absent,3,Pfizer,0.9,15,5,1/1/2021,0.5,7,10,1,6,0.05,TRUE,250,365,180,1,2/1/2022,51,rq3_hic_abmodel_zerocovid,realistic
HIC,1000000,Absent,3,Pfizer,0.9,15,5,1/1/2021,0.5,8,10,1,6,0.05,TRUE,250,365,180,1,8/1/2021,52,rq3_hic_abmodel_zerocovid,realistic
HIC,1000000,Absent,3,Pfizer,0.9,15,5,1/1/2021,0.5,8,10,1,6,0.05,TRUE,250,365,180,1,10/1/2021,53,rq3_hic_abmodel_zerocovid,realistic
HIC,1000000,Absent,3,Pfizer,0.9,15,5,1/1/2021,0.5,8,10,1,6,0.05,TRUE,250,365,180,1,2/1/2022,54,rq3_hic_abmodel_zerocovid,realistic
HIC,1000000,Absent,3,Pfizer,0.9,15,5,1/1/2021,0.5,9,10,1,6,0.05,TRUE,250,365,180,1,8/1/2021,55,rq3_hic_abmodel_zerocovid,realistic
HIC,1000000,Absent,3,Pfizer,0.9,15,5,1/1/2021,0.5,9,10,1,6,0.05,TRUE,250,365,180,1,10/1/2021,56,rq3_hic_abmodel_zerocovid,realistic
HIC,1000000,Absent,3,Pfizer,0.9,15,5,1/1/2021,0.5,9,10,1,6,0.05,TRUE,250,365,180,1,2/1/2022,57,rq3_hic_abmodel_zerocovid,realistic
HIC,1000000,Absent,3,Pfizer,0.9,15,5,1/1/2021,0.5,10,10,1,6,0.05,TRUE,250,365,180,1,8/1/2021,58,rq3_hic_abmodel_zerocovid,realistic
HIC,1000000,Absent,3,Pfizer,0.9,15,5,1/1/2021,0.5,10,10,1,6,0.05,TRUE,250,365,180,1,10/1/2021,59,rq3_hic_abmodel_zerocovid,realistic
HIC,1000000,Absent,3,Pfizer,0.9,15,5,1/1/2021,0.5,10,10,1,6,0.05,TRUE,250,365,180,1,2/1/2022,60,rq3_hic_abmodel_zerocovid,realistic
HIC,1000000,Absent,3,Pfizer,0.9,15,9,1/1/2021,0.5,1,10,1,6,0.05,TRUE,250,365,180,1,8/1/2021,61,rq3_hic_abmodel_zerocovid,realistic
HIC,1000000,Absent,3,Pfizer,0.9,15,9,1/1/2021,0.5,1,10,1,6,0.05,TRUE,250,365,180,1,10/1/2021,62,rq3_hic_abmodel_zerocovid,realistic
HIC,1000000,Absent,3,Pfizer,0.9,15,9,1/1/2021,0.5,1,10,1,6,0.05,TRUE,250,365,180,1,2/1/2022,63,rq3_hic_abmodel_zerocovid,realistic
HIC,1000000,Absent,3,Pfizer,0.9,15,9,1/1/2021,0.5,2,10,1,6,0.05,TRUE,250,365,180,1,8/1/2021,64,rq3_hic_abmodel_zerocovid,realistic
HIC,1000000,Absent,3,Pfizer,0.9,15,9,1/1/2021,0.5,2,10,1,6,0.05,TRUE,250,365,180,1,10/1/2021,65,rq3_hic_abmodel_zerocovid,realistic
HIC,1000000,Absent,3,Pfizer,0.9,15,9,1/1/2021,0.5,2,10,1,6,0.05,TRUE,250,365,180,1,2/1/2022,66,rq3_hic_abmodel_zerocovid,realistic
HIC,1000000,Absent,3,Pfizer,0.9,15,9,1/1/2021,0.5,3,10,1,6,0.05,TRUE,250,365,180,1,8/1/2021,67,rq3_hic_abmodel_zerocovid,realistic
HIC,1000000,Absent,3,Pfizer,0.9,15,9,1/1/2021,0.5,3,10,1,6,0.05,TRUE,250,365,180,1,10/1/2021,68,rq3_hic_abmodel_zerocovid,realistic
HIC,1000000,Absent,3,Pfizer,0.9,15,9,1/1/2021,0.5,3,10,1,6,0.05,TRUE,250,365,180,1,2/1/2022,69,rq3_hic_abmodel_zerocovid,realistic
HIC,1000000,Absent,3,Pfizer,0.9,15,9,1/1/2021,0.5,4,10,1,6,0.05,TRUE,250,365,180,1,8/1/2021,70,rq3_hic_abmodel_zerocovid,realistic
HIC,1000000,Absent,3,Pfizer,0.9,15,9,1/1/2021,0.5,4,10,1,6,0.05,TRUE,250,365,180,1,10/1/2021,71,rq3_hic_abmodel_zerocovid,realistic
HIC,1000000,Absent,3,Pfizer,0.9,15,9,1/1/2021,0.5,4,10,1,6,0.05,TRUE,250,365,180,1,2/1/2022,72,rq3_hic_abmodel_zerocovid,realistic
HIC,1000000,Absent,3,Pfizer,0.9,15,9,1/1/2021,0.5,5,10,1,6,0.05,TRUE,250,365,180,1,8/1/2021,73,rq3_hic_abmodel_zerocovid,realistic
HIC,1000000,Absent,3,Pfizer,0.9,15,9,1/1/2021,0.5,5,10,1,6,0.05,TRUE,250,365,180,1,10/1/2021,74,rq3_hic_abmodel_zerocovid,realistic
HIC,1000000,Absent,3,Pfizer,0.9,15,9,1/1/2021,0.5,5,10,1,6,0.05,TRUE,250,365,180,1,2/1/2022,75,rq3_hic_abmodel_zerocovid,realistic
HIC,1000000,Absent,3,Pfizer,0.9,15,9,1/1/2021,0.5,6,10,1,6,0.05,TRUE,250,365,180,1,8/1/2021,76,rq3_hic_abmodel_zerocovid,realistic
HIC,1000000,Absent,3,Pfizer,0.9,15,9,1/1/2021,0.5,6,10,1,6,0.05,TRUE,250,365,180,1,10/1/2021,77,rq3_hic_abmodel_zerocovid,realistic
HIC,1000000,Absent,3,Pfizer,0.9,15,9,1/1/2021,0.5,6,10,1,6,0.05,TRUE,250,365,180,1,2/1/2022,78,rq3_hic_abmodel_zerocovid,realistic
HIC,1000000,Absent,3,Pfizer,0.9,15,9,1/1/2021,0.5,7,10,1,6,0.05,TRUE,250,365,180,1,8/1/2021,79,rq3_hic_abmodel_zerocovid,realistic
HIC,1000000,Absent,3,Pfizer,0.9,15,9,1/1/2021,0.5,7,10,1,6,0.05,TRUE,250,365,180,1,10/1/2021,80,rq3_hic_abmodel_zerocovid,realistic
HIC,1000000,Absent,3,Pfizer,0.9,15,9,1/1/2021,0.5,7,10,1,6,0.05,TRUE,250,365,180,1,2/1/2022,81,rq3_hic_abmodel_zerocovid,realistic
HIC,1000000,Absent,3,Pfizer,0.9,15,9,1/1/2021,0.5,8,10,1,6,0.05,TRUE,250,365,180,1,8/1/2021,82,rq3_hic_abmodel_zerocovid,realistic
HIC,1000000,Absent,3,Pfizer,0.9,15,9,1/1/2021,0.5,8,10,1,6,0.05,TRUE,250,365,180,1,10/1/2021,83,rq3_hic_abmodel_zerocovid,realistic
HIC,1000000,Absent,3,Pfizer,0.9,15,9,1/1/2021,0.5,8,10,1,6,0.05,TRUE,250,365,180,1,2/1/2022,84,rq3_hic_abmodel_zerocovid,realistic
HIC,1000000,Absent,3,Pfizer,0.9,15,9,1/1/2021,0.5,9,10,1,6,0.05,TRUE,250,365,180,1,8/1/2021,85,rq3_hic_abmodel_zerocovid,realistic
HIC,1000000,Absent,3,Pfizer,0.9,15,9,1/1/2021,0.5,9,10,1,6,0.05,TRUE,250,365,180,1,10/1/2021,86,rq3_hic_abmodel_zerocovid,realistic
HIC,1000000,Absent,3,Pfizer,0.9,15,9,1/1/2021,0.5,9,10,1,6,0.05,TRUE,250,365,180,1,2/1/2022,87,rq3_hic_abmodel_zerocovid,realistic
HIC,1000000,Absent,3,Pfizer,0.9,15,9,1/1/2021,0.5,10,10,1,6,0.05,TRUE,250,365,180,1,8/1/2021,88,rq3_hic_abmodel_zerocovid,realistic
HIC,1000000,Absent,3,Pfizer,0.9,15,9,1/1/2021,0.5,10,10,1,6,0.05,TRUE,250,365,180,1,10/1/2021,89,rq3_hic_abmodel_zerocovid,realistic
HIC,1000000,Absent,3,Pfizer,0.9,15,9,1/1/2021,0.5,10,10,1,6,0.05,TRUE,250,365,180,1,2/1/2022,90,rq3_hic_abmodel_zerocovid,realistic
HIC,1000000,Absent,3,Pfizer,0.9,15,13,1/1/2021,0.5,1,10,1,6,0.05,TRUE,250,365,180,1,8/1/2021,91,rq3_hic_abmodel_zerocovid,realistic
HIC,1000000,Absent,3,Pfizer,0.9,15,13,1/1/2021,0.5,1,10,1,6,0.05,TRUE,250,365,180,1,10/1/2021,92,rq3_hic_abmodel_zerocovid,realistic
HIC,1000000,Absent,3,Pfizer,0.9,15,13,1/1/2021,0.5,1,10,1,6,0.05,TRUE,250,365,180,1,2/1/2022,93,rq3_hic_abmodel_zerocovid,realistic
HIC,1000000,Absent,3,Pfizer,0.9,15,13,1/1/2021,0.5,2,10,1,6,0.05,TRUE,250,365,180,1,8/1/2021,94,rq3_hic_abmodel_zerocovid,realistic
HIC,1000000,Absent,3,Pfizer,0.9,15,13,1/1/2021,0.5,2,10,1,6,0.05,TRUE,250,365,180,1,10/1/2021,95,rq3_hic_abmodel_zerocovid,realistic
HIC,1000000,Absent,3,Pfizer,0.9,15,13,1/1/2021,0.5,2,10,1,6,0.05,TRUE,250,365,180,1,2/1/2022,96,rq3_hic_abmodel_zerocovid,realistic
HIC,1000000,Absent,3,Pfizer,0.9,15,13,1/1/2021,0.5,3,10,1,6,0.05,TRUE,250,365,180,1,8/1/2021,97,rq3_hic_abmodel_zerocovid,realistic
HIC,1000000,Absent,3,Pfizer,0.9,15,13,1/1/2021,0.5,3,10,1,6,0.05,TRUE,250,365,180,1,10/1/2021,98,rq3_hic_abmodel_zerocovid,realistic
HIC,1000000,Absent,3,Pfizer,0.9,15,13,1/1/2021,0.5,3,10,1,6,0.05,TRUE,250,365,180,1,2/1/2022,99,rq3_hic_abmodel_zerocovid,realistic
HIC,1000000,Absent,3,Pfizer,0.9,15,13,1/1/2021,0.5,4,10,1,6,0.05,TRUE,250,365,180,1,8/1/2021,100,rq3_hic_abmodel_zerocovid,realistic
HIC,1000000,Absent,3,Pfizer,0.9,15,13,1/1/2021,0.5,4,10,1,6,0.05,TRUE,250,365,180,1,10/1/2021,101,rq3_hic_abmodel_zerocovid,realistic
HIC,1000000,Absent,3,Pfizer,0.9,15,13,1/1/2021,0.5,4,10,1,6,0.05,TRUE,250,365,180,1,2/1/2022,102,rq3_hic_abmodel_zerocovid,realistic
HIC,1000000,Absent,3,Pfizer,0.9,15,13,1/1/2021,0.5,5,10,1,6,0.05,TRUE,250,365,180,1,8/1/2021,103,rq3_hic_abmodel_zerocovid,realistic
HIC,1000000,Absent,3,Pfizer,0.9,15,13,1/1/2021,0.5,5,10,1,6,0.05,TRUE,250,365,180,1,10/1/2021,104,rq3_hic_abmodel_zerocovid,realistic
HIC,1000000,Absent,3,Pfizer,0.9,15,13,1/1/2021,0.5,5,10,1,6,0.05,TRUE,250,365,180,1,2/1/2022,105,rq3_hic_abmodel_zerocovid,realistic
HIC,1000000,Absent,3,Pfizer,0.9,15,13,1/1/2021,0.5,6,10,1,6,0.05,TRUE,250,365,180,1,8/1/2021,106,rq3_hic_abmodel_zerocovid,realistic
HIC,1000000,Absent,3,Pfizer,0.9,15,13,1/1/2021,0.5,6,10,1,6,0.05,TRUE,250,365,180,1,10/1/2021,107,rq3_hic_abmodel_zerocovid,realistic
HIC,1000000,Absent,3,Pfizer,0.9,15,13,1/1/2021,0.5,6,10,1,6,0.05,TRUE,250,365,180,1,2/1/2022,108,rq3_hic_abmodel_zerocovid,realistic
HIC,1000000,Absent,3,Pfizer,0.9,15,13,1/1/2021,0.5,7,10,1,6,0.05,TRUE,250,365,180,1,8/1/2021,109,rq3_hic_abmodel_zerocovid,realistic
HIC,1000000,Absent,3,Pfizer,0.9,15,13,1/1/2021,0.5,7,10,1,6,0.05,TRUE,250,365,180,1,10/1/2021,110,rq3_hic_abmodel_zerocovid,realistic
HIC,1000000,Absent,3,Pfizer,0.9,15,13,1/1/2021,0.5,7,10,1,6,0.05,TRUE,250,365,180,1,2/1/2022,111,rq3_hic_abmodel_zerocovid,realistic
HIC,1000000,Absent,3,Pfizer,0.9,15,13,1/1/2021,0.5,8,10,1,6,0.05,TRUE,250,365,180,1,8/1/2021,112,rq3_hic_abmodel_zerocovid,realistic
HIC,1000000,Absent,3,Pfizer,0.9,15,13,1/1/2021,0.5,8,10,1,6,0.05,TRUE,250,365,180,1,10/1/2021,113,rq3_hic_abmodel_zerocovid,realistic
HIC,1000000,Absent,3,Pfizer,0.9,15,13,1/1/2021,0.5,8,10,1,6,0.05,TRUE,250,365,180,1,2/1/2022,114,rq3_hic_abmodel_zerocovid,realistic
HIC,1000000,Absent,3,Pfizer,0.9,15,13,1/1/2021,0.5,9,10,1,6,0.05,TRUE,250,365,180,1,8/1/2021,115,rq3_hic_abmodel_zerocovid,realistic
HIC,1000000,Absent,3,Pfizer,0.9,15,13,1/1/2021,0.5,9,10,1,6,0.05,TRUE,250,365,180,1,10/1/2021,116,rq3_hic_abmodel_zerocovid,realistic
HIC,1000000,Absent,3,Pfizer,0.9,15,13,1/1/2021,0.5,9,10,1,6,0.05,TRUE,250,365,180,1,2/1/2022,117,rq3_hic_abmodel_zerocovid,realistic
HIC,1000000,Absent,3,Pfizer,0.9,15,13,1/1/2021,0.5,10,10,1,6,0.05,TRUE,250,365,180,1,8/1/2021,118,rq3_hic_abmodel_zerocovid,realistic
HIC,1000000,Absent,3,Pfizer,0.9,15,13,1/1/2021,0.5,10,10,1,6,0.05,TRUE,250,365,180,1,10/1/2021,119,rq3_hic_abmodel_zerocovid,realistic
HIC,1000000,Absent,3,Pfizer,0.9,15,13,1/1/2021,0.5,10,10,1,6,0.05,TRUE,250,365,180,1,2/1/2022,120,rq3_hic_abmodel_zerocovid,realistic
HIC,1000000,Absent,3,Pfizer,0.9,15,15,1/1/2021,0.5,1,10,1,6,0.05,TRUE,250,365,180,1,8/1/2021,121,rq3_hic_abmodel_zerocovid,realistic
HIC,1000000,Absent,3,Pfizer,0.9,15,15,1/1/2021,0.5,1,10,1,6,0.05,TRUE,250,365,180,1,10/1/2021,122,rq3_hic_abmodel_zerocovid,realistic
HIC,1000000,Absent,3,Pfizer,0.9,15,15,1/1/2021,0.5,1,10,1,6,0.05,TRUE,250,365,180,1,2/1/2022,123,rq3_hic_abmodel_zerocovid,realistic
HIC,1000000,Absent,3,Pfizer,0.9,15,15,1/1/2021,0.5,2,10,1,6,0.05,TRUE,250,365,180,1,8/1/2021,124,rq3_hic_abmodel_zerocovid,realistic
HIC,1000000,Absent,3,Pfizer,0.9,15,15,1/1/2021,0.5,2,10,1,6,0.05,TRUE,250,365,180,1,10/1/2021,125,rq3_hic_abmodel_zerocovid,realistic
HIC,1000000,Absent,3,Pfizer,0.9,15,15,1/1/2021,0.5,2,10,1,6,0.05,TRUE,250,365,180,1,2/1/2022,126,rq3_hic_abmodel_zerocovid,realistic
HIC,1000000,Absent,3,Pfizer,0.9,15,15,1/1/2021,0.5,3,10,1,6,0.05,TRUE,250,365,180,1,8/1/2021,127,rq3_hic_abmodel_zerocovid,realistic
HIC,1000000,Absent,3,Pfizer,0.9,15,15,1/1/2021,0.5,3,10,1,6,0.05,TRUE,250,365,180,1,10/1/2021,128,rq3_hic_abmodel_zerocovid,realistic
HIC,1000000,Absent,3,Pfizer,0.9,15,15,1/1/2021,0.5,3,10,1,6,0.05,TRUE,250,365,180,1,2/1/2022,129,rq3_hic_abmodel_zerocovid,realistic
HIC,1000000,Absent,3,Pfizer,0.9,15,15,1/1/2021,0.5,4,10,1,6,0.05,TRUE,250,365,180,1,8/1/2021,130,rq3_hic_abmodel_zerocovid,realistic
HIC,1000000,Absent,3,Pfizer,0.9,15,15,1/1/2021,0.5,4,10,1,6,0.05,TRUE,250,365,180,1,10/1/2021,131,rq3_hic_abmodel_zerocovid,realistic
HIC,1000000,Absent,3,Pfizer,0.9,15,15,1/1/2021,0.5,4,10,1,6,0.05,TRUE,250,365,180,1,2/1/2022,132,rq3_hic_abmodel_zerocovid,realistic
HIC,1000000,Absent,3,Pfizer,0.9,15,15,1/1/2021,0.5,5,10,1,6,0.05,TRUE,250,365,180,1,8/1/2021,133,rq3_hic_abmodel_zerocovid,realistic
HIC,1000000,Absent,3,Pfizer,0.9,15,15,1/1/2021,0.5,5,10,1,6,0.05,TRUE,250,365,180,1,10/1/2021,134,rq3_hic_abmodel_zerocovid,realistic
HIC,1000000,Absent,3,Pfizer,0.9,15,15,1/1/2021,0.5,5,10,1,6,0.05,TRUE,250,365,180,1,2/1/2022,135,rq3_hic_abmodel_zerocovid,realistic
HIC,1000000,Absent,3,Pfizer,0.9,15,15,1/1/2021,0.5,6,10,1,6,0.05,TRUE,250,365,180,1,8/1/2021,136,rq3_hic_abmodel_zerocovid,realistic
HIC,1000000,Absent,3,Pfizer,0.9,15,15,1/1/2021,0.5,6,10,1,6,0.05,TRUE,250,365,180,1,10/1/2021,137,rq3_hic_abmodel_zerocovid,realistic
HIC,1000000,Absent,3,Pfizer,0.9,15,15,1/1/2021,0.5,6,10,1,6,0.05,TRUE,250,365,180,1,2/1/2022,138,rq3_hic_abmodel_zerocovid,realistic
HIC,1000000,Absent,3,Pfizer,0.9,15,15,1/1/2021,0.5,7,10,1,6,0.05,TRUE,250,365,180,1,8/1/2021,139,rq3_hic_abmodel_zerocovid,realistic
HIC,1000000,Absent,3,Pfizer,0.9,15,15,1/1/2021,0.5,7,10,1,6,0.05,TRUE,250,365,180,1,10/1/2021,140,rq3_hic_abmodel_zerocovid,realistic
HIC,1000000,Absent,3,Pfizer,0.9,15,15,1/1/2021,0.5,7,10,1,6,0.05,TRUE,250,365,180,1,2/1/2022,141,rq3_hic_abmodel_zerocovid,realistic
HIC,1000000,Absent,3,Pfizer,0.9,15,15,1/1/2021,0.5,8,10,1,6,0.05,TRUE,250,365,180,1,8/1/2021,142,rq3_hic_abmodel_zerocovid,realistic
HIC,1000000,Absent,3,Pfizer,0.9,15,15,1/1/2021,0.5,8,10,1,6,0.05,TRUE,250,365,180,1,10/1/2021,143,rq3_hic_abmodel_zerocovid,realistic
HIC,1000000,Absent,3,Pfizer,0.9,15,15,1/1/2021,0.5,8,10,1,6,0.05,TRUE,250,365,180,1,2/1/2022,144,rq3_hic_abmodel_zerocovid,realistic
HIC,1000000,Absent,3,Pfizer,0.9,15,15,1/1/2021,0.5,9,10,1,6,0.05,TRUE,250,365,180,1,8/1/2021,145,rq3_hic_abmodel_zerocovid,realistic
HIC,1000000,Absent,3,Pfizer,0.9,15,15,1/1/2021,0.5,9,10,1,6,0.05,TRUE,250,365,180,1,10/1/2021,146,rq3_hic_abmodel_zerocovid,realistic
HIC,1000000,Absent,3,Pfizer,0.9,15,15,1/1/2021,0.5,9,10,1,6,0.05,TRUE,250,365,180,1,2/1/2022,147,rq3_hic_abmodel_zerocovid,realistic
HIC,1000000,Absent,3,Pfizer,0.9,15,15,1/1/2021,0.5,10,10,1,6,0.05,TRUE,250,365,180,1,8/1/2021,148,rq3_hic_abmodel_zerocovid,realistic
HIC,1000000,Absent,3,Pfizer,0.9,15,15,1/1/2021,0.5,10,10,1,6,0.05,TRUE,250,365,180,1,10/1/2021,149,rq3_hic_abmodel_zerocovid,realistic
HIC,1000000,Absent,3,Pfizer,0.9,15,15,1/1/2021,0.5,10,10,1,6,0.05,TRUE,250,365,180,1,2/1/2022,150,rq3_hic_abmodel_zerocovid,realistic
